,attention_cost,exp_param,step_size,vm_param,pp_id,ll,AIC,agent_type
0,30.0,0.22541224319852135,0.0,5.300740406412936,5f360ff993a88f0023c90904,-49.175018,106.350036,sparse_max_continuous
