,attention_cost,exp_param,step_size,vm_param,pp_id,ll,AIC,agent_type
0,16.704562408471144,0.01467984615984613,0.4671469795348793,3.3294783930531935,5f35e94193a88f0023c905da,-100.068,208.136,sparse_max_continuous
