,exp_param,vm_param,pp_id,ll,AIC,agent_type
0,0.03348798975014042,5.234079805766637,5f35d78493a88f0023c8d69f,-70.131844,144.263688,null_model_2
