,attention_cost,exp_param,step_size,vm_param,pp_id,ll,AIC,agent_type
0,0.0,0.03424806350648134,0.13499456322948997,9.847708353336804,5f35d90b93a88f0023c8d8cf,-44.9417,95.8834,hill_climbing
