,exp_param,vm_param,pp_id,ll,AIC,agent_type
0,0.005527520419831956,1.5059761957658102,5f35d63393a88f0023c8d617,-119.475519,242.951038,lqr
