,attention_cost,exp_param,vm_param,pp_id,ll,AIC,agent_type
0,236.73877698055563,0.02864147611657145,2.3856500880937395,5f35d71a93a88f0023c8d66c,-91.1188,186.2376,sparse_lqr
