,attention_cost,exp_param,step_size,vm_param,pp_id,ll,AIC,agent_type
0,0.0,0.09203434677113122,1.0603235862930291,10.0,5f35db9193a88f0023c8e13f,-39.34018,84.68036,hill_climbing
