,exp_param,vm_param,pp_id,ll,AIC,agent_type
0,0.003360128722376633,0.5649217717923194,5f35dae093a88f0023c8de20,-137.7006,279.4012,lqr
