,attention_cost,exp_param,vm_param,pp_id,ll,AIC,agent_type
0,21.17416565774152,0.10419437650907572,1.8847982373152672,5f35d80893a88f0023c8d735,-87.298627,178.597254,sparse_lqr
