,attention_cost,exp_param,step_size,vm_param,pp_id,ll,AIC,agent_type
0,0.0,0.10726047840657357,0.0,1.436633684102315,5f35d80893a88f0023c8d735,-88.43157723687904,182.86315447375807,hill_climbing
