,attention_cost,exp_param,step_size,vm_param,pp_id,ll,AIC,agent_type
0,0.0,0.1642493056365813,0.13639737172076136,2.292536313874869,5f35d73d93a88f0023c8d679,-71.3323,148.6646,hill_climbing
