,attention_cost,exp_param,vm_param,pp_id,ll,AIC,agent_type
0,29.197873614949742,0.029508214984291074,1.8684883904566707,5f35d6aa93a88f0023c8d642,-109.038382,222.076764,sparse_lqr
