,exp_param,vm_param,pp_id,ll,AIC,agent_type
0,0.003944568178200726,1.802339508648264,5f35d65893a88f0023c8d625,-118.84215962532767,241.68431925065534,lqr
