,b,exp_param,n,vm_param,pp_id,ll,AIC,agent_type
0,10.899357685051115,0.022151283784511616,2.5693157490359253,6.656850454623758,5f35d65393a88f0023c8d623,-66.16232699083271,140.32465398166542,null_model_1
