,exp_param,vm_param,pp_id,ll,AIC,agent_type
0,0.02004189611011762,4.30266968374224,5f35d78293a88f0023c8d697,-79.7367,163.4734,null_model_2
