,b,exp_param,n,vm_param,pp_id,ll,AIC,agent_type
0,10.534399988210199,0.001,3.823450121616852,2.659483336443978,5f35e70693a88f0023c90462,-282.74947000000003,573.4989400000001,null_model_1
