,attention_cost,exp_param,vm_param,pp_id,ll,AIC,agent_type
0,87.94871054754219,0.023402176945353615,4.327093527760085,5f35d68993a88f0023c8d637,-89.2129689294519,182.4259378589038,sparse_lqr
