,attention_cost,exp_param,step_size,vm_param,pp_id,ll,AIC,agent_type
0,12.608382769979213,0.016383702369668737,0.2443189958777054,7.060804475595442,5f35d83093a88f0023c8d771,-73.3455,154.691,sparse_max_discrete
