,attention_cost,exp_param,step_size,vm_param,pp_id,ll,AIC,agent_type
0,5.623418290588863,0.06751652263800174,0.07460808738228081,8.84319858919368,5f35d73b93a88f0023c8d678,-51.195516601164876,110.39103320232975,sparse_max_continuous
