,attention_cost,exp_param,step_size,vm_param,pp_id,ll,AIC,agent_type
0,0.0,0.02140119011671304,0.0944685724669338,3.481853611668053,5f35df1293a88f0023c8f3db,-87.13346,180.26692,hill_climbing
