,attention_cost,exp_param,vm_param,pp_id,ll,AIC,agent_type
0,138.94735821484042,0.021052630754919484,3.3020180059872373,5f35d62693a88f0023c8d611,-88.237061,180.474122,sparse_lqr
