,attention_cost,exp_param,vm_param,pp_id,ll,AIC,agent_type
0,100.69914034939494,0.05326063349103927,6.051167805003662,5f35d90b93a88f0023c8d8cf,-61.555066,127.110132,sparse_lqr
