,exp_param,vm_param,pp_id,ll,AIC,agent_type
0,0.004509156084805153,2.334970463955223,5f35d76593a88f0023c8d688,-111.4674,226.9348,lqr
