,attention_cost,exp_param,step_size,vm_param,pp_id,ll,AIC,agent_type
0,20.482907194076393,0.001,0.0,1.7056393523074824,5f35dae093a88f0023c8de20,-127.145187,262.29037400000004,sparse_max_discrete
