,exp_param,vm_param,pp_id,ll,AIC,agent_type
0,0.05649401633339088,5.168067531147917,5f35d7d693a88f0023c8d6f7,-65.11403560927144,134.22807121854288,null_model_2
