,exp_param,vm_param,pp_id,ll,AIC,agent_type
0,0.014481634759657937,1.5004852845648387,5f35d73d93a88f0023c8d679,-109.4526,222.9052,lqr
