,attention_cost,exp_param,vm_param,pp_id,ll,AIC,agent_type
0,279.5916207590512,0.014937621402621417,2.3436208612142053,5f35d61893a88f0023c8d60c,-88.6553,181.3106,sparse_lqr
