,attention_cost,exp_param,step_size,vm_param,pp_id,ll,AIC,agent_type
0,0.0,0.08471139332726485,0.0,2.01267737080727,5f360ee993a88f0023c908e8,-88.674539,183.349078,hill_climbing
