,exp_param,vm_param,pp_id,ll,AIC,agent_type
0,0.003387275675614571,1.3188011692358126,5f35d64493a88f0023c8d61e,-126.8586,257.7172,lqr
