,attention_cost,exp_param,step_size,vm_param,pp_id,ll,AIC,agent_type
0,2.9449975667088935,0.010814605546800016,0.540040887964742,2.6884784790941376,5f35d9ad93a88f0023c8da5b,-97.62557,203.25114,sparse_max_continuous
