,attention_cost,exp_param,step_size,vm_param,pp_id,ll,AIC,agent_type
0,0.0,0.03922301246475164,0.0,3.344312975514137,5f3612ca93a88f0023c909a0,-83.7798,173.5596,hill_climbing
