,b,exp_param,n,vm_param,pp_id,ll,AIC,agent_type
0,1.0,0.001,1.0,10.0,5f35dafe93a88f0023c8de97,-66.66540690236748,141.33081380473496,null_model_1
