,attention_cost,exp_param,step_size,vm_param,pp_id,ll,AIC,agent_type
0,22.045544528742287,0.010564719076463787,0.14510837943754168,3.887088036292993,5f35db0c93a88f0023c8deda,-86.75561892676764,181.51123785353528,sparse_max_continuous
