,attention_cost,exp_param,step_size,vm_param,pp_id,ll,AIC,agent_type
0,0.0,0.011951017816828242,0.0,3.74248830636731,5f35d7f093a88f0023c8d716,-85.6001,177.2002,hill_climbing
