,exp_param,vm_param,pp_id,ll,AIC,agent_type
0,0.0022485752652068435,1.2340174420174554,5f35d90b93a88f0023c8d8cf,-132.8475,269.695,lqr
