,b,exp_param,n,vm_param,pp_id,ll,AIC,agent_type
0,30.03959405983252,0.006094844449110859,1.8039430355250503,1.2736767386720427,5f360f4693a88f0023c908ef,-116.75857549999998,241.51715099999996,null_model_1
