,exp_param,vm_param,pp_id,ll,AIC,agent_type
0,0.005422017023262539,0.7383564690032784,5f35e94193a88f0023c905da,-130.836563,265.673126,lqr
