,exp_param,vm_param,pp_id,ll,AIC,agent_type
0,0.01225658949353831,3.2951127017043835,5f35d72b93a88f0023c8d674,-90.973118,185.946236,null_model_2
