,exp_param,vm_param,pp_id,ll,AIC,agent_type
0,0.019574949071546416,1.9546313273116733,5f35d76793a88f0023c8d689,-99.6278,203.2556,lqr
