,attention_cost,exp_param,step_size,vm_param,pp_id,ll,AIC,agent_type
0,28.63386947273208,0.029213571062219657,0.18405840427449754,8.093342977228668,5f35d64293a88f0023c8d61c,-70.1397,148.2794,sparse_max_continuous
