,attention_cost,exp_param,vm_param,pp_id,ll,AIC,agent_type
0,246.18625261635245,0.02081099651508948,1.5836095907189107,5f35d67e93a88f0023c8d634,-104.4366,212.8732,sparse_lqr
