,exp_param,vm_param,pp_id,ll,AIC,agent_type
0,0.003986557033052608,0.2324091340891321,5f361f5693a88f0023c90f72,-138.380086,280.760172,lqr
