,attention_cost,exp_param,step_size,vm_param,pp_id,ll,AIC,agent_type
0,0.0,0.09396783627048437,0.0,2.565007287999092,5f35d5d093a88f0023c8d5f7,-80.76054863517561,167.52109727035122,hill_climbing
