,attention_cost,exp_param,step_size,vm_param,pp_id,ll,AIC,agent_type
0,24.502153819768317,0.001,0.0,3.848495738210737,5f35e70693a88f0023c90462,-191.370192,390.740384,sparse_max_discrete
