,attention_cost,exp_param,step_size,vm_param,pp_id,ll,AIC,agent_type
0,0.0,0.05055582084177949,0.0011631135839547668,4.925580657728482,5f35d7d693a88f0023c8d6f7,-65.18966,136.37932,hill_climbing
