,exp_param,vm_param,pp_id,ll,AIC,agent_type
0,0.030297248032298447,1.4800251663698583,5f35d60a93a88f0023c8d608,-104.019426,212.038852,lqr
