,attention_cost,exp_param,step_size,vm_param,pp_id,ll,AIC,agent_type
0,0.0,0.01614274250675886,0.3309429754587362,3.711719911777376,5f36121793a88f0023c9095f,-71.3383,148.6766,hill_climbing
