,b,exp_param,n,vm_param,pp_id,ll,AIC,agent_type
0,31.397084639950833,0.001,1.012688088681738,1.2814331037713858,5f35dae093a88f0023c8de20,-133.6987842,275.3975684,null_model_1
