,b,exp_param,n,vm_param,pp_id,ll,AIC,agent_type
0,22.370158123603595,0.002995148856043989,1.0086568814384695,5.14347967507412,5f35d72493a88f0023c8d66f,-104.68494447519461,217.36988895038922,null_model_1
