,attention_cost,exp_param,step_size,vm_param,pp_id,ll,AIC,agent_type
0,17.407869752793474,0.02393352770556374,0.002944004375166398,6.538418515957356,5f35d5ea93a88f0023c8d5fd,-66.8163,141.6326,sparse_max_continuous
