,attention_cost,exp_param,step_size,vm_param,pp_id,ll,AIC,agent_type
0,0.0,0.006726955472808088,0.8463539606206769,1.4385110037038484,5f35d62993a88f0023c8d613,-114.873735,235.74747,hill_climbing
