,attention_cost,exp_param,step_size,vm_param,pp_id,ll,AIC,agent_type
0,0.0,0.08525742307316016,0.40415095245072175,3.5252662368522647,5f35d6f793a88f0023c8d65f,-72.6724356872152,151.3448713744304,hill_climbing
