,attention_cost,exp_param,vm_param,pp_id,ll,AIC,agent_type
0,12.726207798597933,0.06977552487047466,7.758203991313004,5f35db9193a88f0023c8e13f,-52.53382,109.06764,sparse_lqr
