,b,exp_param,n,vm_param,pp_id,ll,AIC,agent_type
0,3.739805361183234,0.004589216855332756,4.948946814237349,2.028482196455789,5f35d62993a88f0023c8d613,-119.3004179,246.6008358,null_model_1
