,attention_cost,exp_param,step_size,vm_param,pp_id,ll,AIC,agent_type
0,0.0,0.0326245300424294,1.009844758216571,2.291512220476014,5f35d83993a88f0023c8d78b,-90.892,187.784,hill_climbing
