,exp_param,vm_param,pp_id,ll,AIC,agent_type
0,0.029374026110636452,0.49334574026898226,5f35d74293a88f0023c8d67c,-116.976787,237.953574,lqr
