,attention_cost,exp_param,vm_param,pp_id,ll,AIC,agent_type
0,61.47518701993716,0.02304579514977284,2.7801502700265424,5f35d94f93a88f0023c8d95c,-87.908164,179.816328,sparse_lqr
