,attention_cost,exp_param,step_size,vm_param,pp_id,ll,AIC,agent_type
0,17.38144834232498,0.04399073603188581,0.02541792653861924,5.285347673071089,5f35d6b193a88f0023c8d648,-65.5754765110016,139.1509530220032,sparse_max_discrete
