,b,exp_param,n,vm_param,pp_id,ll,AIC,agent_type
0,2.198761782100072,0.047255526996530364,3.787642794549866,1.780958845333942,5f35d5d093a88f0023c8d5f7,-82.33860160421254,172.67720320842508,null_model_1
