,exp_param,vm_param,pp_id,ll,AIC,agent_type
0,0.06389233541027585,4.397413664375494,5f35d82093a88f0023c8d751,-67.483003,138.966006,null_model_2
