,attention_cost,exp_param,step_size,vm_param,pp_id,ll,AIC,agent_type
0,0.0,0.028983851662413795,0.7233030754666807,3.770880969857542,5f36121793a88f0023c9095f,-71.84695601681113,149.69391203362227,hill_climbing
