,exp_param,vm_param,pp_id,ll,AIC,agent_type
0,0.06436784379924469,4.397078862586145,5f35d82093a88f0023c8d751,-67.483,138.966,null_model_2
