,exp_param,vm_param,pp_id,ll,AIC,agent_type
0,0.010374292147661831,1.9588038400374364,5f35db9193a88f0023c8e13f,-107.093811,218.187622,lqr
