,attention_cost,exp_param,step_size,vm_param,pp_id,ll,AIC,agent_type
0,28.867506650428563,0.06518700544315724,1.3733784602187091,1.8859013927785806,5f35e00093a88f0023c8f758,-85.751208,179.502416,sparse_max_discrete
