,exp_param,vm_param,pp_id,ll,AIC,agent_type
0,0.02724309683937072,1.0873740599080517,5f35d79293a88f0023c8d6a1,-112.0959,228.1918,lqr
