,attention_cost,exp_param,step_size,vm_param,pp_id,ll,AIC,agent_type
0,0.0,0.11589944960541539,0.0,2.323881625713972,5f35d5d093a88f0023c8d5f7,-81.891183,169.782366,hill_climbing
