,exp_param,vm_param,pp_id,ll,AIC,agent_type
0,0.015625601614359493,2.371770023296609,5f360eea93a88f0023c908e9,-96.71536960615263,197.43073921230527,lqr
