,attention_cost,exp_param,vm_param,pp_id,ll,AIC,agent_type
0,45.92019893115166,0.11853291048076535,2.382051866175048,5f35e00093a88f0023c8f758,-84.407657,172.815314,sparse_lqr
