,attention_cost,exp_param,vm_param,pp_id,ll,AIC,agent_type
0,68.09457855521369,0.04683404940713043,2.9666156468206695,5f35d7da93a88f0023c8d703,-80.063589,164.127178,sparse_lqr
