,attention_cost,exp_param,vm_param,pp_id,ll,AIC,agent_type
0,78.05530112701436,0.053269300389794765,9.97002657242343,5f35d77893a88f0023c8d691,-50.165097007041105,104.33019401408221,sparse_lqr
