,exp_param,vm_param,pp_id,ll,AIC,agent_type
0,0.00401316862845189,1.792768366333859,5f35d65893a88f0023c8d625,-118.84077,241.68154,lqr
