,exp_param,vm_param,pp_id,ll,AIC,agent_type
0,0.028912729211182188,1.09913913128319,5f36107b93a88f0023c9090e,-109.4856,222.9712,lqr
