,attention_cost,exp_param,step_size,vm_param,pp_id,ll,AIC,agent_type
0,8.506335408109635,0.2753596141754391,0.8271473605100588,1.8528923936855235,5f35d6f793a88f0023c8d65f,-70.6891,149.3782,sparse_max_discrete
