,attention_cost,exp_param,step_size,vm_param,pp_id,ll,AIC,agent_type
0,0.0,0.026021651181098754,0.0,9.260446276752932,5f35d76593a88f0023c8d688,-61.9405,129.881,hill_climbing
