,exp_param,vm_param,pp_id,ll,AIC,agent_type
0,0.006181582833503493,2.3531492595137427,5f35e93693a88f0023c905d9,-108.04927830720268,220.09855661440537,null_model_2
