,attention_cost,exp_param,step_size,vm_param,pp_id,ll,AIC,agent_type
0,0.0,0.018102091653473314,0.14433609127058206,3.2500342842980503,5f35d72b93a88f0023c8d674,-89.3660537913484,184.7321075826968,hill_climbing
