,attention_cost,exp_param,step_size,vm_param,pp_id,ll,AIC,agent_type
0,1.5332292138921377,0.04659527759394188,0.04208079295331457,8.831191454014782,5f35d73b93a88f0023c8d678,-53.786761,115.573522,sparse_max_discrete
