,b,exp_param,n,vm_param,pp_id,ll,AIC,agent_type
0,25.093299001090777,0.0068662404128587255,1.2293423976868785,2.0176580829530333,5f35e93693a88f0023c905d9,-117.749881839553,243.499763679106,null_model_1
