,attention_cost,exp_param,step_size,vm_param,pp_id,ll,AIC,agent_type
0,22.596617885531955,0.027349016899359993,0.12775617709608006,6.717128033708009,5f35d5ea93a88f0023c8d5fd,-67.586889,143.173778,sparse_max_continuous
