,attention_cost,exp_param,step_size,vm_param,pp_id,ll,AIC,agent_type
0,27.851943071035976,0.02645254423508829,0.6436384636656378,2.7959272983704087,5f35d8e393a88f0023c8d887,-83.350655,174.70131,sparse_max_discrete
