,attention_cost,exp_param,step_size,vm_param,pp_id,ll,AIC,agent_type
0,0.0,0.010628685159588848,0.36674499825594314,1.9607119947462992,5f35d6aa93a88f0023c8d642,-109.1867884418724,224.3735768837448,hill_climbing
