,exp_param,vm_param,pp_id,ll,AIC,agent_type
0,0.019269989066847616,7.501443149449675,5f35d65393a88f0023c8d623,-67.49902636974271,138.99805273948542,null_model_2
