,exp_param,vm_param,pp_id,ll,AIC,agent_type
0,0.030654472467626474,1.3621353245740797,5f35d77893a88f0023c8d690,-104.586121,213.172242,null_model_2
