,attention_cost,exp_param,step_size,vm_param,pp_id,ll,AIC,agent_type
0,0.0,0.06362545997038858,0.043901151605334754,4.674209784471554,5f35d7d693a88f0023c8d6f7,-65.1543,136.3086,hill_climbing
