,attention_cost,exp_param,vm_param,pp_id,ll,AIC,agent_type
0,169.8666722478169,0.001,4.346486265902703,5f35e70693a88f0023c90462,-213.47547895015418,430.95095790030837,sparse_lqr
