,exp_param,vm_param,pp_id,ll,AIC,agent_type
0,0.004080182363013165,0.2080014786327189,5f35e11793a88f0023c8fa8c,-138.1938,280.3876,lqr
