,attention_cost,exp_param,step_size,vm_param,pp_id,ll,AIC,agent_type
0,0.0,0.01358110103684377,0.42919647084281537,4.9832238138930265,5f35dc7593a88f0023c8e5d3,-79.44487820899192,164.88975641798385,hill_climbing
