,exp_param,vm_param,pp_id,ll,AIC,agent_type
0,0.006844125209428996,1.724587450782421,5f35d6ae93a88f0023c8d644,-114.09625,232.1925,lqr
