,b,exp_param,n,vm_param,pp_id,ll,AIC,agent_type
0,7.606650030855261,0.014687514264929515,2.8816937792215,4.707580747426472,5f35d90b93a88f0023c8d8cf,-72.4124468,152.8248936,null_model_1
