,attention_cost,exp_param,step_size,vm_param,pp_id,ll,AIC,agent_type
0,0.0,0.1142052192223538,0.005473421759898955,9.966549723335733,5f35d6ae93a88f0023c8d644,-23.998718,53.997436,hill_climbing
