,attention_cost,exp_param,step_size,vm_param,pp_id,ll,AIC,agent_type
0,0.0,0.08406779759338924,0.6525749428101242,3.116501997049639,5f362dee93a88f0023c91131,-68.926489,143.852978,hill_climbing
