,exp_param,vm_param,pp_id,ll,AIC,agent_type
0,0.07141038706481447,4.943649016600848,5f35da2c93a88f0023c8db97,-63.659397,131.318794,null_model_2
