,b,exp_param,n,vm_param,pp_id,ll,AIC,agent_type
0,4.078852062079237,0.008433424975836013,2.614350114803052,1.0646396309608275,5f360f4693a88f0023c908ef,-116.90660318987864,241.81320637975728,null_model_1
