,exp_param,vm_param,pp_id,ll,AIC,agent_type
0,0.05610558011651307,5.075903543225384,5f35d64493a88f0023c8d61e,-65.473984,134.947968,null_model_2
