,exp_param,vm_param,pp_id,ll,AIC,agent_type
0,0.004922913093529193,1.7891345706484973,5f35da2c93a88f0023c8db97,-115.689447,235.378894,lqr
