,attention_cost,exp_param,vm_param,pp_id,ll,AIC,agent_type
0,289.14540180230597,0.138290112495161,9.553116581135404,5f35d6ae93a88f0023c8d644,-24.748736,53.497472,sparse_lqr
