,attention_cost,exp_param,vm_param,pp_id,ll,AIC,agent_type
0,60.294463472799386,0.047861480414085944,1.8892694476772898,5f35d85593a88f0023c8d7c5,-89.7916,183.5832,sparse_lqr
