,b,exp_param,n,vm_param,pp_id,ll,AIC,agent_type
0,31.64167568132014,0.005018882682455037,1.4643155149484217,1.7232600805848075,5f35d6aa93a88f0023c8d642,-110.737964346849,229.475928693698,null_model_1
