,attention_cost,exp_param,step_size,vm_param,pp_id,ll,AIC,agent_type
0,0.0,0.07042686978551888,0.05263904232002531,9.97396067597721,5f35d72593a88f0023c8d671,-48.639184,103.278368,hill_climbing
