,exp_param,vm_param,pp_id,ll,AIC,agent_type
0,0.019720059090775066,5.2218605474762665,5f35d64293a88f0023c8d61c,-75.411753,154.823506,null_model_2
