,attention_cost,exp_param,step_size,vm_param,pp_id,ll,AIC,agent_type
0,15.614856972902388,0.14649178536870344,1.4085822976312528,3.052687531690083,5f35d74693a88f0023c8d67e,-67.772029,143.544058,sparse_max_discrete
