,attention_cost,exp_param,step_size,vm_param,pp_id,ll,AIC,agent_type
0,0.0,0.00881690388597504,0.11956678530975673,2.8970895169670876,5f35d86c93a88f0023c8d7e9,-100.480902,206.961804,hill_climbing
