,attention_cost,exp_param,step_size,vm_param,pp_id,ll,AIC,agent_type
0,19.29866081468859,0.0278503733655843,0.8026774428169732,2.9479404637135764,5f35d83993a88f0023c8d78b,-85.835547,179.671094,sparse_max_discrete
