,attention_cost,exp_param,step_size,vm_param,pp_id,ll,AIC,agent_type
0,0.0,0.10223497365002257,0.10560084369060857,2.1727758174101606,5f360eea93a88f0023c908e9,-82.9065565129078,171.8131130258156,hill_climbing
