,exp_param,vm_param,pp_id,ll,AIC,agent_type
0,0.011704300588275228,3.2645633763281054,5f35d72b93a88f0023c8d674,-90.994127,185.988254,null_model_2
