,attention_cost,exp_param,step_size,vm_param,pp_id,ll,AIC,agent_type
0,2.6546219066150165,0.014678679589375541,0.13073101443119667,2.724327448553016,5f35d65893a88f0023c8d625,-85.58137003713486,179.16274007426972,sparse_max_discrete
