,attention_cost,exp_param,step_size,vm_param,pp_id,ll,AIC,agent_type
0,2.695982965118231,0.06465852409725764,0.0068246781195151485,7.786108367347332,5f35db9193a88f0023c8e13f,-56.88601826453814,121.77203652907627,sparse_max_discrete
