,attention_cost,exp_param,vm_param,pp_id,ll,AIC,agent_type
0,179.1056986721376,0.019754341355942666,3.7913589560966754,5f3610a993a88f0023c90912,-79.1286,162.2572,sparse_lqr
