,exp_param,vm_param,pp_id,ll,AIC,agent_type
0,0.04694438046716606,0.7388491411318565,5f35dcae93a88f0023c8e7a3,-109.14661679903574,222.29323359807148,lqr
