,attention_cost,exp_param,step_size,vm_param,pp_id,ll,AIC,agent_type
0,2.807644769031796,0.2643285939348347,1.2274506922384083,1.7396213023580969,5f35d80893a88f0023c8d735,-79.738439,167.476878,sparse_max_discrete
