,attention_cost,exp_param,step_size,vm_param,pp_id,ll,AIC,agent_type
0,14.886246454162343,0.02063234862414181,0.015931434335128447,2.1353673826803843,5f35d94f93a88f0023c8d95c,-100.483423,208.966846,sparse_max_continuous
