,attention_cost,exp_param,vm_param,pp_id,ll,AIC,agent_type
0,268.89316002282635,0.02250356587098693,2.345189349448824,5f35d83993a88f0023c8d78b,-100.585999,205.171998,sparse_lqr
