,exp_param,vm_param,pp_id,ll,AIC,agent_type
0,0.02755268024713744,3.318035507570735,5f35df8793a88f0023c8f599,-83.091686,170.183372,null_model_2
