,exp_param,vm_param,pp_id,ll,AIC,agent_type
0,0.0039017450690075556,2.081647033457025,5f35d94f93a88f0023c8d95c,-115.35655345944699,234.71310691889397,lqr
