,exp_param,vm_param,pp_id,ll,AIC,agent_type
0,0.003135740082178396,5.632277342562391,5f35d72493a88f0023c8d66f,-92.8598,189.7196,null_model_2
