,attention_cost,exp_param,step_size,vm_param,pp_id,ll,AIC,agent_type
0,0.0,0.014357086859836716,0.0,2.625021412114409,5f35d81193a88f0023c8d742,-92.090038,190.180076,hill_climbing
