,b,exp_param,n,vm_param,pp_id,ll,AIC,agent_type
0,3.807330347405971,0.08727268139991035,2.4157255113323868,1.4973051043607444,5f361ea793a88f0023c90f71,-88.03848650519134,184.0769730103827,null_model_1
