,attention_cost,exp_param,step_size,vm_param,pp_id,ll,AIC,agent_type
0,0.0,0.06869680130408343,0.915864720556196,2.6810497050574456,5f35d74693a88f0023c8d67e,-78.70207591152351,163.40415182304702,hill_climbing
