,exp_param,vm_param,pp_id,ll,AIC,agent_type
0,0.0035951860423527444,0.6845970730696516,5f35d81193a88f0023c8d742,-136.1155,276.231,lqr
