,exp_param,vm_param,pp_id,ll,AIC,agent_type
0,0.013655497791049364,3.1317231437883386,5f35dc7593a88f0023c8e5d3,-91.55103576215964,187.10207152431929,null_model_2
