,attention_cost,exp_param,step_size,vm_param,pp_id,ll,AIC,agent_type
0,0.0,0.09974388198262836,0.4395692244797061,2.4255175288067643,5f35d6f793a88f0023c8d65f,-77.236301,160.472602,hill_climbing
