,attention_cost,exp_param,step_size,vm_param,pp_id,ll,AIC,agent_type
0,11.005760807057378,0.08647793747574278,0.07531965442848176,6.350209914879889,5f35d6b193a88f0023c8d648,-65.64333844488316,139.2866768897663,sparse_max_continuous
