,attention_cost,exp_param,vm_param,pp_id,ll,AIC,agent_type
0,51.258204709782994,0.007307645774598575,1.3309695611906658,5f360f4693a88f0023c908ef,-113.146864,230.293728,sparse_lqr
