,attention_cost,exp_param,step_size,vm_param,pp_id,ll,AIC,agent_type
0,29.063631830227067,0.005115290637719402,0.3394911624414008,1.4599611635540621,5f35e93693a88f0023c905d9,-107.563159,223.126318,sparse_max_continuous
