,attention_cost,exp_param,vm_param,pp_id,ll,AIC,agent_type
0,72.2970106774166,0.045752428415275014,8.089021406531655,5f35d93793a88f0023c8d930,-59.231056,122.462112,sparse_lqr
