,exp_param,vm_param,pp_id,ll,AIC,agent_type
0,0.026562949244986603,2.6496614733435453,5f35d61893a88f0023c8d60c,-89.183936,182.367872,null_model_2
