,attention_cost,exp_param,step_size,vm_param,pp_id,ll,AIC,agent_type
0,0.0,0.031216782973566306,0.02953508870184951,2.3246710819387504,5f35d61893a88f0023c8d60c,-88.18103687285776,182.36207374571552,hill_climbing
