,attention_cost,exp_param,step_size,vm_param,pp_id,ll,AIC,agent_type
0,0.0,0.20421358621536667,0.13265164482031916,2.834215382201074,5f35d73d93a88f0023c8d679,-71.523295,149.04659,hill_climbing
