,exp_param,vm_param,pp_id,ll,AIC,agent_type
0,0.0962270252987026,1.7097800919491124,5f35d80893a88f0023c8d735,-88.023674,180.047348,null_model_2
