,exp_param,vm_param,pp_id,ll,AIC,agent_type
0,0.07095212157550311,4.8634511093703185,5f35da2c93a88f0023c8db97,-63.6632,131.3264,null_model_2
