,attention_cost,exp_param,step_size,vm_param,pp_id,ll,AIC,agent_type
0,1.2338203349962362,0.0011408660203480307,0.07046624418746872,3.5738470111049745,5f360ea493a88f0023c908e6,-112.61426416646566,233.22852833293132,sparse_max_discrete
