,attention_cost,exp_param,step_size,vm_param,pp_id,ll,AIC,agent_type
0,0.0,0.036213127670838584,0.2707617344665934,5.386397097596376,5f36107b93a88f0023c9090e,-71.61013476697752,149.22026953395505,hill_climbing
