,attention_cost,exp_param,step_size,vm_param,pp_id,ll,AIC,agent_type
0,5.428178513579526,0.16521407265256166,1.3894429901123622,2.036296700358667,5f35d80893a88f0023c8d735,-80.7896,169.5792,sparse_max_discrete
