,attention_cost,exp_param,vm_param,pp_id,ll,AIC,agent_type
0,278.0901938010644,0.031429028980288695,2.6892968724023145,5f35d65893a88f0023c8d625,-87.40686904208206,178.81373808416413,sparse_lqr
