,attention_cost,exp_param,step_size,vm_param,pp_id,ll,AIC,agent_type
0,0.0,0.11234232051009292,0.37796666871561163,1.7576993886821046,5f35dcae93a88f0023c8e7a3,-87.076006,180.152012,hill_climbing
