,exp_param,vm_param,pp_id,ll,AIC,agent_type
0,0.0035367813277645886,1.3956896246035344,5f35df8793a88f0023c8f599,-125.599348,255.198696,lqr
