,attention_cost,exp_param,step_size,vm_param,pp_id,ll,AIC,agent_type
0,16.07148713546315,0.031058904715531545,0.1296749602952717,4.366011815690656,5f35d6af93a88f0023c8d646,-72.4414894955991,152.8829789911982,sparse_max_discrete
