,attention_cost,exp_param,step_size,vm_param,pp_id,ll,AIC,agent_type
0,0.0,0.02425506771009138,0.0,5.0900120600899905,5f35d78293a88f0023c8d697,-80.3019,166.6038,hill_climbing
