,exp_param,vm_param,pp_id,ll,AIC,agent_type
0,0.02601771471281544,1.6122770292584643,5f35e76793a88f0023c90491,-102.59183221538214,209.18366443076428,null_model_2
