,exp_param,vm_param,pp_id,ll,AIC,agent_type
0,0.0396065094260964,9.977332076238465,5f35d6bc93a88f0023c8d64b,-37.125144,78.250288,null_model_2
