,attention_cost,exp_param,step_size,vm_param,pp_id,ll,AIC,agent_type
0,0.0,0.06169657646818335,0.9371823718714096,1.636545173793168,5f35d84893a88f0023c8d7af,-96.9069310649349,199.8138621298698,hill_climbing
