,exp_param,vm_param,pp_id,ll,AIC,agent_type
0,0.003135740082178396,5.632277342562391,5f35d97e93a88f0023c8d9d4,-89.6046,183.2092,lqr
