,attention_cost,exp_param,step_size,vm_param,pp_id,ll,AIC,agent_type
0,29.489886545068885,0.0025232427863751228,0.05051279965582384,2.1425833008750086,5f35dae093a88f0023c8de20,-124.363123,256.726246,sparse_max_discrete
