,attention_cost,exp_param,step_size,vm_param,pp_id,ll,AIC,agent_type
0,0.0,0.09038508739829403,0.2679141685109618,9.777028307250017,5f35d76793a88f0023c8d689,-42.407511,90.815022,hill_climbing
