,attention_cost,exp_param,step_size,vm_param,pp_id,ll,AIC,agent_type
0,0.0,0.05126512583013717,0.08918416102502194,5.105014859260228,5f35d6b193a88f0023c8d648,-65.444481,136.888962,hill_climbing
