,attention_cost,exp_param,step_size,vm_param,pp_id,ll,AIC,agent_type
0,9.269619783285822,0.038387434665072245,0.10385006100180633,5.314089488062531,5f362fb593a88f0023c91191,-64.96015256131065,137.9203051226213,sparse_max_continuous
