,attention_cost,exp_param,step_size,vm_param,pp_id,ll,AIC,agent_type
0,8.805899198262688,0.01411658325436179,0.2563830843124915,3.007126220104012,5f35d6aa93a88f0023c8d642,-101.1896,210.3792,sparse_max_discrete
