,attention_cost,exp_param,step_size,vm_param,pp_id,ll,AIC,agent_type
0,1.7963141288360185,0.016486217181010013,0.15311733148769213,2.8160019882867706,5f35d9ad93a88f0023c8da5b,-97.032028,202.064056,sparse_max_continuous
