,exp_param,vm_param,pp_id,ll,AIC,agent_type
0,0.003608540165260943,1.3423959840764288,5f35df8793a88f0023c8f599,-125.6114,255.2228,lqr
