,attention_cost,exp_param,step_size,vm_param,pp_id,ll,AIC,agent_type
0,0.0,0.09738775548330991,1.2471837552533789,2.723954230479614,5f35d71c93a88f0023c8d66e,-76.18909298502132,158.37818597004264,hill_climbing
