,exp_param,vm_param,pp_id,ll,AIC,agent_type
0,0.013872371418785126,3.1747560711485345,5f35dc7593a88f0023c8e5d3,-91.554781,187.109562,null_model_2
