,attention_cost,exp_param,vm_param,pp_id,ll,AIC,agent_type
0,220.92388189259466,0.010677099633574105,3.288397757381433,5f35db0c93a88f0023c8deda,-92.3954,188.7908,sparse_lqr
