,attention_cost,exp_param,step_size,vm_param,pp_id,ll,AIC,agent_type
0,0.0,0.010663617310509774,0.007958368406438432,3.941674494250874,5f35d7f093a88f0023c8d716,-85.82259178461615,177.6451835692323,hill_climbing
