,exp_param,vm_param,pp_id,ll,AIC,agent_type
0,0.009410098903086635,2.351655099098661,5f35d65d93a88f0023c8d629,-102.1826,208.3652,null_model_2
