,attention_cost,exp_param,step_size,vm_param,pp_id,ll,AIC,agent_type
0,5.203790690870854,0.05736546930220629,0.1426414603323486,1.5551200110588725,5f35d77893a88f0023c8d690,-99.1267,206.2534,sparse_max_continuous
