,attention_cost,exp_param,step_size,vm_param,pp_id,ll,AIC,agent_type
0,0.0,0.11281535783387475,0.18271460456010447,1.5719550087006084,5f35d80893a88f0023c8d735,-86.305868,178.611736,hill_climbing
