,exp_param,vm_param,pp_id,ll,AIC,agent_type
0,0.025479143429120592,0.4828158635635349,5f35e37d93a88f0023c8ffdc,-117.916224,239.832448,lqr
