,exp_param,vm_param,pp_id,ll,AIC,agent_type
0,0.0016112646341385516,1.1543417780536835,5f3626b693a88f0023c91063,-136.43698182497826,276.8739636499565,lqr
