,attention_cost,exp_param,vm_param,pp_id,ll,AIC,agent_type
0,88.76908417247174,0.03789611827754195,3.3942971624170717,5f35e0a193a88f0023c8f986,-79.4258,162.8516,sparse_lqr
