,exp_param,vm_param,pp_id,ll,AIC,agent_type
0,0.004129808429020605,1.797013159574895,5f35d65893a88f0023c8d625,-118.8469,241.6938,lqr
