,attention_cost,exp_param,vm_param,pp_id,ll,AIC,agent_type
0,54.10975312439531,0.0062998337551045305,1.7070165064676013,5f35e93693a88f0023c905d9,-107.4036,218.8072,sparse_lqr
