,exp_param,vm_param,pp_id,ll,AIC,agent_type
0,0.05207974234120847,0.39185526888580235,5f35d80893a88f0023c8d735,-111.5586,227.1172,lqr
