,exp_param,vm_param,pp_id,ll,AIC,agent_type
0,0.006267359641915203,1.9303573669492902,5f35d7fa93a88f0023c8d725,-111.799292,227.598584,lqr
