,b,exp_param,n,vm_param,pp_id,ll,AIC,agent_type
0,14.87124205345458,0.006633308345403399,1.3594795942920745,1.7460111012420476,5f35e94193a88f0023c905da,-124.78365311150037,257.56730622300074,null_model_1
