,attention_cost,exp_param,vm_param,pp_id,ll,AIC,agent_type
0,249.81621724261274,0.03898003403004559,1.9892712471629481,5f35dab593a88f0023c8dda2,-96.2491,196.4982,sparse_lqr
