,attention_cost,exp_param,step_size,vm_param,pp_id,ll,AIC,agent_type
0,0.0,0.002768142644241239,0.868330192896134,3.4831069860866135,5f35dba493a88f0023c8e193,-109.058869,224.117738,hill_climbing
