,attention_cost,exp_param,step_size,vm_param,pp_id,ll,AIC,agent_type
0,3.3076006169520356,0.11190042608589383,0.0824232923543457,4.002878851131277,5f35da2c93a88f0023c8db97,-51.76545306720247,111.53090613440494,sparse_max_discrete
