,b,exp_param,n,vm_param,pp_id,ll,AIC,agent_type
0,29.043677767372493,0.014985558131117755,1.0867595927119962,2.7537289009917187,5f35d67e93a88f0023c8d634,-111.3636258,230.7272516,null_model_1
