,attention_cost,exp_param,step_size,vm_param,pp_id,ll,AIC,agent_type
0,0.0,0.05070092277637338,0.14304277970903195,2.417047946890658,5f35d7da93a88f0023c8d703,-86.308077,178.616154,hill_climbing
