,b,exp_param,n,vm_param,pp_id,ll,AIC,agent_type
0,4.5483855576936145,0.023578922947636284,3.5474307636789155,2.5042547116936262,5f35e09e93a88f0023c8f979,-87.35055700000001,182.70111400000002,null_model_1
