,exp_param,vm_param,pp_id,ll,AIC,agent_type
0,0.004027713141535707,1.4341834556878774,5f35d91293a88f0023c8d8e2,-125.1655,254.331,lqr
