,exp_param,vm_param,pp_id,ll,AIC,agent_type
0,0.029718957244275184,0.3976293802658293,5f35d74293a88f0023c8d67c,-116.992,237.984,lqr
