,exp_param,vm_param,pp_id,ll,AIC,agent_type
0,0.004836902192926145,2.211248024332879,5f35d76593a88f0023c8d688,-111.41452,226.82904,lqr
