,attention_cost,exp_param,vm_param,pp_id,ll,AIC,agent_type
0,63.229350740611615,0.04243360449692238,3.218287999702445,5f35d74693a88f0023c8d67e,-78.11129974537928,160.22259949075857,sparse_lqr
