,attention_cost,exp_param,step_size,vm_param,pp_id,ll,AIC,agent_type
0,3.697167426506361,0.08603699380083991,0.060594422187741415,6.914508365719186,5f35d72f93a88f0023c8d675,-51.78842992211176,111.57685984422352,sparse_max_discrete
