,attention_cost,exp_param,step_size,vm_param,pp_id,ll,AIC,agent_type
0,0.0,0.11302378716482218,0.44408009684408417,8.157402831631021,5f35d64493a88f0023c8d61e,-50.9545721532229,107.9091443064458,hill_climbing
