,attention_cost,exp_param,step_size,vm_param,pp_id,ll,AIC,agent_type
0,24.717001050549804,0.010159425806093508,0.23540104597540118,3.9889829125092513,5f35db0c93a88f0023c8deda,-88.4003,184.8006,sparse_max_continuous
