,exp_param,vm_param,pp_id,ll,AIC,agent_type
0,0.0557478711827659,7.535679565960114,5f35db9193a88f0023c8e13f,-56.7527,117.5054,null_model_2
