,exp_param,vm_param,pp_id,ll,AIC,agent_type
0,0.013973176640764556,3.187505635163932,5f35d81193a88f0023c8d742,-91.6419,187.2838,null_model_2
