,exp_param,vm_param,pp_id,ll,AIC,agent_type
0,0.003618797787205711,0.8362629144297606,5f35d6f793a88f0023c8d65f,-132.790483,269.580966,lqr
