,attention_cost,exp_param,vm_param,pp_id,ll,AIC,agent_type
0,81.63329330485752,0.12746166374607737,1.2257687121524152,5f35d7f393a88f0023c8d71a,-92.9988,189.9976,sparse_lqr
