,attention_cost,exp_param,vm_param,pp_id,ll,AIC,agent_type
0,29.85754686384796,0.0950861782148814,2.8445034502638755,5f35d74293a88f0023c8d67c,-76.8728,157.7456,sparse_lqr
