,attention_cost,exp_param,step_size,vm_param,pp_id,ll,AIC,agent_type
0,4.768991768825796,0.20722985825200055,1.1770975146829399,1.6452554772243377,5f35dcae93a88f0023c8e7a3,-81.19946763981883,170.39893527963767,sparse_max_discrete
