,attention_cost,exp_param,step_size,vm_param,pp_id,ll,AIC,agent_type
0,0.0,0.09749080456075301,0.0,2.5069298628809205,5f35d74293a88f0023c8d67c,-77.19348887375668,160.38697774751336,hill_climbing
