,b,exp_param,n,vm_param,pp_id,ll,AIC,agent_type
0,1.020172619918395,0.0042554370447582535,1.6995313350731238,6.778508843893775,5f35d7d393a88f0023c8d6f4,-71.4545907,150.9091814,null_model_1
