,attention_cost,exp_param,step_size,vm_param,pp_id,ll,AIC,agent_type
0,0.15745118977228634,0.009404315965800002,0.4405119016576307,4.102248756866071,5f35d68993a88f0023c8d637,-81.0398,170.0796,sparse_max_continuous
