,attention_cost,exp_param,step_size,vm_param,pp_id,ll,AIC,agent_type
0,1.3383090738859704,0.005537403713874496,0.020366478965933743,4.216983360031699,5f35d86c93a88f0023c8d7e9,-99.530878,207.061756,sparse_max_discrete
