,attention_cost,exp_param,vm_param,pp_id,ll,AIC,agent_type
0,296.09573219813296,0.04523181358657682,9.99066580470853,5f35d6ae93a88f0023c8d644,-26.688363,57.376726,sparse_lqr
