,exp_param,vm_param,pp_id,ll,AIC,agent_type
0,0.02330021921945385,3.300070335831667,5f35d5ea93a88f0023c8d5fd,-84.83591855691125,173.6718371138225,null_model_2
