,attention_cost,exp_param,step_size,vm_param,pp_id,ll,AIC,agent_type
0,19.199042104461846,0.009893031371454211,0.5187572788923034,7.864621800792172,5f35d65393a88f0023c8d623,-62.57571,133.15142,sparse_max_discrete
