,attention_cost,exp_param,step_size,vm_param,pp_id,ll,AIC,agent_type
0,11.198305924015996,0.04466315754925655,0.10388455923886236,4.731175570591902,5f35d90c93a88f0023c8d8d0,-64.87290003861723,137.74580007723446,sparse_max_continuous
