,exp_param,vm_param,pp_id,ll,AIC,agent_type
0,0.0021610952713774015,0.9162944281321483,5f35d77893a88f0023c8d690,-137.37820174383097,278.75640348766194,lqr
