,attention_cost,exp_param,vm_param,pp_id,ll,AIC,agent_type
0,275.8783159952541,0.027510008956456538,3.238298766482891,5f35d5ea93a88f0023c8d5fd,-83.71013,171.42026,sparse_lqr
