,exp_param,vm_param,pp_id,ll,AIC,agent_type
0,0.047214959110040575,2.955108464456525,5f35d63193a88f0023c8d616,-80.553,165.106,null_model_2
