,exp_param,vm_param,pp_id,ll,AIC,agent_type
0,0.027701423444556453,3.346777679100029,5f35df8793a88f0023c8f599,-83.09359,170.18718,null_model_2
