,exp_param,vm_param,pp_id,ll,AIC,agent_type
0,0.08134571631755033,5.23355702710338,5f35d97e93a88f0023c8d9d4,-61.0801,126.1602,null_model_2
