,attention_cost,exp_param,vm_param,pp_id,ll,AIC,agent_type
0,167.562653839518,0.02408204650007194,1.8318722317261449,5f35d67e93a88f0023c8d634,-104.015115,212.03023,sparse_lqr
