,attention_cost,exp_param,vm_param,pp_id,ll,AIC,agent_type
0,275.43679048289545,0.001,2.443420048934606,5f360ea493a88f0023c908e6,-118.8846,241.7692,sparse_lqr
