,exp_param,vm_param,pp_id,ll,AIC,agent_type
0,0.023892216191059384,5.190823222119895,5f36107b93a88f0023c9090e,-73.146664,150.293328,null_model_2
