,attention_cost,exp_param,vm_param,pp_id,ll,AIC,agent_type
0,78.2891604587716,0.03457695121812272,4.866751264543093,5f35d7d393a88f0023c8d6f4,-68.108125,140.21625,sparse_lqr
