,b,exp_param,n,vm_param,pp_id,ll,AIC,agent_type
0,4.147873901543203,0.012039394000601611,2.671566137860797,4.243245391821933,5f35d88193a88f0023c8d7ff,-81.95452672562364,171.90905345124727,null_model_1
