,attention_cost,exp_param,step_size,vm_param,pp_id,ll,AIC,agent_type
0,0.0,0.008977008558222626,0.6941667245226824,2.779452542539509,5f360f4693a88f0023c908ef,-104.83342515691243,215.66685031382485,hill_climbing
