,attention_cost,exp_param,vm_param,pp_id,ll,AIC,agent_type
0,91.99858864390563,0.05075348977244118,1.5914239104475825,5f35d77893a88f0023c8d690,-103.762009,211.524018,sparse_lqr
