,b,exp_param,n,vm_param,pp_id,ll,AIC,agent_type
0,1.4753304437368915,0.022889432936395972,2.7446199100612896,1.6882703720769088,5f35d84893a88f0023c8d7af,-99.43449488411812,206.86898976823625,null_model_1
