,attention_cost,exp_param,step_size,vm_param,pp_id,ll,AIC,agent_type
0,0.0,0.1377576443971909,0.10441101972646237,2.0459400452345666,5f360eea93a88f0023c908e9,-83.77,173.54,hill_climbing
