,attention_cost,exp_param,step_size,vm_param,pp_id,ll,AIC,agent_type
0,0.0,0.014161191645498165,0.7844848613444754,3.302621072738633,5f35d65d93a88f0023c8d629,-96.14250423178463,198.28500846356926,hill_climbing
