,attention_cost,exp_param,step_size,vm_param,pp_id,ll,AIC,agent_type
0,0.0,0.0025687434376430976,0.07851625078090796,9.934784355944783,5f35da4f93a88f0023c8dc28,-64.5425,135.085,hill_climbing
