,exp_param,vm_param,pp_id,ll,AIC,agent_type
0,0.02036182868898537,1.5779902825012715,5f35d67e93a88f0023c8d634,-105.34542864807923,214.69085729615847,null_model_2
