,b,exp_param,n,vm_param,pp_id,ll,AIC,agent_type
0,1.7498091027650118,0.05733624757188834,1.7865685011954482,8.993342250328814,5f35d76793a88f0023c8d689,-56.8900132,121.7800264,null_model_1
