,exp_param,vm_param,pp_id,ll,AIC,agent_type
0,0.10781943950590794,2.003985110136932,5f35d73d93a88f0023c8d679,-82.8455,169.691,null_model_2
