,attention_cost,exp_param,vm_param,pp_id,ll,AIC,agent_type
0,75.33406608422605,0.12810916892606086,5.969349989826108,5f35da2c93a88f0023c8db97,-59.3963,122.7926,sparse_lqr
