,attention_cost,exp_param,step_size,vm_param,pp_id,ll,AIC,agent_type
0,7.744484506056621,0.011661601553337682,0.20019828273173018,2.9505318136154814,5f35d83993a88f0023c8d78b,-97.026542,202.053084,sparse_max_continuous
