,exp_param,vm_param,pp_id,ll,AIC,agent_type
0,0.011672939863765795,1.2814328004750841,5f35d73993a88f0023c8d677,-114.9613,233.9226,lqr
