,exp_param,vm_param,pp_id,ll,AIC,agent_type
0,0.039895313014035386,5.956621521102033,5f362fb593a88f0023c91191,-65.316336,134.632672,null_model_2
