,attention_cost,exp_param,vm_param,pp_id,ll,AIC,agent_type
0,107.25173582752366,0.021269830969378102,7.179371918342966,5f35d83093a88f0023c8d771,-71.50138,147.00276,sparse_lqr
