,attention_cost,exp_param,step_size,vm_param,pp_id,ll,AIC,agent_type
0,1.9645541802264954,0.46510309788007337,0.4029281901434135,3.6175067063963717,5f35d74293a88f0023c8d67c,-58.4119,124.8238,sparse_max_discrete
