,attention_cost,exp_param,vm_param,pp_id,ll,AIC,agent_type
0,277.7217022826591,0.052357613901986094,3.1236393600653036,5f35d63193a88f0023c8d616,-80.6494,165.2988,sparse_lqr
