,attention_cost,exp_param,vm_param,pp_id,ll,AIC,agent_type
0,174.3397425793194,0.017273192356307237,7.6095552172013745,5f35df1293a88f0023c8f3db,-77.21300900264772,158.42601800529545,sparse_lqr
