,attention_cost,exp_param,step_size,vm_param,pp_id,ll,AIC,agent_type
0,9.651126475232717,0.002806384788857812,0.03882034020812869,6.46318868206473,5f35da4f93a88f0023c8dc28,-71.037496,150.074992,sparse_max_continuous
