,attention_cost,exp_param,vm_param,pp_id,ll,AIC,agent_type
0,6.225214041801596,0.1082108878881316,2.312243547758622,5f35d7da93a88f0023c8d703,-78.585282,161.170564,sparse_lqr
