,attention_cost,exp_param,step_size,vm_param,pp_id,ll,AIC,agent_type
0,0.0,0.005323138689551298,0.11941270620272548,1.7671529653690132,5f35d7a693a88f0023c8d6b2,-114.395501,234.791002,hill_climbing
