,attention_cost,exp_param,step_size,vm_param,pp_id,ll,AIC,agent_type
0,0.0,0.02523837707952841,0.03689100624016752,3.5231279704094094,5f35d8e393a88f0023c8d887,-85.7283,177.4566,hill_climbing
