,attention_cost,exp_param,vm_param,pp_id,ll,AIC,agent_type
0,38.03861940723906,0.04743695367868869,8.15335476229394,5f35d77893a88f0023c8d691,-49.622864,103.245728,sparse_lqr
