,attention_cost,exp_param,vm_param,pp_id,ll,AIC,agent_type
0,7.615337252559041,0.047830554383445904,2.6089500931219165,5f35d7da93a88f0023c8d703,-79.73962295713099,163.47924591426198,sparse_lqr
