,b,exp_param,n,vm_param,pp_id,ll,AIC,agent_type
0,8.071454611223356,0.015078201898250512,3.863782797849578,5.644983202408741,5f35d7fa93a88f0023c8d725,-72.90448280000001,153.80896560000002,null_model_1
