,exp_param,vm_param,pp_id,ll,AIC,agent_type
0,0.012477745586209673,0.3529174718254602,5f35d85593a88f0023c8d7c5,-126.0366,256.07320000000004,lqr
