,attention_cost,exp_param,vm_param,pp_id,ll,AIC,agent_type
0,97.81131781054508,0.031089855688695062,3.661609294967704,5f3626b693a88f0023c91063,-88.251695,180.50339,sparse_lqr
