,attention_cost,exp_param,step_size,vm_param,pp_id,ll,AIC,agent_type
0,16.575204973679064,0.03638175323066056,0.7267658771477596,3.249292904476282,5f35e93693a88f0023c905d9,-105.826857,219.653714,sparse_max_continuous
