,attention_cost,exp_param,vm_param,pp_id,ll,AIC,agent_type
0,269.91561970247966,0.05912441681950619,5.468114177061003,5f35d6b193a88f0023c8d648,-65.7297,135.4594,sparse_lqr
