,attention_cost,exp_param,vm_param,pp_id,ll,AIC,agent_type
0,134.45984138565393,0.041990574322152224,6.267361417231777,5f362fb593a88f0023c91191,-64.1222,132.2444,sparse_lqr
