,attention_cost,exp_param,step_size,vm_param,pp_id,ll,AIC,agent_type
0,0.0,0.02013585846396575,0.0755013495317372,1.8297620465852316,5f35d94f93a88f0023c8d95c,-101.793256,209.586512,hill_climbing
