,b,exp_param,n,vm_param,pp_id,ll,AIC,agent_type
0,2.228343762572014,0.009165082306676009,1.941971686129576,2.0118800415775207,5f35d6aa93a88f0023c8d642,-106.8158407,221.6316814,null_model_1
