,attention_cost,exp_param,vm_param,pp_id,ll,AIC,agent_type
0,106.89424440536553,0.027032283258837747,1.105733925470055,5f35d8b893a88f0023c8d833,-113.5557,231.1114,sparse_lqr
