,exp_param,vm_param,pp_id,ll,AIC,agent_type
0,0.006713237670819034,1.73159903241618,5f35d6ae93a88f0023c8d644,-114.0965,232.193,lqr
