,attention_cost,exp_param,step_size,vm_param,pp_id,ll,AIC,agent_type
0,0.0,0.10525040991295838,0.6013080098369336,5.0202442318922715,5f35d82093a88f0023c8d751,-62.66368781472055,131.3273756294411,hill_climbing
