,attention_cost,exp_param,step_size,vm_param,pp_id,ll,AIC,agent_type
0,0.0,0.024882582906004456,0.036430788845735085,3.6774539420651586,5f35d8e393a88f0023c8d887,-85.88404971482395,177.7680994296479,hill_climbing
