,exp_param,vm_param,pp_id,ll,AIC,agent_type
0,0.012644119730493723,3.3269652960220086,5f35d72b93a88f0023c8d674,-90.972243,185.944486,null_model_2
