,exp_param,vm_param,pp_id,ll,AIC,agent_type
0,0.003256472371467008,1.349928889898101,5f35d64493a88f0023c8d61e,-126.86087578758514,257.7217515751703,lqr
