,exp_param,vm_param,pp_id,ll,AIC,agent_type
0,0.04393130778697736,8.75902488097669,5f35d73b93a88f0023c8d678,-56.017394,116.034788,null_model_2
