,attention_cost,exp_param,step_size,vm_param,pp_id,ll,AIC,agent_type
0,2.1162613423109757,0.07439318770576321,0.022115686349920394,9.71820072977926,5f360f1993a88f0023c908ea,-66.0097,140.0194,sparse_max_discrete
