,attention_cost,exp_param,step_size,vm_param,pp_id,ll,AIC,agent_type
0,0.0,0.01797963771198925,0.5029579566542717,4.650859443702938,5f35dc9193a88f0023c8e6bd,-78.440694,162.881388,hill_climbing
