,attention_cost,exp_param,step_size,vm_param,pp_id,ll,AIC,agent_type
0,27.883733635243257,0.021241768171927227,0.06912811683547176,6.663260849573527,5f35d83093a88f0023c8d771,-72.3455,152.691,sparse_max_continuous
