,attention_cost,exp_param,vm_param,pp_id,ll,AIC,agent_type
0,87.66511790897638,0.008010745775840948,2.713566810886936,5f35e93693a88f0023c905d9,-106.7105438607112,217.4210877214224,sparse_lqr
