,attention_cost,exp_param,step_size,vm_param,pp_id,ll,AIC,agent_type
0,0.0,0.0030704425835592544,0.23602886012526908,9.117538398751604,5f35d72493a88f0023c8d66f,-80.6523,167.3046,hill_climbing
