,exp_param,vm_param,pp_id,ll,AIC,agent_type
0,0.01626524367425393,3.0775163851296106,5f3626b693a88f0023c91063,-90.3416350837054,184.6832701674108,null_model_2
