,attention_cost,exp_param,step_size,vm_param,pp_id,ll,AIC,agent_type
0,0.0,0.10191769027676191,0.6284438718424833,7.131661096130497,5f35d64493a88f0023c8d61e,-48.83404,103.66808,hill_climbing
