,attention_cost,exp_param,step_size,vm_param,pp_id,ll,AIC,agent_type
0,1.5394616354395818,0.06310587212664762,0.08862045217395881,9.959131600946257,5f35d73b93a88f0023c8d678,-50.32724975662059,108.65449951324118,sparse_max_discrete
