,attention_cost,exp_param,vm_param,pp_id,ll,AIC,agent_type
0,106.30344898216882,0.024868609873001834,3.2757243600980757,5f35d72b93a88f0023c8d674,-86.648939,177.297878,sparse_lqr
