,exp_param,vm_param,pp_id,ll,AIC,agent_type
0,0.025685443971007756,0.41926027798254273,5f35e37d93a88f0023c8ffdc,-117.9701,239.9402,lqr
