,attention_cost,exp_param,vm_param,pp_id,ll,AIC,agent_type
0,37.14119489059251,0.008779469576847963,3.2739105652326126,5f35e93693a88f0023c905d9,-108.208992,220.417984,sparse_lqr
