,attention_cost,exp_param,step_size,vm_param,pp_id,ll,AIC,agent_type
0,0.0,0.022944923827168826,0.07395383296450297,1.9924347964174893,5f35d94f93a88f0023c8d95c,-102.0419,210.0838,hill_climbing
