,attention_cost,exp_param,vm_param,pp_id,ll,AIC,agent_type
0,131.2770373824083,0.05222852668002103,2.7310828932395848,5f35d71c93a88f0023c8d66e,-81.3004,166.6008,sparse_lqr
