,attention_cost,exp_param,vm_param,pp_id,ll,AIC,agent_type
0,66.95584753023294,0.05722234450151208,3.5204570547674416,5f360f1993a88f0023c908ea,-70.93525555838414,145.87051111676828,sparse_lqr
