,exp_param,vm_param,pp_id,ll,AIC,agent_type
0,0.0325655300591876,5.224856418790416,5f35d78493a88f0023c8d69f,-70.1304,144.2608,null_model_2
