,b,exp_param,n,vm_param,pp_id,ll,AIC,agent_type
0,1.9741265581499838,0.027184775890841558,1.1132259520831784,2.462110676030459,5f360f1993a88f0023c908ea,-85.4902006,178.9804012,null_model_1
