,b,exp_param,n,vm_param,pp_id,ll,AIC,agent_type
0,3.977637001526624,0.025433590547277764,2.817645647162894,6.173555495121361,5f35d76793a88f0023c8d689,-58.42298000000001,124.84596000000002,null_model_1
