,exp_param,vm_param,pp_id,ll,AIC,agent_type
0,0.020122434971986677,4.01488664169622,5f35dafe93a88f0023c8de97,-80.702058,165.404116,lqr
