,attention_cost,exp_param,step_size,vm_param,pp_id,ll,AIC,agent_type
0,1.6670079775496338,0.04894542413444028,0.19355795128663644,9.204910010221072,5f35d72f93a88f0023c8d675,-51.548753,111.097506,sparse_max_discrete
