,attention_cost,exp_param,vm_param,pp_id,ll,AIC,agent_type
0,63.229350740611615,0.04243360449692238,3.218287999702445,5f35e0a193a88f0023c8f986,-79.66671463172409,163.33342926344818,sparse_lqr
