,exp_param,vm_param,pp_id,ll,AIC,agent_type
0,0.03046336382289367,3.819370583712711,5f35d73993a88f0023c8d677,-78.328,160.656,null_model_2
