,attention_cost,exp_param,step_size,vm_param,pp_id,ll,AIC,agent_type
0,0.0,0.06033023246665247,0.10998488694311193,7.223291147117542,5f362fb593a88f0023c91191,-59.231689,124.463378,hill_climbing
