,exp_param,vm_param,pp_id,ll,AIC,agent_type
0,0.027640789210290177,3.2625473974838135,5f35df8793a88f0023c8f599,-83.09408325852068,170.18816651704137,null_model_2
