,exp_param,vm_param,pp_id,ll,AIC,agent_type
0,0.002955241546469502,1.243676831088525,5f35d79b93a88f0023c8d6aa,-130.050006,264.100012,lqr
