,attention_cost,exp_param,step_size,vm_param,pp_id,ll,AIC,agent_type
0,0.0,0.10716455661289156,0.0028556637261923923,3.242996264189234,5f35d79293a88f0023c8d6a1,-70.920672,147.841344,hill_climbing
