,attention_cost,exp_param,step_size,vm_param,pp_id,ll,AIC,agent_type
0,0.0,0.09571607239985344,0.9051698874622496,3.0776395124834566,5f35d74693a88f0023c8d67e,-77.834354,161.668708,hill_climbing
