,attention_cost,exp_param,step_size,vm_param,pp_id,ll,AIC,agent_type
0,0.0,0.03328480241346253,0.0,3.1720043282054284,5f3612ca93a88f0023c909a0,-83.517375,173.03475,hill_climbing
