,attention_cost,exp_param,step_size,vm_param,pp_id,ll,AIC,agent_type
0,0.0,0.013183435399770274,0.0692147707712407,2.394094230022775,5f35d86c93a88f0023c8d7e9,-98.7137,203.4274,hill_climbing
