,attention_cost,exp_param,vm_param,pp_id,ll,AIC,agent_type
0,37.629750512452496,0.01892424835427678,2.073835357091424,5f35d6aa93a88f0023c8d642,-107.2405,218.481,sparse_lqr
