,b,exp_param,n,vm_param,pp_id,ll,AIC,agent_type
0,4.521459135792561,0.01334911756015219,3.342822719638547,2.524120541771352,5f35d78293a88f0023c8d697,-93.21198609999999,194.42397219999998,null_model_1
