,attention_cost,exp_param,vm_param,pp_id,ll,AIC,agent_type
0,96.26951783292043,0.02667565796209884,3.319244149988305,5f3626b693a88f0023c91063,-87.42163783715078,178.84327567430157,sparse_lqr
