,b,exp_param,n,vm_param,pp_id,ll,AIC,agent_type
0,3.7694066620967335,0.025796646082078146,2.916798214925831,7.07989037076807,5f35d76793a88f0023c8d689,-57.487327913191095,122.97465582638219,null_model_1
