,b,exp_param,n,vm_param,pp_id,ll,AIC,agent_type
0,3.4149130238258594,0.00746390224563919,3.651850868470229,1.9810649382864953,5f36101b93a88f0023c90907,-102.89945520222527,213.79891040445054,null_model_1
