,attention_cost,exp_param,vm_param,pp_id,ll,AIC,agent_type
0,272.0145098404901,0.01982208420445022,4.482370269986719,5f35d78293a88f0023c8d697,-79.7515,163.503,sparse_lqr
