,attention_cost,exp_param,step_size,vm_param,pp_id,ll,AIC,agent_type
0,0.0,0.011764561668390839,0.17592487121465988,1.492334334683738,5f35d6aa93a88f0023c8d642,-108.765536,223.531072,hill_climbing
