,exp_param,vm_param,pp_id,ll,AIC,agent_type
0,0.020809623375771115,1.4920824101678376,5f35d67e93a88f0023c8d634,-105.386219,214.772438,null_model_2
