,attention_cost,exp_param,vm_param,pp_id,ll,AIC,agent_type
0,64.5020642423089,0.015204430985023363,5.432031225469942,5f35d94f93a88f0023c8d95c,-88.69652475974209,181.39304951948418,sparse_lqr
