,attention_cost,exp_param,step_size,vm_param,pp_id,ll,AIC,agent_type
0,0.0,0.026899866991485607,0.6922818798706718,2.8130127253681136,5f36121793a88f0023c9095f,-73.105772,152.211544,hill_climbing
