,exp_param,vm_param,pp_id,ll,AIC,agent_type
0,0.01931571596645035,7.579624133328559,5f35d65393a88f0023c8d623,-67.498681,138.997362,null_model_2
