,attention_cost,exp_param,step_size,vm_param,pp_id,ll,AIC,agent_type
0,13.083770279757303,0.002995148856043989,0.003246330539426079,5.14347967507412,5f36101b93a88f0023c90907,-106.66254793202297,221.32509586404595,sparse_max_continuous
