,attention_cost,exp_param,step_size,vm_param,pp_id,ll,AIC,agent_type
0,0.0,0.01864201144137829,0.18425273801912262,5.991826215508694,5f35d64293a88f0023c8d61c,-73.26700710342547,152.53401420685094,hill_climbing
