,exp_param,vm_param,pp_id,ll,AIC,agent_type
0,0.004123632212808051,1.7251242720817594,5f35d72b93a88f0023c8d674,-118.6329454042711,241.2658908085422,lqr
