,exp_param,vm_param,pp_id,ll,AIC,agent_type
0,0.0036000380554034013,0.9621848702964064,5f35d62693a88f0023c8d611,-132.2835,268.567,lqr
