,attention_cost,exp_param,step_size,vm_param,pp_id,ll,AIC,agent_type
0,2.383724714200791,0.017659686121985218,0.3072513957799038,7.141162550547248,5f35dc9193a88f0023c8e6bd,-71.1844,150.3688,sparse_max_discrete
