,exp_param,vm_param,pp_id,ll,AIC,agent_type
0,0.031332091884475756,1.3107459265440125,5f35d77893a88f0023c8d690,-104.603755,213.20751,null_model_2
