,b,exp_param,n,vm_param,pp_id,ll,AIC,agent_type
0,1.0030472499422656,0.026869383408550274,4.0144750715759425,2.3421126082318344,5f35d70093a88f0023c8d662,-80.6085707438788,169.2171414877576,null_model_1
