,attention_cost,exp_param,step_size,vm_param,pp_id,ll,AIC,agent_type
0,25.096313837002356,0.014572547934052583,1.4753512404539002,2.8027111657948947,5f35e94193a88f0023c905da,-95.893819,199.787638,sparse_max_discrete
