,attention_cost,exp_param,step_size,vm_param,pp_id,ll,AIC,agent_type
0,0.0,0.04437454275103379,0.32800983864860317,3.7469770898643118,5f35db0b93a88f0023c8ded5,-78.30455774746082,162.60911549492164,hill_climbing
