,b,exp_param,n,vm_param,pp_id,ll,AIC,agent_type
0,11.634012614796292,0.001,1.1117115175953767,3.2494439689111347,5f35d72493a88f0023c8d66f,-105.3119534,218.6239068,null_model_1
