,exp_param,vm_param,pp_id,ll,AIC,agent_type
0,0.05686539129493908,2.561028916886041,5f35d6f793a88f0023c8d65f,-82.64672554429015,169.2934510885803,null_model_2
