,exp_param,vm_param,pp_id,ll,AIC,agent_type
0,0.005131018269733578,1.8405259565047827,5f35da2c93a88f0023c8db97,-115.6784,235.3568,lqr
