,attention_cost,exp_param,step_size,vm_param,pp_id,ll,AIC,agent_type
0,0.0,0.03697872629486185,0.192813435213482,3.8234441653342754,5f35e0a193a88f0023c8f986,-78.66521157405343,163.33042314810686,hill_climbing
