,attention_cost,exp_param,vm_param,pp_id,ll,AIC,agent_type
0,13.966021399721162,0.02306296049843829,0.8733877376005317,5f35d8b893a88f0023c8d833,-112.873383,229.746766,sparse_lqr
