,attention_cost,exp_param,vm_param,pp_id,ll,AIC,agent_type
0,71.7947122312514,0.1216464171249205,2.2028398779372758,5f35d6f793a88f0023c8d65f,-79.166629,162.333258,sparse_lqr
