,b,exp_param,n,vm_param,pp_id,ll,AIC,agent_type
0,1.0,0.6325121096969277,1.0,0.7766226016075322,5f35da6493a88f0023c8dc69,-96.07446917626478,200.14893835252957,null_model_1
