,attention_cost,exp_param,step_size,vm_param,pp_id,ll,AIC,agent_type
0,15.194817796507822,0.022814550701625337,0.195740206768921,3.3161375600945586,5f35d8e393a88f0023c8d887,-81.3289,170.6578,sparse_max_continuous
