,exp_param,vm_param,pp_id,ll,AIC,agent_type
0,0.04324491134022241,4.105317327166613,5f35d6af93a88f0023c8d646,-73.17381931236724,150.3476386247345,null_model_2
