,attention_cost,exp_param,step_size,vm_param,pp_id,ll,AIC,agent_type
0,14.651788854864229,0.09064777029349223,0.0011284302419395376,2.957479506381916,5f35d60a93a88f0023c8d608,-71.803776,151.607552,sparse_max_discrete
