,attention_cost,exp_param,step_size,vm_param,pp_id,ll,AIC,agent_type
0,20.264571306776666,0.017394871435631447,0.8388878169129873,4.053890041846273,5f35d72b93a88f0023c8d674,-82.683303,173.366606,sparse_max_discrete
