,attention_cost,exp_param,step_size,vm_param,pp_id,ll,AIC,agent_type
0,21.85534666429208,0.001,0.0,3.814044803525667,5f35e70693a88f0023c90462,-191.369725,390.73945,sparse_max_discrete
