,attention_cost,exp_param,step_size,vm_param,pp_id,ll,AIC,agent_type
0,0.0,0.032957058077396344,0.0,3.027205989205531,5f35d62693a88f0023c8d611,-89.6805,185.361,hill_climbing
