,b,exp_param,n,vm_param,pp_id,ll,AIC,agent_type
0,1.6894011229263932,0.05037079484271706,3.6531370995922434,2.4014515625225807,5f35d71c93a88f0023c8d66e,-82.70463,173.40926,null_model_1
