,attention_cost,exp_param,step_size,vm_param,pp_id,ll,AIC,agent_type
0,0.0,0.06078075558616482,0.292090288780222,7.9114620202375,5f35d77893a88f0023c8d691,-47.29886562312252,100.59773124624505,hill_climbing
