,exp_param,vm_param,pp_id,ll,AIC,agent_type
0,0.027423247869977904,5.733936159833134,5f35d90c93a88f0023c8d8d0,-70.19268793407865,144.3853758681573,null_model_2
