,exp_param,vm_param,pp_id,ll,AIC,agent_type
0,0.005709561898707965,0.5781974500696507,5f35dfdb93a88f0023c8f6da,-132.6422,269.2844,lqr
