,attention_cost,exp_param,step_size,vm_param,pp_id,ll,AIC,agent_type
0,0.0,0.012044184088802333,0.4462595983338064,4.679565227495537,5f35dc7593a88f0023c8e5d3,-79.7728,165.5456,hill_climbing
