,attention_cost,exp_param,step_size,vm_param,pp_id,ll,AIC,agent_type
0,0.0,0.03495415454619617,0.33761997852484926,3.670140544858228,5f3626b693a88f0023c91063,-80.754281,167.508562,hill_climbing
