,attention_cost,exp_param,step_size,vm_param,pp_id,ll,AIC,agent_type
0,0.0,0.07068307764454256,0.17326370847642159,1.964116945680553,5f35d60393a88f0023c8d605,-83.392572,172.785144,hill_climbing
