,b,exp_param,n,vm_param,pp_id,ll,AIC,agent_type
0,4.853638829116763,0.032289277767551354,1.2232157978116707,4.9373493342978065,5f35d78493a88f0023c8d69f,-68.94690270000001,145.89380540000002,null_model_1
