,attention_cost,exp_param,step_size,vm_param,pp_id,ll,AIC,agent_type
0,0.0,0.1100765365766325,0.2594903919637441,9.91342422476004,5f35d76793a88f0023c8d689,-42.094657,90.189314,hill_climbing
