,attention_cost,exp_param,step_size,vm_param,pp_id,ll,AIC,agent_type
0,9.846760477778874,0.03943832932056078,0.017583307668979142,2.6074387638526675,5f362dee93a88f0023c91131,-79.385014,166.770028,sparse_max_continuous
