,exp_param,vm_param,pp_id,ll,AIC,agent_type
0,0.002106069882087722,1.3339688136287564,5f35e00093a88f0023c8f758,-132.0960417370549,268.1920834741098,lqr
