,attention_cost,exp_param,vm_param,pp_id,ll,AIC,agent_type
0,61.016686167765386,0.08793911794657201,2.061200038236052,5f35d79b93a88f0023c8d6aa,-89.0823,182.1646,sparse_lqr
