,attention_cost,exp_param,step_size,vm_param,pp_id,ll,AIC,agent_type
0,0.0,0.07851047496046074,0.656566167708739,3.0610091101985715,5f362dee93a88f0023c91131,-69.073575,144.14715,hill_climbing
