,attention_cost,exp_param,step_size,vm_param,pp_id,ll,AIC,agent_type
0,2.1162613423109757,0.07439318770576321,0.022115686349920394,9.71820072977926,5f35d6bc93a88f0023c8d64b,-38.965386084412806,85.93077216882561,sparse_max_discrete
