,b,exp_param,n,vm_param,pp_id,ll,AIC,agent_type
0,2.1392017341686715,0.017776033767196987,2.6300858331812935,1.8358334072594196,5f35e76793a88f0023c90491,-109.63023597015436,227.26047194030872,null_model_1
