,b,exp_param,n,vm_param,pp_id,ll,AIC,agent_type
0,36.51482287824931,0.005012688074656174,1.02892672651737,2.3559847594314554,5f36101b93a88f0023c90907,-104.54195869999998,217.08391739999996,null_model_1
