,attention_cost,exp_param,vm_param,pp_id,ll,AIC,agent_type
0,73.13465782822742,0.029286827572182872,2.5277102857303078,5f35d68993a88f0023c8d637,-89.245259,182.490518,sparse_lqr
