,attention_cost,exp_param,vm_param,pp_id,ll,AIC,agent_type
0,11.140258614909593,0.05244304737023205,3.0136939985404334,5f35d6af93a88f0023c8d646,-71.258199,146.516398,sparse_lqr
