,attention_cost,exp_param,step_size,vm_param,pp_id,ll,AIC,agent_type
0,8.411139108511772,0.048551308029781484,0.1297549276035852,5.601857200501695,5f35d6af93a88f0023c8d646,-71.339432,150.678864,sparse_max_continuous
