,attention_cost,exp_param,step_size,vm_param,pp_id,ll,AIC,agent_type
0,0.0,0.09149462857107488,0.08286577619033847,5.471876229721295,5f35d97e93a88f0023c8d9d4,-59.808492,125.616984,hill_climbing
