,attention_cost,exp_param,step_size,vm_param,pp_id,ll,AIC,agent_type
0,0.0,0.006229529266585341,0.12372664122493116,1.8421369538137389,5f35d7a693a88f0023c8d6b2,-114.41220294514532,234.82440589029065,hill_climbing
