,attention_cost,exp_param,step_size,vm_param,pp_id,ll,AIC,agent_type
0,2.356436471810688,0.01459477311093229,0.008341879113857531,5.249767218436524,5f35d7f093a88f0023c8d716,-86.6285,181.257,sparse_max_continuous
