,exp_param,vm_param,pp_id,ll,AIC,agent_type
0,0.015615850997526024,1.4574458270796653,5f35dab593a88f0023c8dda2,-110.12781,224.25562,lqr
