,attention_cost,exp_param,step_size,vm_param,pp_id,ll,AIC,agent_type
0,0.0,0.019395429637285147,0.0065941284217393425,3.658608372091675,5f35d81193a88f0023c8d742,-92.706881,191.413762,hill_climbing
