,attention_cost,exp_param,step_size,vm_param,pp_id,ll,AIC,agent_type
0,21.066383341689377,0.0452272046413262,0.4872614277194707,6.507811870676601,5f362fb593a88f0023c91191,-59.12209238011806,126.24418476023612,sparse_max_discrete
