,b,exp_param,n,vm_param,pp_id,ll,AIC,agent_type
0,1.3717891451428041,0.012394331623149138,2.2162885717998653,1.392307391442088,5f35dab593a88f0023c8dda2,-107.26089037408494,222.52178074816987,null_model_1
