,attention_cost,exp_param,vm_param,pp_id,ll,AIC,agent_type
0,35.067654815283674,0.03107834462935726,3.0008860544103646,5f3612ca93a88f0023c909a0,-81.465689,166.931378,sparse_lqr
