,attention_cost,exp_param,step_size,vm_param,pp_id,ll,AIC,agent_type
0,0.0,0.1184512239640514,0.600491488314485,8.637830911539272,5f35d72f93a88f0023c8d675,-40.437125,86.87425,hill_climbing
