,attention_cost,exp_param,step_size,vm_param,pp_id,ll,AIC,agent_type
0,20.441974433237128,0.010349179781525279,0.487746964628163,5.2321800461375565,5f35dc9193a88f0023c8e6bd,-75.26069,158.52138,sparse_max_discrete
