,attention_cost,exp_param,step_size,vm_param,pp_id,ll,AIC,agent_type
0,20.661984009769522,0.011856186531772863,0.15214159503791758,6.369885055189888,5f35d63393a88f0023c8d617,-72.83913879352373,153.67827758704746,sparse_max_continuous
