,attention_cost,exp_param,vm_param,pp_id,ll,AIC,agent_type
0,108.35923943305549,0.029513674772428417,7.063093386249513,5f35d90c93a88f0023c8d8d0,-68.89357453485061,141.78714906970123,sparse_lqr
