,exp_param,vm_param,pp_id,ll,AIC,agent_type
0,0.03825595722396832,1.6791991475517132,5f35d7da93a88f0023c8d703,-97.740203,199.480406,lqr
