,b,exp_param,n,vm_param,pp_id,ll,AIC,agent_type
0,2.8282664080587137,0.03140840380378272,1.0747507525396665,4.996199645910622,5f35d83093a88f0023c8d771,-80.74410230000001,169.48820460000002,null_model_1
