,exp_param,vm_param,pp_id,ll,AIC,agent_type
0,0.0043146181508774365,1.219853766057517,5f35d82093a88f0023c8d751,-126.524209,257.04841799999997,lqr
