,exp_param,vm_param,pp_id,ll,AIC,agent_type
0,0.05857833976819237,2.496415936198485,5f362dee93a88f0023c91131,-83.066096,170.132192,null_model_2
