,exp_param,vm_param,pp_id,ll,AIC,agent_type
0,0.030114703004831458,3.8158391621919563,5f35d73993a88f0023c8d677,-78.329362,160.658724,null_model_2
