,attention_cost,exp_param,step_size,vm_param,pp_id,ll,AIC,agent_type
0,7.379857389437597,0.013796379751924603,0.022391102347635305,9.66621635437537,5f35d76593a88f0023c8d688,-61.6283,131.2566,sparse_max_discrete
