,attention_cost,exp_param,vm_param,pp_id,ll,AIC,agent_type
0,294.6373735297766,0.009026525297886851,9.376831647358856,5f35d72593a88f0023c8d671,-74.248132,152.496264,sparse_lqr
