,exp_param,vm_param,pp_id,ll,AIC,agent_type
0,0.006301546361030488,1.2259958957793071,5f35e0a193a88f0023c8f986,-122.12,248.24,lqr
