,exp_param,vm_param,pp_id,ll,AIC,agent_type
0,0.0016112646341385516,1.1543417780536835,5f3626b693a88f0023c91063,-136.437687,276.875374,lqr
