,attention_cost,exp_param,step_size,vm_param,pp_id,ll,AIC,agent_type
0,0.0,0.023909389524069846,0.3069696971691066,7.21207212345159,5f35d65393a88f0023c8d623,-61.92386,129.84771999999998,hill_climbing
