,b,exp_param,n,vm_param,pp_id,ll,AIC,agent_type
0,9.068943242116559,0.04391517570118743,4.154642318627721,1.816326970645742,5f35d77893a88f0023c8d690,-96.4026308,200.8052616,null_model_1
