,attention_cost,exp_param,vm_param,pp_id,ll,AIC,agent_type
0,272.2806276336596,0.08807789168825453,1.6415685956296966,5f35da6493a88f0023c8dc69,-88.5635,181.127,sparse_lqr
