,exp_param,vm_param,pp_id,ll,AIC,agent_type
0,0.005404205589798956,1.5371867399135763,5f35d78493a88f0023c8d69f,-118.915498,241.830996,lqr
