,exp_param,vm_param,pp_id,ll,AIC,agent_type
0,0.028652784479158266,2.9061125737844073,5f35d7da93a88f0023c8d703,-86.223,176.446,null_model_2
