,exp_param,vm_param,pp_id,ll,AIC,agent_type
0,0.015091083403462286,2.4584688844862814,5f360eea93a88f0023c908e9,-96.6808,197.3616,lqr
