,exp_param,vm_param,pp_id,ll,AIC,agent_type
0,0.026379223894251146,2.6597716595885776,5f35d61893a88f0023c8d60c,-89.1841,182.3682,null_model_2
