,exp_param,vm_param,pp_id,ll,AIC,agent_type
0,0.002431687324557875,1.3473533966591311,5f362fb593a88f0023c91191,-129.64799728047586,263.2959945609517,lqr
