,attention_cost,exp_param,step_size,vm_param,pp_id,ll,AIC,agent_type
0,19.159170152383695,0.01773453295637084,0.03664282779694267,3.0094968150264236,5f35d86c93a88f0023c8d7e9,-99.9965,207.993,sparse_max_continuous
