,b,exp_param,n,vm_param,pp_id,ll,AIC,agent_type
0,1.7868919526340739,0.001,5.0,2.27099163310472,5f360ea493a88f0023c908e6,-117.37794499080583,242.75588998161166,null_model_1
