,attention_cost,exp_param,step_size,vm_param,pp_id,ll,AIC,agent_type
0,1.332295195444262,0.060169473792648746,0.004011998220715185,5.641902070302917,5f35d93793a88f0023c8d930,-64.37436293458293,136.74872586916587,sparse_max_continuous
