,attention_cost,exp_param,step_size,vm_param,pp_id,ll,AIC,agent_type
0,21.604232050305708,0.02980791277664737,0.1290544666761339,6.737248929875298,5f35d91293a88f0023c8d8e2,-61.9945,131.989,sparse_max_discrete
