,exp_param,vm_param,pp_id,ll,AIC,agent_type
0,0.048907027856573165,5.356583154617858,5f35d6b193a88f0023c8d648,-65.52332631220123,135.04665262440247,null_model_2
