,attention_cost,exp_param,step_size,vm_param,pp_id,ll,AIC,agent_type
0,0.0,0.002794522213552311,0.8587780233554769,3.0280418431950906,5f35dba493a88f0023c8e193,-109.26834498256656,224.53668996513312,hill_climbing
