,attention_cost,exp_param,step_size,vm_param,pp_id,ll,AIC,agent_type
0,1.5802185505964361,0.12140085855121295,0.4815679821726893,1.2173509355040535,5f35e37d93a88f0023c8ffdc,-94.212942,196.425884,sparse_max_discrete
