,attention_cost,exp_param,vm_param,pp_id,ll,AIC,agent_type
0,123.63140052584727,0.019150586835071894,1.531881917449981,5f35d67e93a88f0023c8d634,-103.96799234560814,211.93598469121628,sparse_lqr
