,attention_cost,exp_param,step_size,vm_param,pp_id,ll,AIC,agent_type
0,0.0,0.013429642167502327,0.06698585754993575,5.2052761882758505,5f35d83093a88f0023c8d771,-73.2669,152.5338,hill_climbing
