,b,exp_param,n,vm_param,pp_id,ll,AIC,agent_type
0,20.184383783594477,0.0029685518525304536,3.5088899987536615,3.151283304619117,5f36101b93a88f0023c90907,-104.83044,217.66088,null_model_1
