,attention_cost,exp_param,step_size,vm_param,pp_id,ll,AIC,agent_type
0,3.14369923582647,0.0888914337650349,0.03752871341901248,3.875483310023303,5f35e09e93a88f0023c8f979,-76.763208,161.526416,sparse_max_continuous
