,exp_param,vm_param,pp_id,ll,AIC,agent_type
0,0.03882368134183649,9.921917325445621,5f35d77893a88f0023c8d691,-52.433692,108.867384,null_model_2
