,attention_cost,exp_param,step_size,vm_param,pp_id,ll,AIC,agent_type
0,4.2837984840900125,0.09500617422513978,1.3052876193080665,2.368687035569985,5f35d79b93a88f0023c8d6aa,-88.884453,185.768906,sparse_max_discrete
