,exp_param,vm_param,pp_id,ll,AIC,agent_type
0,0.0327091678389495,5.387092311951469,5f35d7d393a88f0023c8d6f4,-69.520425,143.04085,null_model_2
