,attention_cost,exp_param,step_size,vm_param,pp_id,ll,AIC,agent_type
0,0.0,0.13789232928461423,0.430271820823311,6.281770391442192,5f35d80393a88f0023c8d729,-47.0161,100.0322,hill_climbing
