,b,exp_param,n,vm_param,pp_id,ll,AIC,agent_type
0,2.0885000569795498,0.010993987218091656,1.0639557232533994,3.65026875421135,5f35dc7593a88f0023c8e5d3,-91.91307,191.82614,null_model_1
