,attention_cost,exp_param,step_size,vm_param,pp_id,ll,AIC,agent_type
0,0.0,0.06175487416626395,0.04461580127371906,5.042944498818746,5f35d7d693a88f0023c8d6f7,-65.024336,136.048672,hill_climbing
