,attention_cost,exp_param,step_size,vm_param,pp_id,ll,AIC,agent_type
0,27.14058481030869,0.03802398690608183,1.160811514080628,1.2564138113773882,5f35d84893a88f0023c8d7af,-93.071616,194.143232,sparse_max_discrete
