,attention_cost,exp_param,vm_param,pp_id,ll,AIC,agent_type
0,35.40906782238523,0.08483887316617866,1.301013997171746,5f35dcae93a88f0023c8e7a3,-91.590671,187.181342,sparse_lqr
