,b,exp_param,n,vm_param,pp_id,ll,AIC,agent_type
0,1.8723073827434005,0.005773550668064149,4.152000279176033,1.8627140348510918,5f360f4693a88f0023c908ef,-116.16338250000001,240.32676500000002,null_model_1
