,attention_cost,exp_param,vm_param,pp_id,ll,AIC,agent_type
0,106.61237216331453,0.029813778547229577,6.376447837684173,5f35df8293a88f0023c8f57b,-64.346586,132.693172,sparse_lqr
