,exp_param,vm_param,pp_id,ll,AIC,agent_type
0,0.031494747395118254,1.3467362573959096,5f35d77893a88f0023c8d690,-104.5912,213.1824,null_model_2
