,attention_cost,exp_param,step_size,vm_param,pp_id,ll,AIC,agent_type
0,0.0,0.017926761460509998,0.49434086955189194,1.4142372246935775,5f35d67e93a88f0023c8d634,-106.346355,218.69271,hill_climbing
