,exp_param,vm_param,pp_id,ll,AIC,agent_type
0,0.0014914075642529219,1.5237160730794685,5f35d65d93a88f0023c8d629,-133.4848,270.9696,lqr
