,attention_cost,exp_param,step_size,vm_param,pp_id,ll,AIC,agent_type
0,2.6865926230592727,0.07523931041719231,0.1735822684568546,2.414713306760241,5f360ee993a88f0023c908e8,-83.547116,175.094232,sparse_max_discrete
