,b,exp_param,n,vm_param,pp_id,ll,AIC,agent_type
0,2.745409241527425,0.02517454852021358,3.178011331635753,5.942412968570517,5f35d77893a88f0023c8d691,-57.61722519999999,123.23445039999999,null_model_1
