,exp_param,vm_param,pp_id,ll,AIC,agent_type
0,0.04392711463277811,8.754427728003837,5f35d73b93a88f0023c8d678,-56.0173,116.0346,null_model_2
