,b,exp_param,n,vm_param,pp_id,ll,AIC,agent_type
0,6.229597006109648,0.02443189375493786,3.7627228933588017,7.13310935384421,5f35d90c93a88f0023c8d8d0,-56.574451599999996,121.14890319999999,null_model_1
