,attention_cost,exp_param,step_size,vm_param,pp_id,ll,AIC,agent_type
0,0.0,0.0533691318605879,0.02299876900761927,3.8447962825179416,5f35d6af93a88f0023c8d646,-73.23925524550697,152.47851049101394,hill_climbing
