,attention_cost,exp_param,step_size,vm_param,pp_id,ll,AIC,agent_type
0,0.05378104942205919,0.13532971005125735,1.4683914214962392,3.6803805505277944,5f362dee93a88f0023c91131,-79.5476,167.0952,sparse_max_continuous
