,attention_cost,exp_param,step_size,vm_param,pp_id,ll,AIC,agent_type
0,0.0,0.02620634704124139,0.20608576533084305,2.875940692576011,5f35db0b93a88f0023c8ded5,-79.895716,165.791432,hill_climbing
