,exp_param,vm_param,pp_id,ll,AIC,agent_type
0,0.004816335438480373,0.9898633104064636,5f3612ca93a88f0023c909a0,-128.7524,261.5048,lqr
