,attention_cost,exp_param,vm_param,pp_id,ll,AIC,agent_type
0,16.14249735346721,0.024555127367207552,2.5129552607726033,5f35d83993a88f0023c8d78b,-97.6725,199.345,sparse_lqr
