,attention_cost,exp_param,step_size,vm_param,pp_id,ll,AIC,agent_type
0,0.0,0.030643289176034216,0.0,2.840236990944762,5f3610a993a88f0023c90912,-80.6079,167.2158,hill_climbing
