,attention_cost,exp_param,vm_param,pp_id,ll,AIC,agent_type
0,22.64459363687532,0.044870066327001336,4.936890115275321,5f35d5d093a88f0023c8d5f7,-69.334221,142.668442,sparse_lqr
