,attention_cost,exp_param,step_size,vm_param,pp_id,ll,AIC,agent_type
0,18.866825237201628,0.02117613463994353,0.08713863712048592,7.866460830939257,5f35d5ea93a88f0023c8d5fd,-66.30732307786772,140.61464615573544,sparse_max_continuous
