,b,exp_param,n,vm_param,pp_id,ll,AIC,agent_type
0,3.6107376386497703,0.02338605975537206,1.9345364761159902,6.16356139909893,5f35d91293a88f0023c8d8e2,-72.1505253984375,152.301050796875,null_model_1
