,attention_cost,exp_param,step_size,vm_param,pp_id,ll,AIC,agent_type
0,3.8725658776969674,0.00890806752395823,0.44054047342892644,1.9830899113009715,5f35d62993a88f0023c8d613,-115.1277,238.2554,sparse_max_discrete
