,attention_cost,exp_param,step_size,vm_param,pp_id,ll,AIC,agent_type
0,0.0,0.10664882586234661,0.0984399061777308,2.996139431631486,5f35d60a93a88f0023c8d608,-71.092089,148.184178,hill_climbing
