,attention_cost,exp_param,vm_param,pp_id,ll,AIC,agent_type
0,126.73124913702581,0.010374817739089593,2.503860992095804,5f35d65d93a88f0023c8d629,-102.589377,209.178754,sparse_lqr
