,attention_cost,exp_param,step_size,vm_param,pp_id,ll,AIC,agent_type
0,0.0,0.005476268440728003,0.0838229018376484,1.6689354703551962,5f35d7a693a88f0023c8d6b2,-114.539414,235.078828,hill_climbing
