,attention_cost,exp_param,vm_param,pp_id,ll,AIC,agent_type
0,227.05517128016817,0.023138085023084346,4.461261729681587,5f35d78293a88f0023c8d697,-79.88296674006187,163.76593348012375,sparse_lqr
