,b,exp_param,n,vm_param,pp_id,ll,AIC,agent_type
0,5.052278871560882,0.030522718963130628,3.0663903231264262,8.258357758765332,5f35d90c93a88f0023c8d8d0,-55.89605069533407,119.79210139066814,null_model_1
