,attention_cost,exp_param,step_size,vm_param,pp_id,ll,AIC,agent_type
0,0.0,0.14915899827801934,0.25774298378355626,2.6519082888870837,5f35d73d93a88f0023c8d679,-72.651797,151.303594,hill_climbing
