,attention_cost,exp_param,step_size,vm_param,pp_id,ll,AIC,agent_type
0,1.0606861870859952,0.06948231125479207,0.0975811975210123,5.9981804213015515,5f35d97e93a88f0023c8d9d4,-50.334300946776736,108.66860189355347,sparse_max_continuous
