,b,exp_param,n,vm_param,pp_id,ll,AIC,agent_type
0,6.943827407911338,0.013110545743998642,1.876306948638931,4.71039642817428,5f35dc7593a88f0023c8e5d3,-89.07569505743585,186.1513901148717,null_model_1
