,exp_param,vm_param,pp_id,ll,AIC,agent_type
0,0.051463177428486745,6.239236949893597,5f35d90b93a88f0023c8d8cf,-61.683501,127.367002,null_model_2
