,attention_cost,exp_param,step_size,vm_param,pp_id,ll,AIC,agent_type
0,0.0,0.07126157703159977,0.8244474712872999,2.918245856503222,5f35d71c93a88f0023c8d66e,-77.7706,161.5412,hill_climbing
