,exp_param,vm_param,pp_id,ll,AIC,agent_type
0,0.017941462184301694,0.667779262653766,5f35d7f393a88f0023c8d71a,-118.9722,241.9444,lqr
