,attention_cost,exp_param,vm_param,pp_id,ll,AIC,agent_type
0,108.53571265285902,0.001,4.754662845223095,5f35da4f93a88f0023c8dc28,-113.9994,231.9988,sparse_lqr
