,attention_cost,exp_param,step_size,vm_param,pp_id,ll,AIC,agent_type
0,29.843297749621005,0.03289598234950994,1.4044725458675076,3.797179005499125,5f35d74693a88f0023c8d67e,-79.6038,167.2076,sparse_max_continuous
