,attention_cost,exp_param,step_size,vm_param,pp_id,ll,AIC,agent_type
0,10.151382536353665,0.09523120875698782,0.034264200379562126,3.013062110611222,5f35d60a93a88f0023c8d608,-71.77100170417452,151.54200340834905,sparse_max_discrete
