,attention_cost,exp_param,step_size,vm_param,pp_id,ll,AIC,agent_type
0,0.0,0.12430970905300924,0.4330692660014363,7.503736477430791,5f35d80393a88f0023c8d729,-45.743048,97.486096,hill_climbing
