,exp_param,vm_param,pp_id,ll,AIC,agent_type
0,0.04138154886757451,9.693806131869863,5f35d76793a88f0023c8d689,-50.337236,104.674472,null_model_2
