,exp_param,vm_param,pp_id,ll,AIC,agent_type
0,0.020117779188478985,3.385029663544783,5f36121793a88f0023c9095f,-77.4733,158.9466,null_model_2
