,exp_param,vm_param,pp_id,ll,AIC,agent_type
0,0.0029761510938473203,8.312173184078764,5f35da4f93a88f0023c8dc28,-83.079469,170.158938,null_model_2
