,attention_cost,exp_param,vm_param,pp_id,ll,AIC,agent_type
0,63.229350740611615,0.04243360449692238,3.218287999702445,5f35df8793a88f0023c8f599,-79.1215,162.243,sparse_lqr
