,attention_cost,exp_param,step_size,vm_param,pp_id,ll,AIC,agent_type
0,3.004347259724691,0.002077672982674447,0.8364369148139177,2.4222986904171595,5f35dba493a88f0023c8e193,-113.515368,235.030736,sparse_max_discrete
