,exp_param,vm_param,pp_id,ll,AIC,agent_type
0,0.023913685367276782,4.051951337603033,5f3610a993a88f0023c90912,-78.841,161.682,null_model_2
