,attention_cost,exp_param,step_size,vm_param,pp_id,ll,AIC,agent_type
0,20.569490105326945,0.01966603197096261,0.26796428857520965,2.933279184544669,5f36121793a88f0023c9095f,-76.29714707297151,160.59429414594302,sparse_max_discrete
