,attention_cost,exp_param,step_size,vm_param,pp_id,ll,AIC,agent_type
0,1.8998678764959132,0.04522672689885085,0.5351664093812565,7.562685400952085,5f35d63193a88f0023c8d616,-59.647529293150086,127.29505858630017,sparse_max_discrete
