,exp_param,vm_param,pp_id,ll,AIC,agent_type
0,0.003913473302781068,1.3330004169538823,5f35d5ea93a88f0023c8d5fd,-125.6131,255.2262,lqr
