,b,exp_param,n,vm_param,pp_id,ll,AIC,agent_type
0,6.212582734192993,0.007619731237006683,2.6750969016958885,1.7130552105996222,5f35d62993a88f0023c8d613,-118.07912601790278,244.15825203580556,null_model_1
