,attention_cost,exp_param,step_size,vm_param,pp_id,ll,AIC,agent_type
0,23.626555189575214,0.1074772929120123,1.4785632355697818,1.7716116443841734,5f35da6493a88f0023c8dc69,-91.77200558303403,191.54401116606806,sparse_max_continuous
