,attention_cost,exp_param,step_size,vm_param,pp_id,ll,AIC,agent_type
0,21.074694625851457,0.007356324058986084,0.012640083774674737,1.4750788327914732,5f35d7a693a88f0023c8d6b2,-115.435863,238.871726,sparse_max_continuous
