,attention_cost,exp_param,step_size,vm_param,pp_id,ll,AIC,agent_type
0,20.90626330157195,0.052254588631991054,0.08929930245641526,5.319182469574453,5f35d7fa93a88f0023c8d725,-52.4466,112.8932,sparse_max_continuous
