,attention_cost,exp_param,vm_param,pp_id,ll,AIC,agent_type
0,170.56795188854687,0.011153869680136479,6.3263940420167595,5f35d72593a88f0023c8d671,-74.492856,152.985712,sparse_lqr
