,exp_param,vm_param,pp_id,ll,AIC,agent_type
0,0.0277921570439541,4.836295584028964,5f35d63393a88f0023c8d617,-73.70148768532519,151.40297537065038,null_model_2
