,attention_cost,exp_param,vm_param,pp_id,ll,AIC,agent_type
0,65.13058599169912,0.020214453125453516,4.297643970170658,5f35d68993a88f0023c8d637,-88.5729,181.1458,sparse_lqr
