,attention_cost,exp_param,step_size,vm_param,pp_id,ll,AIC,agent_type
0,17.288754298071975,0.009173699234178649,0.6616426840442312,2.935898640307484,5f35d65d93a88f0023c8d629,-92.294923,192.589846,sparse_max_discrete
