,attention_cost,exp_param,step_size,vm_param,pp_id,ll,AIC,agent_type
0,11.525547084075384,0.0066405135646705775,0.04533203806253361,1.278932516508472,5f35d6aa93a88f0023c8d642,-108.60749938321014,225.21499876642028,sparse_max_continuous
