,attention_cost,exp_param,step_size,vm_param,pp_id,ll,AIC,agent_type
0,1.1897797725712689,0.0386460386010105,0.025660106906882252,8.796147318491844,5f35dafe93a88f0023c8de97,-42.78194995512795,93.5638999102559,sparse_max_continuous
