,attention_cost,exp_param,step_size,vm_param,pp_id,ll,AIC,agent_type
0,19.9787605549055,0.08844159753778534,0.8126002330057174,6.686293198439204,5f35d79293a88f0023c8d6a1,-64.174105,136.34821,sparse_max_discrete
