,attention_cost,exp_param,step_size,vm_param,pp_id,ll,AIC,agent_type
0,0.0,0.024192341594013136,0.5515520804149876,3.896717821772817,5f35d5ea93a88f0023c8d5fd,-75.925945,157.85189,hill_climbing
