,attention_cost,exp_param,step_size,vm_param,pp_id,ll,AIC,agent_type
0,0.0,0.09424366123836032,0.0,2.014078168684224,5f35da6493a88f0023c8dc69,-88.8848605397,183.7697210794,hill_climbing
