,exp_param,vm_param,pp_id,ll,AIC,agent_type
0,0.002867330234487133,1.6816486387350238,5f35d63193a88f0023c8d616,-124.07076827906243,252.14153655812487,lqr
