,exp_param,vm_param,pp_id,ll,AIC,agent_type
0,0.01775131666043359,0.6310676722489317,5f35d8e393a88f0023c8d887,-120.05303224193979,244.10606448387958,lqr
