,attention_cost,exp_param,step_size,vm_param,pp_id,ll,AIC,agent_type
0,25.42246555070446,0.03269436170577222,0.04391010890808528,9.395413507188035,5f35d77893a88f0023c8d691,-52.006012,112.012024,sparse_max_continuous
