,exp_param,vm_param,pp_id,ll,AIC,agent_type
0,0.013494523286811947,3.2364166659885374,5f35d81193a88f0023c8d742,-91.635087,187.270174,null_model_2
