,exp_param,vm_param,pp_id,ll,AIC,agent_type
0,0.03058073178861468,3.8216329083582865,5f35d73993a88f0023c8d677,-78.327781,160.655562,null_model_2
