,attention_cost,exp_param,step_size,vm_param,pp_id,ll,AIC,agent_type
0,0.0,0.005471354356741503,0.31165659889621694,2.3788587276651074,5f36101b93a88f0023c90907,-101.62270083870496,209.24540167740992,hill_climbing
