,attention_cost,exp_param,step_size,vm_param,pp_id,ll,AIC,agent_type
0,6.605520014154452,0.004146363631493434,0.6449169883579979,3.9128732418979437,5f35dba493a88f0023c8e193,-100.948736,209.897472,sparse_max_continuous
