,attention_cost,exp_param,step_size,vm_param,pp_id,ll,AIC,agent_type
0,0.0,0.02512325470728947,0.0,9.422233382543215,5f35d76593a88f0023c8d688,-61.77586175628188,129.55172351256374,hill_climbing
