,attention_cost,exp_param,step_size,vm_param,pp_id,ll,AIC,agent_type
0,0.0,0.049132336403488845,0.0,2.0416699258310462,5f35e11793a88f0023c8fa8c,-91.485283,188.970566,hill_climbing
