,attention_cost,exp_param,step_size,vm_param,pp_id,ll,AIC,agent_type
0,0.0,0.07902939671734772,0.0,2.0146032344129035,5f35e00093a88f0023c8f758,-85.5873,177.1746,hill_climbing
