,attention_cost,exp_param,step_size,vm_param,pp_id,ll,AIC,agent_type
0,20.235808911308315,0.020105542510099623,1.4919738233747024,3.3753613488779175,5f35d62693a88f0023c8d611,-80.949763,169.899526,sparse_max_discrete
