,attention_cost,exp_param,vm_param,pp_id,ll,AIC,agent_type
0,63.229350740611615,0.04243360449692238,3.218287999702445,5f35d70093a88f0023c8d662,-83.8051,171.6102,sparse_lqr
