,attention_cost,exp_param,vm_param,pp_id,ll,AIC,agent_type
0,45.67562735404711,0.05012950856497728,2.1898476189667937,5f35dab593a88f0023c8dda2,-94.555012,193.110024,sparse_lqr
