,exp_param,vm_param,pp_id,ll,AIC,agent_type
0,0.002790031052439782,1.7459241389560232,5f35d63193a88f0023c8d616,-124.112603,252.225206,lqr
