,exp_param,vm_param,pp_id,ll,AIC,agent_type
0,0.01355042544142751,3.9775531172140557,5f35d7f093a88f0023c8d716,-85.499728,174.999456,null_model_2
