,exp_param,vm_param,pp_id,ll,AIC,agent_type
0,0.0023572660630029668,1.3448483055621019,5f35d7a693a88f0023c8d6b2,-130.84029131655444,265.6805826331089,lqr
