,attention_cost,exp_param,step_size,vm_param,pp_id,ll,AIC,agent_type
0,12.437943453398375,0.020709911065047253,0.10844214828798415,1.4016036967533119,5f35d6aa93a88f0023c8d642,-109.749748,227.499496,sparse_max_continuous
