,attention_cost,exp_param,vm_param,pp_id,ll,AIC,agent_type
0,227.83070931254525,0.04128270998475696,3.5217133982307947,5f3612ca93a88f0023c909a0,-81.42319208166865,166.8463841633373,sparse_lqr
