,exp_param,vm_param,pp_id,ll,AIC,agent_type
0,0.022293963083796473,0.37961934388105467,5f35d5ee93a88f0023c8d5fe,-119.72240420616116,243.44480841232232,lqr
