,attention_cost,exp_param,vm_param,pp_id,ll,AIC,agent_type
0,179.87495062831687,0.005996247681776263,1.8003722787399756,5f35dae093a88f0023c8de20,-119.56124601167579,243.12249202335158,sparse_lqr
