,attention_cost,exp_param,step_size,vm_param,pp_id,ll,AIC,agent_type
0,1.5411061119318847,0.055244831505619874,0.08161595793699267,8.906013234568317,5f35da2c93a88f0023c8db97,-47.753924,103.507848,sparse_max_discrete
