,attention_cost,exp_param,vm_param,pp_id,ll,AIC,agent_type
0,105.7092141249766,0.022590332524539264,4.5974739216842,5f35d76593a88f0023c8d688,-75.80856523162831,155.61713046325661,sparse_lqr
