,exp_param,vm_param,pp_id,ll,AIC,agent_type
0,0.0015567083058249517,1.4207161719040462,5f35d67e93a88f0023c8d634,-134.027548,272.055096,lqr
