,b,exp_param,n,vm_param,pp_id,ll,AIC,agent_type
0,8.460637020266798,0.013752251870164399,1.8681685913169837,1.485700113343461,5f35d67e93a88f0023c8d634,-109.4498038671506,226.8996077343012,null_model_1
