,attention_cost,exp_param,step_size,vm_param,pp_id,ll,AIC,agent_type
0,1.1701646049197623,0.1707407844904755,0.8384969733295815,2.037768080037199,5f35d7f393a88f0023c8d71a,-78.704044,165.408088,sparse_max_discrete
