,attention_cost,exp_param,step_size,vm_param,pp_id,ll,AIC,agent_type
0,20.297619161897227,0.00924950947172103,0.626380654342957,3.034183755495784,5f35e93693a88f0023c905d9,-99.89190196660265,207.7838039332053,sparse_max_continuous
