,exp_param,vm_param,pp_id,ll,AIC,agent_type
0,0.0018204423219692332,0.7922490445024344,5f35d71c93a88f0023c8d66e,-140.3318,284.6636,lqr
