,exp_param,vm_param,pp_id,ll,AIC,agent_type
0,0.010706816382342391,3.2365802191507576,5f35db0c93a88f0023c8deda,-93.42968,190.85936,null_model_2
