,attention_cost,exp_param,step_size,vm_param,pp_id,ll,AIC,agent_type
0,0.0,0.026726582404798103,0.48716712388084976,2.534674170502662,5f35e76793a88f0023c90491,-90.034562,186.069124,hill_climbing
