,attention_cost,exp_param,step_size,vm_param,pp_id,ll,AIC,agent_type
0,1.2234630448990491,0.05775318466577269,0.08897902223105741,5.680301639035855,5f35db9193a88f0023c8e13f,-56.693677,121.387354,sparse_max_continuous
