,attention_cost,exp_param,vm_param,pp_id,ll,AIC,agent_type
0,29.825848982913815,0.046325040460583645,4.9466592988349785,5f35d73993a88f0023c8d677,-75.14107389971969,154.28214779943937,sparse_lqr
