,attention_cost,exp_param,step_size,vm_param,pp_id,ll,AIC,agent_type
0,26.724259535927,0.018322622605338026,0.8349185045226266,4.146377863269475,5f35d72b93a88f0023c8d674,-84.34149716859436,176.68299433718872,sparse_max_discrete
