,attention_cost,exp_param,step_size,vm_param,pp_id,ll,AIC,agent_type
0,18.0928491706803,0.01748673726759582,0.2258849928078593,6.3744589325294845,5f35d65393a88f0023c8d623,-63.740587363865274,135.48117472773055,sparse_max_discrete
