,exp_param,vm_param,pp_id,ll,AIC,agent_type
0,0.028924435361682665,1.1020144859040082,5f36107b93a88f0023c9090e,-109.487004,222.974008,lqr
