,exp_param,vm_param,pp_id,ll,AIC,agent_type
0,0.05544818608847969,7.516159924869981,5f35db9193a88f0023c8e13f,-56.75276637421955,117.5055327484391,null_model_2
