,attention_cost,exp_param,step_size,vm_param,pp_id,ll,AIC,agent_type
0,14.090388479900652,0.04488207600573148,0.8306265995043938,4.794045208824737,5f35d73993a88f0023c8d677,-70.05280562430697,148.10561124861394,sparse_max_discrete
