,exp_param,vm_param,pp_id,ll,AIC,agent_type
0,0.050588590984801826,2.5998608209662644,5f35e09e93a88f0023c8f979,-82.6018,169.2036,null_model_2
