,attention_cost,exp_param,step_size,vm_param,pp_id,ll,AIC,agent_type
0,0.0,0.051932817803925536,0.14775003792995556,8.099925460368848,5f35d90b93a88f0023c8d8cf,-47.067205555184,100.134411110368,hill_climbing
