,b,exp_param,n,vm_param,pp_id,ll,AIC,agent_type
0,6.265393530630871,0.030786515462542956,3.9915859640572657,1.3744798980214845,5f35d8b893a88f0023c8d833,-116.99090000000001,241.98180000000002,null_model_1
