,b,exp_param,n,vm_param,pp_id,ll,AIC,agent_type
0,1.816284775716237,0.058052134891744156,1.0872737474397374,1.341172980171157,5f35d74293a88f0023c8d67c,-89.04417418363485,186.0883483672697,null_model_1
