,b,exp_param,n,vm_param,pp_id,ll,AIC,agent_type
0,9.186192282659984,0.0066656696672915015,1.9057816753323644,1.09523031519415,5f35e94193a88f0023c905da,-127.03478989999999,262.0695798,null_model_1
