,b,exp_param,n,vm_param,pp_id,ll,AIC,agent_type
0,4.475001623048974,0.15345138305522957,1.0663035316037366,1.1379635644740682,5f35dcae93a88f0023c8e7a3,-102.53240301658361,213.06480603316723,null_model_1
