,b,exp_param,n,vm_param,pp_id,ll,AIC,agent_type
0,7.954706301884173,0.006519579983609936,2.600987072698968,1.0972980679934186,5f35d62993a88f0023c8d613,-119.2627817,246.5255634,null_model_1
