,attention_cost,exp_param,vm_param,pp_id,ll,AIC,agent_type
0,91.62299584382419,0.020289929283615036,6.832219996592048,5f35d65393a88f0023c8d623,-61.8416,127.6832,sparse_lqr
