,exp_param,vm_param,pp_id,ll,AIC,agent_type
0,0.005680996307837834,1.7405925279550905,5f35d7a693a88f0023c8d6b2,-115.84491260723786,235.68982521447572,null_model_2
