,attention_cost,exp_param,step_size,vm_param,pp_id,ll,AIC,agent_type
0,13.397397526999788,0.022433364554336477,0.6465546508727671,3.634018859566085,5f36121793a88f0023c9095f,-69.67147624841792,147.34295249683584,sparse_max_continuous
