,exp_param,vm_param,pp_id,ll,AIC,agent_type
0,0.00432926773114805,1.769579628630229,5f35d72b93a88f0023c8d674,-118.626604,241.253208,lqr
