,exp_param,vm_param,pp_id,ll,AIC,agent_type
0,0.0030020901699577673,1.6832760777607214,5f35d63193a88f0023c8d616,-124.079063,252.158126,lqr
