,attention_cost,exp_param,step_size,vm_param,pp_id,ll,AIC,agent_type
0,0.0,0.04196519291110258,0.5462960549623948,3.3454647109838707,5f35d63193a88f0023c8d616,-67.766252,141.532504,hill_climbing
