,attention_cost,exp_param,step_size,vm_param,pp_id,ll,AIC,agent_type
0,19.484565342377824,0.020433663152038952,0.0729979818278772,2.9333018911966513,5f35d81193a88f0023c8d742,-86.24852934710867,180.49705869421734,sparse_max_discrete
