,b,exp_param,n,vm_param,pp_id,ll,AIC,agent_type
0,1.2499887354880155,0.4943288067155263,2.1434329270295405,1.0623120805710184,5f35da6493a88f0023c8dc69,-96.3384,200.6768,null_model_1
