,attention_cost,exp_param,step_size,vm_param,pp_id,ll,AIC,agent_type
0,18.17626635454536,0.011134273187508308,0.9322986463562158,3.6002871973657955,5f360f4693a88f0023c908ef,-102.202508,212.405016,sparse_max_continuous
