,attention_cost,exp_param,vm_param,pp_id,ll,AIC,agent_type
0,11.334569166408915,0.028663895572502807,3.3192592563789525,5f35d8e393a88f0023c8d887,-81.641547,167.283094,sparse_lqr
