,attention_cost,exp_param,step_size,vm_param,pp_id,ll,AIC,agent_type
0,0.0,0.03742781664567699,0.19199072407543355,3.43519964502104,5f35e0a193a88f0023c8f986,-78.535155,163.07031,hill_climbing
