,exp_param,vm_param,pp_id,ll,AIC,agent_type
0,0.022711279382144747,2.9102905273286295,5f35d62693a88f0023c8d611,-88.844,181.688,null_model_2
