,attention_cost,exp_param,step_size,vm_param,pp_id,ll,AIC,agent_type
0,19.490271766468492,0.023525236941027275,0.08650529967419796,4.004480110113752,5f3610a993a88f0023c90912,-78.198351,164.396702,sparse_max_discrete
