,attention_cost,exp_param,step_size,vm_param,pp_id,ll,AIC,agent_type
0,0.0,0.022705179272180437,0.0,6.199197623931795,5f35d78293a88f0023c8d697,-81.563101221221,169.126202442442,hill_climbing
