,attention_cost,exp_param,step_size,vm_param,pp_id,ll,AIC,agent_type
0,0.0,0.03980675709724303,0.19631547674211158,3.556757172978217,5f35db0b93a88f0023c8ded5,-79.3152,164.6304,hill_climbing
