,b,exp_param,n,vm_param,pp_id,ll,AIC,agent_type
0,4.521459135792561,0.01334911756015219,3.342822719638547,2.524120541771352,5f3626b693a88f0023c91063,-95.48427268826828,198.96854537653655,null_model_1
