,attention_cost,exp_param,step_size,vm_param,pp_id,ll,AIC,agent_type
0,0.0,0.029361182004202263,0.08890974834357424,4.280886659140808,5f35d63393a88f0023c8d617,-73.49399728680142,152.98799457360283,hill_climbing
