,exp_param,vm_param,pp_id,ll,AIC,agent_type
0,0.015092268581072925,2.8333050562769313,5f35d68993a88f0023c8d637,-93.4606,190.9212,null_model_2
