,attention_cost,exp_param,step_size,vm_param,pp_id,ll,AIC,agent_type
0,7.762035742056352,0.017568384703816945,0.0083628357351202,3.8559190735186677,5f35df1293a88f0023c8f3db,-86.754249,181.508498,sparse_max_discrete
