,attention_cost,exp_param,step_size,vm_param,pp_id,ll,AIC,agent_type
0,0.0,0.008359216492830413,0.6230626432439592,2.299363043935826,5f35e93693a88f0023c905d9,-101.493399,208.986798,hill_climbing
