,attention_cost,exp_param,vm_param,pp_id,ll,AIC,agent_type
0,89.58812888997227,0.019172504323022675,4.003230365828504,5f35d81193a88f0023c8d742,-89.094839,182.189678,sparse_lqr
