,attention_cost,exp_param,step_size,vm_param,pp_id,ll,AIC,agent_type
0,25.43684063271171,0.005454260007823243,1.446379013192651,2.088284024478948,5f35d7a693a88f0023c8d6b2,-114.11123957945838,236.22247915891677,sparse_max_discrete
