,attention_cost,exp_param,step_size,vm_param,pp_id,ll,AIC,agent_type
0,0.0,0.05543447934376043,0.26620312193280377,7.960231552260239,5f35d77893a88f0023c8d691,-45.52403,97.04806,hill_climbing
