,attention_cost,exp_param,step_size,vm_param,pp_id,ll,AIC,agent_type
0,0.0,0.00883011274540994,0.7490973433274406,3.456008098659261,5f35d65d93a88f0023c8d629,-96.3967,198.7934,hill_climbing
