,attention_cost,exp_param,step_size,vm_param,pp_id,ll,AIC,agent_type
0,0.0,0.07993393510861238,0.0,1.701124339816785,5f35da6493a88f0023c8dc69,-88.61649,183.23298,hill_climbing
