,attention_cost,exp_param,step_size,vm_param,pp_id,ll,AIC,agent_type
0,0.0,0.0032929867811998634,0.47819242095440784,8.575912836581022,5f35d72493a88f0023c8d66f,-86.04652346320087,178.09304692640174,hill_climbing
