,exp_param,vm_param,pp_id,ll,AIC,agent_type
0,0.03093915779206237,3.724357914167115,5f35d73993a88f0023c8d677,-78.33645669065679,160.67291338131358,null_model_2
