,attention_cost,exp_param,step_size,vm_param,pp_id,ll,AIC,agent_type
0,21.002913391264755,0.003614557633930281,0.005455822000843991,1.7391527058568024,5f35d7a693a88f0023c8d6b2,-115.5023,239.0046,sparse_max_continuous
