,exp_param,vm_param,pp_id,ll,AIC,agent_type
0,0.005072343447531973,1.2236411368891587,5f35d84893a88f0023c8d7af,-124.875453,253.750906,lqr
