,attention_cost,exp_param,step_size,vm_param,pp_id,ll,AIC,agent_type
0,0.0,0.2631395023852461,0.48202727418154734,2.563172037004629,5f35d7f393a88f0023c8d71a,-76.26861201554141,160.53722403108281,sparse_max_discrete
