,attention_cost,exp_param,vm_param,pp_id,ll,AIC,agent_type
0,54.623478534238004,0.01451319475245737,4.227377851904705,5f35d72b93a88f0023c8d674,-85.38174392856591,174.76348785713182,sparse_lqr
