,attention_cost,exp_param,step_size,vm_param,pp_id,ll,AIC,agent_type
0,2.798105406644634,0.014236613735458165,0.2346142259276222,2.9753611158628344,5f35d71a93a88f0023c8d66c,-84.386375,176.77275,sparse_max_discrete
