,attention_cost,exp_param,step_size,vm_param,pp_id,ll,AIC,agent_type
0,0.05199545425570662,0.0424468645214686,0.6762650683110765,2.225114342743537,5f35d84893a88f0023c8d7af,-98.080785,204.16157,sparse_max_continuous
