,exp_param,vm_param,pp_id,ll,AIC,agent_type
0,0.011445378771436893,1.9519054354992482,5f35d6aa93a88f0023c8d642,-106.0155,216.031,null_model_2
