,attention_cost,exp_param,step_size,vm_param,pp_id,ll,AIC,agent_type
0,22.801785940159174,0.026098211367042472,0.3594143834768911,5.253714933245298,5f3610a993a88f0023c90912,-76.418899,160.837798,sparse_max_discrete
