,exp_param,vm_param,pp_id,ll,AIC,agent_type
0,0.0019338044453249717,1.1482745473644085,5f35dc9193a88f0023c8e6bd,-135.393435,274.78687,lqr
