,attention_cost,exp_param,step_size,vm_param,pp_id,ll,AIC,agent_type
0,0.0,0.093246256174029,0.27939031706650636,3.4556072704304777,5f35d63193a88f0023c8d616,-68.2663,142.5326,hill_climbing
