,attention_cost,exp_param,step_size,vm_param,pp_id,ll,AIC,agent_type
0,0.0,0.052017799780420766,0.06769989819777265,4.703746228327698,5f35d6b193a88f0023c8d648,-65.4628,136.9256,hill_climbing
