,attention_cost,exp_param,vm_param,pp_id,ll,AIC,agent_type
0,57.27461666549198,0.05652268191983431,2.378013981462068,5f35e00093a88f0023c8f758,-84.7468,173.4936,sparse_lqr
