,exp_param,vm_param,pp_id,ll,AIC,agent_type
0,0.06425171662190667,9.912390597826654,5f35d72593a88f0023c8d671,-48.790199,101.580398,null_model_2
