,attention_cost,exp_param,step_size,vm_param,pp_id,ll,AIC,agent_type
0,0.0,0.04803773785504524,0.009716022785490497,4.843018710568424,5f35d6af93a88f0023c8d646,-73.467,152.934,hill_climbing
