,attention_cost,exp_param,step_size,vm_param,pp_id,ll,AIC,agent_type
0,25.398744915202265,0.009833474235487447,0.08048769748642759,4.289074777715255,5f35d7f093a88f0023c8d716,-82.640077,173.280154,sparse_max_discrete
