,attention_cost,exp_param,step_size,vm_param,pp_id,ll,AIC,agent_type
0,0.0,0.052787557890067185,0.1745159030479994,5.362890129223335,5f35df8293a88f0023c8f57b,-62.56093303392216,131.12186606784434,hill_climbing
