,attention_cost,exp_param,step_size,vm_param,pp_id,ll,AIC,agent_type
0,0.0,0.07893433474217026,0.016645023379464163,2.2630398535909633,5f361ea793a88f0023c90f71,-86.091536,178.183072,hill_climbing
