,exp_param,vm_param,pp_id,ll,AIC,agent_type
0,0.0029286665659229924,1.247363019249712,5f35d79b93a88f0023c8d6aa,-130.0509,264.1018,lqr
