,attention_cost,exp_param,step_size,vm_param,pp_id,ll,AIC,agent_type
0,22.728653778321974,0.017300100048695307,0.04545821142129708,6.762743832800262,5f35d83093a88f0023c8d771,-73.15376210729309,154.30752421458618,sparse_max_discrete
