,attention_cost,exp_param,vm_param,pp_id,ll,AIC,agent_type
0,87.58185090680408,0.001,4.613181958244698,5f35da4f93a88f0023c8dc28,-113.914291,231.828582,sparse_lqr
