,b,exp_param,n,vm_param,pp_id,ll,AIC,agent_type
0,4.419512946706218,0.042835692729696284,1.1975855385332572,1.5045502836766345,5f35e11793a88f0023c8fa8c,-111.17846097299312,230.35692194598624,null_model_1
