,attention_cost,exp_param,vm_param,pp_id,ll,AIC,agent_type
0,278.1698000547969,0.001,2.317053671938088,5f35dba493a88f0023c8e193,-120.61492408617286,245.22984817234573,sparse_lqr
