,exp_param,vm_param,pp_id,ll,AIC,agent_type
0,0.003168164614676636,5.586042746844086,5f35d72493a88f0023c8d66f,-92.84982,189.69964,null_model_2
