,attention_cost,exp_param,step_size,vm_param,pp_id,ll,AIC,agent_type
0,1.5849929469533086,0.05391626401005331,0.11340876093672675,2.7761512848617684,5f35d5d093a88f0023c8d5f7,-72.69729172148033,153.39458344296065,sparse_max_discrete
