,exp_param,vm_param,pp_id,ll,AIC,agent_type
0,0.07012920258331966,4.896591967683822,5f35da2c93a88f0023c8db97,-63.662193,131.324386,null_model_2
