,attention_cost,exp_param,step_size,vm_param,pp_id,ll,AIC,agent_type
0,29.928087180674904,0.09383997763418546,0.247835831782865,2.771509718100902,5f35d6af93a88f0023c8d646,-71.212685,150.42537,sparse_max_discrete
