,exp_param,vm_param,pp_id,ll,AIC,agent_type
0,0.038460995350198535,9.959521536603102,5f35d77893a88f0023c8d691,-52.42506845942972,108.85013691885943,null_model_2
