,exp_param,vm_param,pp_id,ll,AIC,agent_type
0,0.01860757048649614,9.967732867389152,5f35d76593a88f0023c8d688,-61.204045,126.40809,null_model_2
