,exp_param,vm_param,pp_id,ll,AIC,agent_type
0,0.001,0.9944519134291686,5f35e70693a88f0023c90462,-244.63859363471005,493.2771872694201,lqr
