,attention_cost,exp_param,step_size,vm_param,pp_id,ll,AIC,agent_type
0,1.74141983507482,0.3061818742207394,1.4900325186270775,1.4432399668300988,5f361f5693a88f0023c90f72,-85.54364426540886,179.08728853081772,sparse_max_discrete
