,attention_cost,exp_param,vm_param,pp_id,ll,AIC,agent_type
0,72.03465165233987,0.037281404610963256,8.125504139516316,5f35d93793a88f0023c8d930,-59.211121,122.422242,sparse_lqr
