,attention_cost,exp_param,step_size,vm_param,pp_id,ll,AIC,agent_type
0,0.0,0.11281773800221655,0.43545129174043745,6.3885144794095705,5f35d80393a88f0023c8d729,-46.493172,98.986344,hill_climbing
