,exp_param,vm_param,pp_id,ll,AIC,agent_type
0,0.02564348839436922,2.911030720950165,5f35db0b93a88f0023c8ded5,-87.632014,179.264028,null_model_2
