,attention_cost,exp_param,step_size,vm_param,pp_id,ll,AIC,agent_type
0,9.654598901637119,0.17343201549967271,0.6129558375198936,2.414187479655988,5f35d6f793a88f0023c8d65f,-72.11499064438605,152.2299812887721,sparse_max_discrete
