,attention_cost,exp_param,vm_param,pp_id,ll,AIC,agent_type
0,113.04145620716932,0.03767921640615364,3.247743796235084,5f35d74693a88f0023c8d67e,-78.090673,160.181346,sparse_lqr
