,attention_cost,exp_param,step_size,vm_param,pp_id,ll,AIC,agent_type
0,26.549092586854485,0.11418811119758945,0.29494462634472124,4.353101091653637,5f360f1993a88f0023c908ea,-61.25372441654043,130.50744883308084,sparse_max_discrete
