,attention_cost,exp_param,step_size,vm_param,pp_id,ll,AIC,agent_type
0,0.0,0.07519258381608035,0.0005154159091508292,2.974572558474111,5f361ea793a88f0023c90f71,-87.7214175469393,181.4428350938786,hill_climbing
