,attention_cost,exp_param,vm_param,pp_id,ll,AIC,agent_type
0,22.069089636623318,0.07262748694947117,3.777049332579443,5f35d97e93a88f0023c8d9d4,-59.101488871895455,122.20297774379091,sparse_lqr
