,attention_cost,exp_param,vm_param,pp_id,ll,AIC,agent_type
0,80.71424391324314,0.004294071371604352,2.4575239373246918,5f35dae093a88f0023c8de20,-118.061448,240.122896,sparse_lqr
