,attention_cost,exp_param,step_size,vm_param,pp_id,ll,AIC,agent_type
0,22.709362617954813,0.03198886394052194,0.2630494979394009,3.9872770679285297,5f35e0a193a88f0023c8f986,-77.785938571114,163.571877142228,sparse_max_discrete
