,attention_cost,exp_param,vm_param,pp_id,ll,AIC,agent_type
0,285.5327079101555,0.05186147113337032,2.3507186409101455,5f361ea793a88f0023c90f71,-86.37405724340445,176.7481144868089,sparse_lqr
