,b,exp_param,n,vm_param,pp_id,ll,AIC,agent_type
0,4.300093472462234,0.015316791362400665,3.4567518165134654,2.3680317935912374,5f35d83993a88f0023c8d78b,-105.12953392159724,218.2590678431945,null_model_1
