,attention_cost,exp_param,vm_param,pp_id,ll,AIC,agent_type
0,11.95797799063577,0.13565832484271836,1.9341639901491836,5f360ee993a88f0023c908e8,-86.40718222560359,176.81436445120718,sparse_lqr
