,attention_cost,exp_param,step_size,vm_param,pp_id,ll,AIC,agent_type
0,0.0,0.08984063798904393,0.5475932197422451,0.9377434478859525,5f35e37d93a88f0023c8ffdc,-99.6819,205.3638,hill_climbing
