,attention_cost,exp_param,step_size,vm_param,pp_id,ll,AIC,agent_type
0,3.6431585055761646,0.001,0.7315215543743437,3.777065027152273,5f35dba493a88f0023c8e193,-105.220074,218.440148,sparse_max_continuous
