,attention_cost,exp_param,vm_param,pp_id,ll,AIC,agent_type
0,124.08258686363136,0.023240465310019564,3.5211761072452905,5f35d62693a88f0023c8d611,-88.45229574157283,180.90459148314565,sparse_lqr
