,b,exp_param,n,vm_param,pp_id,ll,AIC,agent_type
0,4.627093673879595,0.051912894643564016,3.1126773396434704,3.902184127077252,5f35d73b93a88f0023c8d678,-76.09705720000001,160.19411440000002,null_model_1
