,attention_cost,exp_param,step_size,vm_param,pp_id,ll,AIC,agent_type
0,24.42981419687415,0.0021286618080971417,0.06305924269201713,6.641369530045946,5f35da4f93a88f0023c8dc28,-71.452388,150.904776,sparse_max_discrete
