,attention_cost,exp_param,step_size,vm_param,pp_id,ll,AIC,agent_type
0,29.150030867823922,0.04841806199031634,0.7050291929698789,2.10102087588238,5f3612ca93a88f0023c909a0,-83.35255,174.7051,sparse_max_discrete
