,attention_cost,exp_param,vm_param,pp_id,ll,AIC,agent_type
0,135.5756900542445,0.061498153172554734,2.0805360832491604,5f361ea793a88f0023c90f71,-86.065929,176.131858,sparse_lqr
