,attention_cost,exp_param,vm_param,pp_id,ll,AIC,agent_type
0,153.49973186659824,0.00901466204967729,6.444187653188454,5f35d72593a88f0023c8d671,-74.4134,152.8268,sparse_lqr
