,exp_param,vm_param,pp_id,ll,AIC,agent_type
0,0.0361347727700166,4.463558363086784,5f360f1993a88f0023c908ea,-73.0803,150.1606,null_model_2
