,attention_cost,exp_param,step_size,vm_param,pp_id,ll,AIC,agent_type
0,9.036575022552151,0.013558571807040853,0.10774233867231403,3.0266733844559646,5f35d65d93a88f0023c8d629,-96.467613,200.935226,sparse_max_continuous
