,attention_cost,exp_param,vm_param,pp_id,ll,AIC,agent_type
0,118.75972500595887,0.03201216765915113,9.22618190504429,5f35dafe93a88f0023c8de97,-40.129255,84.25851,sparse_lqr
