,attention_cost,exp_param,vm_param,pp_id,ll,AIC,agent_type
0,291.70481511379035,0.001,3.0316218870460454,5f35e70693a88f0023c90462,-215.0757,434.1514,sparse_lqr
