,attention_cost,exp_param,step_size,vm_param,pp_id,ll,AIC,agent_type
0,0.0,0.034237209149364886,0.07489912824679462,4.843983220461139,5f35d63393a88f0023c8d617,-73.525764,153.051528,hill_climbing
