,attention_cost,exp_param,vm_param,pp_id,ll,AIC,agent_type
0,72.19707176601015,0.02142585024360393,4.005429043744061,5f35d81193a88f0023c8d742,-89.36373479858827,182.72746959717654,sparse_lqr
