,attention_cost,exp_param,vm_param,pp_id,ll,AIC,agent_type
0,17.094608148429824,0.024397530307043936,5.642103029777284,5f36107b93a88f0023c9090e,-71.1724,146.3448,sparse_lqr
