,attention_cost,exp_param,step_size,vm_param,pp_id,ll,AIC,agent_type
0,0.0,0.03690506744930007,0.11904900642284216,3.306052864713526,5f35e0a193a88f0023c8f986,-78.840875,163.68175,hill_climbing
