,attention_cost,exp_param,vm_param,pp_id,ll,AIC,agent_type
0,75.0182370903909,0.07765232267346998,2.2293365904249898,5f35e11793a88f0023c8fa8c,-87.75764005748698,179.51528011497396,sparse_lqr
