,exp_param,vm_param,pp_id,ll,AIC,agent_type
0,0.011497225118359992,1.333624780359719,5f35d73993a88f0023c8d677,-114.951169,233.902338,lqr
