,attention_cost,exp_param,step_size,vm_param,pp_id,ll,AIC,agent_type
0,1.1543006478124342,0.17972776712577196,0.8164664927242008,2.1358101045482014,5f35d7f393a88f0023c8d71a,-78.665502,165.331004,sparse_max_discrete
