,attention_cost,exp_param,step_size,vm_param,pp_id,ll,AIC,agent_type
0,2.869888049998811,0.13160224955413444,0.36836485606445435,2.7155562833139992,5f35d79293a88f0023c8d6a1,-66.4763315409017,140.9526630818034,sparse_max_discrete
