,exp_param,vm_param,pp_id,ll,AIC,agent_type
0,0.008309280284696685,2.4100055861039635,5f35db0b93a88f0023c8ded5,-102.38954675487649,208.77909350975298,lqr
