,attention_cost,exp_param,step_size,vm_param,pp_id,ll,AIC,agent_type
0,2.204161117949499,0.2889508740141847,0.530177142993947,1.761537767287985,5f361f5693a88f0023c90f72,-85.49277,178.98554,sparse_max_discrete
