,attention_cost,exp_param,step_size,vm_param,pp_id,ll,AIC,agent_type
0,15.461964715199601,0.08203533929914078,0.05796798695725475,1.6614019802382085,5f360eea93a88f0023c908e9,-79.58161319661427,167.16322639322854,sparse_max_continuous
