,attention_cost,exp_param,vm_param,pp_id,ll,AIC,agent_type
0,222.871267151411,0.001,2.6424139633616157,5f360ea493a88f0023c908e6,-118.90077132026158,241.80154264052317,sparse_lqr
