,exp_param,vm_param,pp_id,ll,AIC,agent_type
0,0.033971966045352534,7.5641724190736435,5f35d93793a88f0023c8d930,-61.5833,127.1666,null_model_2
