,attention_cost,exp_param,step_size,vm_param,pp_id,ll,AIC,agent_type
0,16.678255778874277,0.011704567029210668,0.46414408319637396,1.8274583479501694,5f360f4693a88f0023c908ef,-110.56108128861847,229.12216257723694,sparse_max_discrete
