,exp_param,vm_param,pp_id,ll,AIC,agent_type
0,0.0016100058664813791,1.56837940608605,5f35e93693a88f0023c905d9,-131.242889,266.485778,lqr
