,exp_param,vm_param,pp_id,ll,AIC,agent_type
0,0.007068764176603053,3.1075276592363013,5f36101b93a88f0023c90907,-99.363114,202.726228,null_model_2
