,exp_param,vm_param,pp_id,ll,AIC,agent_type
0,0.014013299054677266,0.893103551160932,5f35d6aa93a88f0023c8d642,-119.2818,242.5636,lqr
