,exp_param,vm_param,pp_id,ll,AIC,agent_type
0,0.015110534451964669,2.8324108959898386,5f35d68993a88f0023c8d637,-93.46061,190.92122,null_model_2
