,attention_cost,exp_param,step_size,vm_param,pp_id,ll,AIC,agent_type
0,11.97369015632162,0.04314757191331756,0.003238207020460071,9.917229241918847,5f35d77893a88f0023c8d691,-52.5884,113.1768,sparse_max_continuous
