,attention_cost,exp_param,vm_param,pp_id,ll,AIC,agent_type
0,12.824585915969756,0.08993694216949667,2.2231331628684337,5f35d60393a88f0023c8d605,-84.879999,173.759998,sparse_lqr
