,attention_cost,exp_param,step_size,vm_param,pp_id,ll,AIC,agent_type
0,3.5630785612523974,0.027236551868523032,0.9700724673090002,1.2168612287015745,5f35d8b893a88f0023c8d833,-102.38527706270787,212.77055412541574,sparse_max_discrete
