,attention_cost,exp_param,step_size,vm_param,pp_id,ll,AIC,agent_type
0,11.25048838374674,0.035614983453274796,1.055778803701689,2.6903185402757126,5f35dab593a88f0023c8dda2,-89.5862,187.1724,sparse_max_continuous
