,attention_cost,exp_param,vm_param,pp_id,ll,AIC,agent_type
0,72.36621795233471,0.04779106981165808,7.631589070654432,5f35d93793a88f0023c8d930,-59.2803,122.5606,sparse_lqr
