,attention_cost,exp_param,step_size,vm_param,pp_id,ll,AIC,agent_type
0,0.0,0.022599892380945178,0.12160050282376522,9.576003320373994,5f362fb593a88f0023c91191,-58.93423071692469,123.86846143384938,hill_climbing
