,attention_cost,exp_param,vm_param,pp_id,ll,AIC,agent_type
0,46.16131830315439,0.01144712835405957,1.2117151836261186,5f35d62993a88f0023c8d613,-118.569938,241.139876,sparse_lqr
