,exp_param,vm_param,pp_id,ll,AIC,agent_type
0,0.01345558885510911,4.113430722802043,5f35d7f093a88f0023c8d716,-85.499577,174.999154,null_model_2
