,attention_cost,exp_param,step_size,vm_param,pp_id,ll,AIC,agent_type
0,0.0,0.10443355962755053,0.6221951951953889,9.162413194389032,5f35d72f93a88f0023c8d675,-40.486007196832695,86.97201439366539,hill_climbing
