,attention_cost,exp_param,step_size,vm_param,pp_id,ll,AIC,agent_type
0,8.518587088337743,0.02245687724164075,0.6516096041793222,4.64199648762677,5f35d73993a88f0023c8d677,-75.694996,159.389992,sparse_max_continuous
