,exp_param,vm_param,pp_id,ll,AIC,agent_type
0,0.01176908587010815,1.9213543485317952,5f35d6aa93a88f0023c8d642,-106.023305,216.04661,null_model_2
