,attention_cost,exp_param,step_size,vm_param,pp_id,ll,AIC,agent_type
0,0.0,0.038198339917599994,0.22839508202383885,8.777832392035377,5f35d77893a88f0023c8d691,-47.881944,101.763888,hill_climbing
