,exp_param,vm_param,pp_id,ll,AIC,agent_type
0,0.002421692229504774,2.205692814467912,5f35dba493a88f0023c8e193,-118.434424,240.868848,null_model_2
