,attention_cost,exp_param,vm_param,pp_id,ll,AIC,agent_type
0,279.5916207590512,0.014937621402621417,2.3436208612142053,5f35d65d93a88f0023c8d629,-103.31222377784205,210.6244475556841,sparse_lqr
