,attention_cost,exp_param,vm_param,pp_id,ll,AIC,agent_type
0,13.365563563428518,0.10838663497698682,2.257093386078547,5f35e11793a88f0023c8fa8c,-87.950041,179.900082,sparse_lqr
