,exp_param,vm_param,pp_id,ll,AIC,agent_type
0,0.003635099916219999,1.6616122848351733,5f35d72593a88f0023c8d671,-122.6708,249.3416,lqr
