,attention_cost,exp_param,step_size,vm_param,pp_id,ll,AIC,agent_type
0,0.0,0.07950804359503973,0.0,2.0268176320940383,5f360ee993a88f0023c908e8,-88.725989,183.451978,hill_climbing
