,attention_cost,exp_param,step_size,vm_param,pp_id,ll,AIC,agent_type
0,0.0,0.027276292756686117,0.8730361093936038,3.008030285383502,5f35d9ad93a88f0023c8da5b,-82.0372,170.0744,hill_climbing
