,attention_cost,exp_param,vm_param,pp_id,ll,AIC,agent_type
0,156.60890630113573,0.014299876680050842,4.928119134791649,5f35df1293a88f0023c8f3db,-75.6963,155.3926,sparse_lqr
