,attention_cost,exp_param,step_size,vm_param,pp_id,ll,AIC,agent_type
0,0.0,0.053191985390458364,0.051682183948654765,9.901534508591855,5f35d6bc93a88f0023c8d64b,-36.59229204288811,79.18458408577622,hill_climbing
