,attention_cost,exp_param,step_size,vm_param,pp_id,ll,AIC,agent_type
0,0.0,0.054326072042048965,0.16422039124552568,4.173094586282965,5f360f1993a88f0023c908ea,-70.85484762879443,147.70969525758886,hill_climbing
