,attention_cost,exp_param,vm_param,pp_id,ll,AIC,agent_type
0,24.677533068272684,0.011932101095909049,9.992613460646261,5f35d76793a88f0023c8d689,-45.7117,95.4234,sparse_lqr
