,exp_param,vm_param,pp_id,ll,AIC,agent_type
0,0.0030185796672283463,0.892539919715214,5f35d74693a88f0023c8d67e,-135.055968,274.111936,lqr
