,b,exp_param,n,vm_param,pp_id,ll,AIC,agent_type
0,7.081018214335943,0.005822356202783772,1.086888399961167,4.729662828138511,5f35dc7593a88f0023c8e5d3,-90.3025749,188.6051498,null_model_1
