,exp_param,vm_param,pp_id,ll,AIC,agent_type
0,0.01205673480409689,1.5032124877240716,5f35e09e93a88f0023c8f979,-111.5409,227.0818,lqr
