,attention_cost,exp_param,step_size,vm_param,pp_id,ll,AIC,agent_type
0,24.60216896319548,0.012276321380388928,0.05368738836593351,1.7810570895616085,5f35d94f93a88f0023c8d95c,-101.7093,211.4186,sparse_max_discrete
