,exp_param,vm_param,pp_id,ll,AIC,agent_type
0,0.027098161061435345,2.692639712067294,5f35d61893a88f0023c8d60c,-89.1866001107287,182.3732002214574,null_model_2
