,attention_cost,exp_param,step_size,vm_param,pp_id,ll,AIC,agent_type
0,0.0,0.028961366059292667,0.03729859991063128,5.158888671826562,5f35d7d393a88f0023c8d6f4,-69.530525,145.06105,hill_climbing
