,attention_cost,exp_param,step_size,vm_param,pp_id,ll,AIC,agent_type
0,0.0,0.07684056889510874,0.7706890177782187,1.8058383474595419,5f35dfdb93a88f0023c8f6da,-88.19103350990261,182.38206701980522,hill_climbing
