,exp_param,vm_param,pp_id,ll,AIC,agent_type
0,0.0014475352850181473,1.7761164598125612,5f35d72493a88f0023c8d66f,-128.73867759036145,261.4773551807229,lqr
