,exp_param,vm_param,pp_id,ll,AIC,agent_type
0,0.0273196510573487,5.5570905431272895,5f35d90c93a88f0023c8d8d0,-70.196273,144.392546,null_model_2
