,exp_param,vm_param,pp_id,ll,AIC,agent_type
0,0.0031784091399957317,1.665789558252142,5f35d6bc93a88f0023c8d64b,-123.279183,250.558366,lqr
