,attention_cost,exp_param,step_size,vm_param,pp_id,ll,AIC,agent_type
0,0.0,0.08734403526919204,0.5609354986502578,1.0220285773891202,5f35e37d93a88f0023c8ffdc,-99.01724775709894,204.03449551419789,hill_climbing
