,attention_cost,exp_param,vm_param,pp_id,ll,AIC,agent_type
0,111.51265189998276,0.010852226294416428,2.937663463673892,5f35e94193a88f0023c905da,-99.5687,203.1374,sparse_lqr
