,attention_cost,exp_param,step_size,vm_param,pp_id,ll,AIC,agent_type
0,15.705563691961643,0.04091785662424328,0.046171907061022144,9.997515303786223,5f35d6bc93a88f0023c8d64b,-37.521815369208994,83.04363073841799,sparse_max_continuous
