,attention_cost,exp_param,step_size,vm_param,pp_id,ll,AIC,agent_type
0,0.0,0.0359718770407959,0.008807276390813079,8.361591124464836,5f35d93793a88f0023c8d930,-61.6320333100179,129.2640666200358,hill_climbing
