,attention_cost,exp_param,step_size,vm_param,pp_id,ll,AIC,agent_type
0,29.062819669176942,0.006056310472219015,0.07765694277702556,3.4505131545638488,5f36101b93a88f0023c90907,-92.41146,192.82292,sparse_max_discrete
