,attention_cost,exp_param,step_size,vm_param,pp_id,ll,AIC,agent_type
0,21.081935102527844,0.013567443012537688,0.015938587368363177,3.496163021757621,5f35df1293a88f0023c8f3db,-86.82444,181.64888,sparse_max_continuous
