,b,exp_param,n,vm_param,pp_id,ll,AIC,agent_type
0,2.134427143724345,0.03988505726692858,4.830758962012531,2.231993447002314,5f35e00093a88f0023c8f758,-87.34654809999999,182.69309619999999,null_model_1
