,attention_cost,exp_param,step_size,vm_param,pp_id,ll,AIC,agent_type
0,4.433606007164038,0.011419661599343559,0.06314680796420469,9.860036236349357,5f35d78493a88f0023c8d69f,-59.554352,127.108704,sparse_max_continuous
