,attention_cost,exp_param,step_size,vm_param,pp_id,ll,AIC,agent_type
0,0.0,0.0556110629460691,0.00731173564391735,4.660881878785713,5f35d7d693a88f0023c8d6f7,-65.20622775353569,136.41245550707137,hill_climbing
