,attention_cost,exp_param,vm_param,pp_id,ll,AIC,agent_type
0,12.463731647184517,0.04871194329211546,3.71069824387754,5f35d8e393a88f0023c8d887,-83.1106,170.2212,sparse_lqr
