,exp_param,vm_param,pp_id,ll,AIC,agent_type
0,0.052066096242357626,6.118605414504332,5f35d90b93a88f0023c8d8cf,-61.686901953880536,127.37380390776107,null_model_2
