,b,exp_param,n,vm_param,pp_id,ll,AIC,agent_type
0,1.0,0.4874682794895302,1.6167722016916382,0.6869051412699289,5f35da6493a88f0023c8dc69,-97.4271841,202.8543682,null_model_1
