,exp_param,vm_param,pp_id,ll,AIC,agent_type
0,0.0050412053349312294,0.7666851705338806,5f35e94193a88f0023c905da,-130.8318,265.6636,lqr
