,attention_cost,exp_param,step_size,vm_param,pp_id,ll,AIC,agent_type
0,28.28551660024425,0.13598085371927737,0.9789467221544931,1.8722713269163138,5f35d5ee93a88f0023c8d5fe,-87.03197,182.06394,sparse_max_discrete
