,exp_param,vm_param,pp_id,ll,AIC,agent_type
0,0.007067355793263175,3.0035835699577564,5f36101b93a88f0023c90907,-99.3442,202.6884,null_model_2
