,attention_cost,exp_param,step_size,vm_param,pp_id,ll,AIC,agent_type
0,0.0,0.0817801176546637,0.18247749178087452,1.978326620382459,5f35d60393a88f0023c8d605,-83.227088,172.454176,hill_climbing
