,attention_cost,exp_param,vm_param,pp_id,ll,AIC,agent_type
0,95.83931234055039,0.030251482928835328,9.88115978673283,5f35d7fa93a88f0023c8d725,-58.112252,120.224504,sparse_lqr
