,attention_cost,exp_param,vm_param,pp_id,ll,AIC,agent_type
0,75.0146081920754,0.04599641971147653,2.019560103641936,5f35dfdb93a88f0023c8f6da,-90.093127,184.186254,sparse_lqr
