,attention_cost,exp_param,step_size,vm_param,pp_id,ll,AIC,agent_type
0,0.12153300412692136,0.16329219721284982,0.027504738337201073,4.4465017794053825,5f360ff993a88f0023c90904,-49.57585246799157,107.15170493598313,sparse_max_continuous
