,b,exp_param,n,vm_param,pp_id,ll,AIC,agent_type
0,1.0,0.001,1.0,1.8099206648301003,5f35dba493a88f0023c8e193,-126.3151112634802,260.63022252696044,null_model_1
