,attention_cost,exp_param,step_size,vm_param,pp_id,ll,AIC,agent_type
0,25.751542219061125,0.01517139932764916,0.04053966310882717,3.673843553659659,5f35d7f093a88f0023c8d716,-85.55501576487026,179.11003152974052,sparse_max_discrete
