,attention_cost,exp_param,step_size,vm_param,pp_id,ll,AIC,agent_type
0,0.0,0.0133094873894559,0.4032761721143886,7.455398292709127,5f35d65393a88f0023c8d623,-60.8457,127.6914,hill_climbing
