,exp_param,vm_param,pp_id,ll,AIC,agent_type
0,0.005185110953171918,1.5566941811794999,5f35d78493a88f0023c8d69f,-118.9058,241.8116,lqr
