,attention_cost,exp_param,step_size,vm_param,pp_id,ll,AIC,agent_type
0,0.09310916998778618,0.010762360103309415,0.8285310849035814,3.049319433240064,5f35d9ad93a88f0023c8da5b,-85.6258941793188,179.2517883586376,sparse_max_discrete
