,exp_param,vm_param,pp_id,ll,AIC,agent_type
0,0.019074618351305615,5.2866061886642495,5f35d64293a88f0023c8d61c,-75.411707,154.823414,null_model_2
