,attention_cost,exp_param,vm_param,pp_id,ll,AIC,agent_type
0,15.752774613539389,0.058332400150527264,7.877416932850673,5f35db9193a88f0023c8e13f,-50.95173297984541,105.90346595969082,sparse_lqr
