,attention_cost,exp_param,step_size,vm_param,pp_id,ll,AIC,agent_type
0,0.0,0.02331574815520074,0.41726555672671417,5.81748654842813,5f35d5ea93a88f0023c8d5fd,-76.203007,158.406014,hill_climbing
