,exp_param,vm_param,pp_id,ll,AIC,agent_type
0,0.008859641062443354,2.561723146211569,5f35db0b93a88f0023c8ded5,-102.3878,208.7756,lqr
