,attention_cost,exp_param,vm_param,pp_id,ll,AIC,agent_type
0,39.82352732334296,0.05525554759891692,8.154265835659917,5f35d77893a88f0023c8d691,-49.6404,103.2808,sparse_lqr
