,b,exp_param,n,vm_param,pp_id,ll,AIC,agent_type
0,1.3604110121836088,0.019850717665999797,2.196149698632931,4.4612528420506825,5f35d76593a88f0023c8d688,-80.34993036226697,168.69986072453395,null_model_1
