,attention_cost,exp_param,vm_param,pp_id,ll,AIC,agent_type
0,15.161031472468833,0.057605949451644885,2.2964609746583786,5f35e76793a88f0023c90491,-95.93019134340435,195.8603826868087,sparse_lqr
