,attention_cost,exp_param,vm_param,pp_id,ll,AIC,agent_type
0,86.73895221123846,0.03754411488050937,4.40604062841548,5f35d7d393a88f0023c8d6f4,-68.24742603762587,140.49485207525174,sparse_lqr
