,exp_param,vm_param,pp_id,ll,AIC,agent_type
0,0.06341506226880564,8.246503658206667,5f35d72f93a88f0023c8d675,-53.53718,111.07436,null_model_2
