,attention_cost,exp_param,step_size,vm_param,pp_id,ll,AIC,agent_type
0,0.0,0.08411943379943967,0.5988279080286807,7.969622519799001,5f35d64493a88f0023c8d61e,-49.057726,104.115452,hill_climbing
