,exp_param,vm_param,pp_id,ll,AIC,agent_type
0,0.0031197174373893163,1.6507712822107434,5f3610a993a88f0023c90912,-123.914578,251.829156,lqr
