,attention_cost,exp_param,step_size,vm_param,pp_id,ll,AIC,agent_type
0,23.664130238601494,0.03252902274339613,0.01691205687003966,6.780000722545346,5f35d93793a88f0023c8d930,-61.71932216486621,131.43864432973243,sparse_max_discrete
