,attention_cost,exp_param,step_size,vm_param,pp_id,ll,AIC,agent_type
0,0.0,0.09548026357743672,0.002079291169095332,3.974120730282813,5f35d79293a88f0023c8d6a1,-71.198079,148.396158,hill_climbing
