,attention_cost,exp_param,step_size,vm_param,pp_id,ll,AIC,agent_type
0,19.341381762675734,0.02280712265969829,0.05920934098382641,8.350939904891746,5f35d93793a88f0023c8d930,-61.024939,130.049878,sparse_max_discrete
