,exp_param,vm_param,pp_id,ll,AIC,agent_type
0,0.0036192075635713278,0.9841657117585711,5f35d62693a88f0023c8d611,-132.2966,268.5932,lqr
