,exp_param,vm_param,pp_id,ll,AIC,agent_type
0,0.06151520251111944,2.5935552477581347,5f35d71c93a88f0023c8d66e,-81.1397,166.2794,null_model_2
