,attention_cost,exp_param,step_size,vm_param,pp_id,ll,AIC,agent_type
0,0.0,0.01800929035365784,0.466753390951895,4.025154865964133,5f3626b693a88f0023c91063,-78.7151,163.4302,hill_climbing
