,exp_param,vm_param,pp_id,ll,AIC,agent_type
0,0.01807396001303105,0.6675281404752587,5f35d7f393a88f0023c8d71a,-118.971281,241.942562,lqr
