,exp_param,vm_param,pp_id,ll,AIC,agent_type
0,0.0010087304022016852,4.229274432988243,5f35da4f93a88f0023c8dc28,-111.9032,227.8064,lqr
