,attention_cost,exp_param,step_size,vm_param,pp_id,ll,AIC,agent_type
0,8.633260157590462,0.1308985435461594,0.029050436805445612,6.788355329398909,5f35d80393a88f0023c8d729,-53.168104965623044,114.33620993124609,sparse_max_continuous
