,attention_cost,exp_param,vm_param,pp_id,ll,AIC,agent_type
0,108.60813031610546,0.027137041021287923,3.9928751067344006,5f3610a993a88f0023c90912,-78.89515933571519,161.79031867143038,sparse_lqr
