,exp_param,vm_param,pp_id,ll,AIC,agent_type
0,0.0022892800756647955,1.3602821621663475,5f35d7a693a88f0023c8d6b2,-130.828981,265.657962,lqr
