,exp_param,vm_param,pp_id,ll,AIC,agent_type
0,0.021806991306845012,0.4637449489038936,5f35d5ee93a88f0023c8d5fe,-119.678811,243.357622,lqr
