,attention_cost,exp_param,vm_param,pp_id,ll,AIC,agent_type
0,36.58845522912378,0.034610292711078634,3.0780801188712137,5f3612ca93a88f0023c909a0,-81.297261,166.594522,sparse_lqr
