,attention_cost,exp_param,step_size,vm_param,pp_id,ll,AIC,agent_type
0,0.0,0.04874763984213828,0.0,1.1744878435124297,5f361f5693a88f0023c90f72,-100.64428642367128,207.28857284734255,hill_climbing
