,exp_param,vm_param,pp_id,ll,AIC,agent_type
0,0.02051413460486305,9.915136061732476,5f35d7fa93a88f0023c8d725,-60.76136968171012,125.52273936342024,null_model_2
