,exp_param,vm_param,pp_id,ll,AIC,agent_type
0,0.00869234941952417,1.2936397675755762,5f35d72f93a88f0023c8d675,-118.216621,240.433242,lqr
