,attention_cost,exp_param,step_size,vm_param,pp_id,ll,AIC,agent_type
0,19.144657274705608,0.012522565335451038,0.07957152104808585,3.025807316405168,5f35d65d93a88f0023c8d629,-99.3403,206.6806,sparse_max_continuous
