,exp_param,vm_param,pp_id,ll,AIC,agent_type
0,0.08545579069033714,1.7671382034895389,5f360ee993a88f0023c908e8,-88.4451,180.8902,null_model_2
