,attention_cost,exp_param,step_size,vm_param,pp_id,ll,AIC,agent_type
0,9.654598901637119,0.17343201549967271,0.6129558375198936,2.414187479655988,5f35dfdb93a88f0023c8f6da,-86.929161,181.858322,sparse_max_discrete
