,exp_param,vm_param,pp_id,ll,AIC,agent_type
0,0.07379460296307876,2.0910001512302703,5f35e00093a88f0023c8f758,-85.5423753292043,175.0847506584086,null_model_2
