,attention_cost,exp_param,step_size,vm_param,pp_id,ll,AIC,agent_type
0,26.651593031861577,0.18520005792539898,0.8780226884073765,8.982050460171372,5f36107b93a88f0023c9090e,-40.747768,89.495536,sparse_max_discrete
