,attention_cost,exp_param,vm_param,pp_id,ll,AIC,agent_type
0,143.06470005635802,0.014123220566149172,3.530060855418248,5f35e94193a88f0023c905da,-101.497502,206.995004,sparse_lqr
