,attention_cost,exp_param,step_size,vm_param,pp_id,ll,AIC,agent_type
0,0.0,0.10419589847919336,0.4033320114563076,3.279041140133665,5f35e09e93a88f0023c8f979,-69.84836818513509,145.69673637027017,hill_climbing
