,attention_cost,exp_param,vm_param,pp_id,ll,AIC,agent_type
0,143.06470005635802,0.014123220566149172,3.530060855418248,5f35d81193a88f0023c8d742,-90.8031,185.6062,sparse_lqr
