,attention_cost,exp_param,vm_param,pp_id,ll,AIC,agent_type
0,67.21461302533751,0.04812653503308165,3.3210450878240616,5f360f1993a88f0023c908ea,-71.163049,146.326098,sparse_lqr
