,attention_cost,exp_param,step_size,vm_param,pp_id,ll,AIC,agent_type
0,23.087356429595182,0.017195841821791267,0.008696709044422157,8.227104220629398,5f35d76593a88f0023c8d688,-62.2496,132.4992,sparse_max_continuous
