,b,exp_param,n,vm_param,pp_id,ll,AIC,agent_type
0,3.468955562476576,0.03080748466409849,1.2329197504695046,5.777951028729092,5f35db9193a88f0023c8e13f,-71.6024986439968,151.2049972879936,null_model_1
