,attention_cost,exp_param,step_size,vm_param,pp_id,ll,AIC,agent_type
0,0.0,0.027103318460488246,0.12098980540902556,5.2936898625425775,5f35d63393a88f0023c8d617,-73.204806,152.409612,hill_climbing
