,exp_param,vm_param,pp_id,ll,AIC,agent_type
0,0.019669159754377635,2.005385505945151,5f35d76793a88f0023c8d689,-99.614038,203.228076,lqr
