,attention_cost,exp_param,vm_param,pp_id,ll,AIC,agent_type
0,236.31562275618563,0.001,2.489337010094049,5f360ea493a88f0023c908e6,-118.873331,241.746662,sparse_lqr
