,exp_param,vm_param,pp_id,ll,AIC,agent_type
0,0.03585567855608184,5.912181075193064,5f35df8293a88f0023c8f57b,-66.1467,136.2934,null_model_2
