,attention_cost,exp_param,step_size,vm_param,pp_id,ll,AIC,agent_type
0,19.62720722530001,0.011388979591966407,0.029509726878434783,1.7151849000386288,5f35d83993a88f0023c8d78b,-98.94189611535121,205.88379223070243,sparse_max_continuous
