,attention_cost,exp_param,step_size,vm_param,pp_id,ll,AIC,agent_type
0,14.642521945100446,0.060107450756420676,0.014723251649856883,2.1187343435045634,5f361ea793a88f0023c90f71,-86.576,181.152,sparse_max_continuous
