,exp_param,vm_param,pp_id,ll,AIC,agent_type
0,0.07519582549087601,5.550956031024922,5f35d80393a88f0023c8d729,-60.357297,124.714594,null_model_2
