,exp_param,vm_param,pp_id,ll,AIC,agent_type
0,0.0870808630864276,3.243602518242877,5f35d79293a88f0023c8d6a1,-72.1141,148.2282,null_model_2
