,exp_param,vm_param,pp_id,ll,AIC,agent_type
0,0.035145371208670374,7.796669701096164,5f35d93793a88f0023c8d930,-61.598659,127.197318,null_model_2
