,attention_cost,exp_param,step_size,vm_param,pp_id,ll,AIC,agent_type
0,0.0,0.02859169522530949,0.21568162833883914,3.8353423632030004,5f35df8793a88f0023c8f599,-79.8973,165.7946,hill_climbing
