,attention_cost,exp_param,step_size,vm_param,pp_id,ll,AIC,agent_type
0,0.0,0.10629418079226632,0.337066013656972,9.244043441217485,5f35d73b93a88f0023c8d678,-46.41929170668127,98.83858341336254,hill_climbing
