,attention_cost,exp_param,step_size,vm_param,pp_id,ll,AIC,agent_type
0,13.263033318802975,0.18613232829174672,1.421063876930939,4.938246574910856,5f35d74693a88f0023c8d67e,-70.69338998718975,149.3867799743795,sparse_max_discrete
