,attention_cost,exp_param,step_size,vm_param,pp_id,ll,AIC,agent_type
0,0.0,0.08300884616758193,0.01400003825501861,2.405774045554047,5f35e00093a88f0023c8f758,-85.482036,176.964072,hill_climbing
