,attention_cost,exp_param,step_size,vm_param,pp_id,ll,AIC,agent_type
0,2.2019790762810234,0.001,0.0,3.8298951820965588,5f35e70693a88f0023c90462,-191.369689,390.739378,sparse_max_continuous
