,b,exp_param,n,vm_param,pp_id,ll,AIC,agent_type
0,1.0444320272381065,0.10092139578790393,4.036700885433055,1.7226268184702165,5f35d73d93a88f0023c8d679,-91.1524246,190.3048492,null_model_1
