,attention_cost,exp_param,step_size,vm_param,pp_id,ll,AIC,agent_type
0,0.0,0.09469038669902778,0.0,1.7837421147460222,5f35da6493a88f0023c8dc69,-88.562768,183.125536,hill_climbing
