,exp_param,vm_param,pp_id,ll,AIC,agent_type
0,0.016285618877627892,2.990109502780789,5f3626b693a88f0023c91063,-90.346191,184.692382,null_model_2
