,exp_param,vm_param,pp_id,ll,AIC,agent_type
0,0.019381824344881917,4.327285411583129,5f35d78293a88f0023c8d697,-79.736515,163.47303,null_model_2
