,attention_cost,exp_param,vm_param,pp_id,ll,AIC,agent_type
0,34.07919582733119,0.05593792180980164,2.8130723557913493,5f35dfdb93a88f0023c8f6da,-89.84384925789146,183.68769851578293,sparse_lqr
