,exp_param,vm_param,pp_id,ll,AIC,agent_type
0,0.007540279921182127,3.1982805969596786,5f35d7d693a88f0023c8d6f7,-97.8257,199.6514,lqr
