,attention_cost,exp_param,step_size,vm_param,pp_id,ll,AIC,agent_type
0,0.0,0.023299968235653442,0.1203665125424821,8.311835177471192,5f362fb593a88f0023c91191,-58.7323,123.4646,hill_climbing
