,attention_cost,exp_param,step_size,vm_param,pp_id,ll,AIC,agent_type
0,7.023500054692543,0.004050007092308967,0.05208973471615963,5.466863868518438,5f35d72493a88f0023c8d66f,-82.10440750414422,172.20881500828844,sparse_max_discrete
