,exp_param,vm_param,pp_id,ll,AIC,agent_type
0,0.02825993629395135,5.220512472525107,5f35d88193a88f0023c8d7ff,-71.934529,147.869058,null_model_2
