,attention_cost,exp_param,vm_param,pp_id,ll,AIC,agent_type
0,25.58911448255474,0.012341457599741642,1.9024882672355292,5f35d6aa93a88f0023c8d642,-106.96214096393726,217.92428192787452,sparse_lqr
