,exp_param,vm_param,pp_id,ll,AIC,agent_type
0,0.0038437362952334583,2.1190221234403452,5f35d94f93a88f0023c8d95c,-115.362878,234.725756,lqr
