,attention_cost,exp_param,step_size,vm_param,pp_id,ll,AIC,agent_type
0,0.0,0.048283318454886204,0.0,1.9991978136668276,5f35e11793a88f0023c8fa8c,-91.4687,188.9374,hill_climbing
