,exp_param,vm_param,pp_id,ll,AIC,agent_type
0,0.002549229131249655,1.983396261274244,5f35d7f093a88f0023c8d716,-120.759178,245.518356,lqr
