,attention_cost,exp_param,step_size,vm_param,pp_id,ll,AIC,agent_type
0,0.0,0.04179658154739284,0.8915788076832495,2.7962860311672437,5f35d84893a88f0023c8d7af,-94.05844,194.11688,hill_climbing
