,exp_param,vm_param,pp_id,ll,AIC,agent_type
0,0.10808089118418575,1.2255194457891372,5f35d7f393a88f0023c8d71a,-94.031097,192.062194,null_model_2
