,exp_param,vm_param,pp_id,ll,AIC,agent_type
0,0.015676163939608728,6.564888622529422,5f35d83093a88f0023c8d771,-73.045634,150.091268,null_model_2
