,exp_param,vm_param,pp_id,ll,AIC,agent_type
0,0.0017679033800474177,3.9404238624510333,5f35db0c93a88f0023c8deda,-106.7896,217.5792,lqr
