,exp_param,vm_param,pp_id,ll,AIC,agent_type
0,0.10808089118418575,1.2255194457891372,5f35d7f393a88f0023c8d71a,-94.03109836211318,192.06219672422637,null_model_2
