,attention_cost,exp_param,step_size,vm_param,pp_id,ll,AIC,agent_type
0,0.0,0.03245603104495953,0.4448991837835124,2.2921777785882846,5f35e76793a88f0023c90491,-94.0955145050981,194.1910290101962,hill_climbing
