,exp_param,vm_param,pp_id,ll,AIC,agent_type
0,0.0566750353567867,5.14593053674036,5f35d7d693a88f0023c8d6f7,-65.113978,134.227956,null_model_2
