,exp_param,vm_param,pp_id,ll,AIC,agent_type
0,0.01767683732301207,0.6698699844753286,5f35d8e393a88f0023c8d887,-120.05211,244.10422,lqr
