,exp_param,vm_param,pp_id,ll,AIC,agent_type
0,0.0030285099249850304,2.6771348918038527,5f35d5d093a88f0023c8d5f7,-110.924286,225.848572,lqr
