,b,exp_param,n,vm_param,pp_id,ll,AIC,agent_type
0,5.822937326335338,0.0182492760848253,1.1147818021520233,3.391637183901471,5f35d78293a88f0023c8d697,-91.62616,191.25232,null_model_1
