,attention_cost,exp_param,step_size,vm_param,pp_id,ll,AIC,agent_type
0,0.0,0.09211427745366021,1.2422150607895628,0.8735147475445493,5f361f5693a88f0023c90f72,-100.861859,207.723718,hill_climbing
