,exp_param,vm_param,pp_id,ll,AIC,agent_type
0,0.003135740082178396,5.632277342562391,5f35d72493a88f0023c8d66f,-92.859774,189.719548,null_model_2
