,exp_param,vm_param,pp_id,ll,AIC,agent_type
0,0.01249498265818277,3.3772823526863682,5f35d72b93a88f0023c8d674,-90.97639767916607,185.95279535833214,null_model_2
