,exp_param,vm_param,pp_id,ll,AIC,agent_type
0,0.006137043169916173,2.3219815250451203,5f35e93693a88f0023c905d9,-108.040358,220.080716,null_model_2
