,exp_param,vm_param,pp_id,ll,AIC,agent_type
0,0.024790978750594377,4.0667431617273255,5f3610a993a88f0023c90912,-78.8371,161.6742,null_model_2
