,attention_cost,exp_param,step_size,vm_param,pp_id,ll,AIC,agent_type
0,5.974472928498527,0.11997819428171679,0.5706616769720902,1.1638498072406178,5f361f5693a88f0023c90f72,-88.3636,184.7272,sparse_max_discrete
