,exp_param,vm_param,pp_id,ll,AIC,agent_type
0,0.014030745992776265,3.164092938024253,5f35dc7593a88f0023c8e5d3,-91.554,187.108,null_model_2
