,exp_param,vm_param,pp_id,ll,AIC,agent_type
0,0.0802280516950934,1.5155418643163299,5f35dcae93a88f0023c8e7a3,-92.766403,189.532806,null_model_2
