,attention_cost,exp_param,vm_param,pp_id,ll,AIC,agent_type
0,235.54521046823504,0.024299306587177216,2.8289671828977103,5f35db0b93a88f0023c8ded5,-87.649054,179.298108,sparse_lqr
