,attention_cost,exp_param,step_size,vm_param,pp_id,ll,AIC,agent_type
0,6.4801454675128545,0.015563638097907406,0.5866039702659844,6.561445964122172,5f36121793a88f0023c9095f,-71.4431,150.8862,sparse_max_continuous
