,exp_param,vm_param,pp_id,ll,AIC,agent_type
0,0.01976447623144247,3.4234568051393555,5f36121793a88f0023c9095f,-77.474107,158.948214,null_model_2
