,attention_cost,exp_param,step_size,vm_param,pp_id,ll,AIC,agent_type
0,29.94553712503617,0.03486020659954532,0.06122127746681921,3.2983872079383625,5f3612ca93a88f0023c909a0,-83.5987,175.1974,sparse_max_discrete
