,attention_cost,exp_param,step_size,vm_param,pp_id,ll,AIC,agent_type
0,10.27390132819668,0.04844778165734463,1.0742794370215862,2.022535094793183,5f35dab593a88f0023c8dda2,-89.70671037598306,187.41342075196613,sparse_max_continuous
