,attention_cost,exp_param,vm_param,pp_id,ll,AIC,agent_type
0,6.312188236577743,0.09236859351463199,3.2607763118169286,5f35d7da93a88f0023c8d703,-77.5416,159.0832,sparse_lqr
