,exp_param,vm_param,pp_id,ll,AIC,agent_type
0,0.003888380135430588,0.9178917106346463,5f35d6f793a88f0023c8d65f,-132.80792192105912,269.61584384211824,lqr
