,exp_param,vm_param,pp_id,ll,AIC,agent_type
0,0.015585920784306456,1.4623617101316988,5f35dab593a88f0023c8dda2,-110.129,224.258,lqr
