,attention_cost,exp_param,step_size,vm_param,pp_id,ll,AIC,agent_type
0,0.0,0.009573685449330793,0.7681292142307048,2.9628541096735015,5f35d65d93a88f0023c8d629,-96.450923,198.901846,hill_climbing
