,attention_cost,exp_param,step_size,vm_param,pp_id,ll,AIC,agent_type
0,0.0,0.164525240229982,0.2919560438629323,8.874565736052801,5f35da2c93a88f0023c8db97,-40.76011881025959,87.52023762051918,hill_climbing
