,exp_param,vm_param,pp_id,ll,AIC,agent_type
0,0.27202679276650565,5.221535872982264,5f360ff993a88f0023c90904,-49.005865,102.01173,null_model_2
