,attention_cost,exp_param,vm_param,pp_id,ll,AIC,agent_type
0,57.48379656756683,0.04574929289090247,1.8065587262061844,5f35d5ee93a88f0023c8d5fe,-92.34846584222132,188.69693168444263,sparse_lqr
