,attention_cost,exp_param,step_size,vm_param,pp_id,ll,AIC,agent_type
0,0.0,0.10793445982709152,0.003890195776996286,3.290973256486912,5f35d79293a88f0023c8d6a1,-70.953,147.906,hill_climbing
