,attention_cost,exp_param,step_size,vm_param,pp_id,ll,AIC,agent_type
0,8.187040402360548,0.2602319529126768,1.1332720233618159,1.4797718809727989,5f35dcae93a88f0023c8e7a3,-83.950375,175.90075,sparse_max_discrete
