,b,exp_param,n,vm_param,pp_id,ll,AIC,agent_type
0,4.937474719942582,0.02512821249442778,3.1492047772417973,5.0860255130449605,5f35d61893a88f0023c8d60c,-82.1401436,172.2802872,null_model_1
