,exp_param,vm_param,pp_id,ll,AIC,agent_type
0,0.27317147443116857,5.232513814734378,5f360ff993a88f0023c90904,-49.0059,102.0118,null_model_2
