,exp_param,vm_param,pp_id,ll,AIC,agent_type
0,0.006421626935408625,1.2301349038259668,5f35e0a193a88f0023c8f986,-122.121686,248.243372,lqr
