,attention_cost,exp_param,vm_param,pp_id,ll,AIC,agent_type
0,125.75875934111865,0.028972905388981354,9.976006233453184,5f35dafe93a88f0023c8de97,-38.5593,81.1186,sparse_lqr
