,exp_param,vm_param,pp_id,ll,AIC,agent_type
0,0.027549609336082075,1.8510441954500567,5f35dab593a88f0023c8dda2,-98.298651,200.597302,null_model_2
