,attention_cost,exp_param,vm_param,pp_id,ll,AIC,agent_type
0,26.489271398985192,0.04572224506528431,9.255834698137805,5f35d76793a88f0023c8d689,-44.463851,92.927702,sparse_lqr
