,attention_cost,exp_param,vm_param,pp_id,ll,AIC,agent_type
0,70.77523916681035,0.05614108148750864,5.2469837656255915,5f35d88193a88f0023c8d7ff,-63.9841,131.9682,sparse_lqr
