,exp_param,vm_param,pp_id,ll,AIC,agent_type
0,0.020098172543692814,1.4932076061616306,5f35d67e93a88f0023c8d634,-105.385753,214.771506,null_model_2
