,attention_cost,exp_param,step_size,vm_param,pp_id,ll,AIC,agent_type
0,0.0,0.18268566282788778,0.08326755261940563,8.24135265817842,5f360ff993a88f0023c90904,-36.651154,79.302308,hill_climbing
