,attention_cost,exp_param,step_size,vm_param,pp_id,ll,AIC,agent_type
0,0.0,0.03268837588295805,0.14115958395305928,4.115881792761941,5f36107b93a88f0023c9090e,-72.6236,151.2472,hill_climbing
