,attention_cost,exp_param,step_size,vm_param,pp_id,ll,AIC,agent_type
0,0.0,0.06476202155872768,0.0,1.4370761524907543,5f35d5ee93a88f0023c8d5fe,-93.4237592660563,192.8475185321126,hill_climbing
