,attention_cost,exp_param,step_size,vm_param,pp_id,ll,AIC,agent_type
0,0.0,0.1218342550728537,0.1901426087862963,1.9755980973956067,5f35d60393a88f0023c8d605,-84.173352,174.346704,hill_climbing
