,exp_param,vm_param,pp_id,ll,AIC,agent_type
0,0.0025227826862054114,1.1622901087872128,5f35df8293a88f0023c8f57b,-132.5867,269.1734,lqr
