,exp_param,vm_param,pp_id,ll,AIC,agent_type
0,0.020227147581940073,3.390600940488161,5f35d8e393a88f0023c8d887,-85.608329,175.216658,null_model_2
