,attention_cost,exp_param,step_size,vm_param,pp_id,ll,AIC,agent_type
0,21.158720726866502,0.022397465997836097,0.04063789415323049,1.8972057131581532,5f35d94f93a88f0023c8d95c,-101.31487575150962,210.62975150301924,sparse_max_discrete
