,attention_cost,exp_param,step_size,vm_param,pp_id,ll,AIC,agent_type
0,0.0,0.08519344685596329,0.37070994214419856,3.4526521064077764,5f35e09e93a88f0023c8f979,-70.036325,146.07265,hill_climbing
