,exp_param,vm_param,pp_id,ll,AIC,agent_type
0,0.021142171791930113,9.842866446987053,5f35d7fa93a88f0023c8d725,-60.7588,125.5176,null_model_2
