,exp_param,vm_param,pp_id,ll,AIC,agent_type
0,0.0036630254378229228,0.23715492841902885,5f361f5693a88f0023c90f72,-138.39229728950448,280.78459457900897,lqr
