,b,exp_param,n,vm_param,pp_id,ll,AIC,agent_type
0,2.9859007905838304,0.012285183811872182,3.5088742054378272,6.603268344435216,5f35d7fa93a88f0023c8d725,-73.43348858086172,154.86697716172344,null_model_1
