,attention_cost,exp_param,step_size,vm_param,pp_id,ll,AIC,agent_type
0,0.0,0.07258583315082397,0.15771436975118525,4.072743697708575,5f35d88193a88f0023c8d7ff,-62.968509,131.937018,hill_climbing
