,attention_cost,exp_param,step_size,vm_param,pp_id,ll,AIC,agent_type
0,0.0,0.049174853934325496,0.11249157637717569,9.541762478916425,5f362fb593a88f0023c91191,-58.357642,122.715284,hill_climbing
