,attention_cost,exp_param,vm_param,pp_id,ll,AIC,agent_type
0,74.7537736410045,0.05289736338925251,6.074387474500622,5f35d88193a88f0023c8d7ff,-64.381379,132.762758,sparse_lqr
