,b,exp_param,n,vm_param,pp_id,ll,AIC,agent_type
0,6.762918234068106,0.014665519023689191,2.155099155639723,5.536325106910428,5f35d76593a88f0023c8d688,-77.09629,162.19258,null_model_1
