,exp_param,vm_param,pp_id,ll,AIC,agent_type
0,0.031917737591116054,2.958557022014073,5f3612ca93a88f0023c909a0,-83.50879,171.01758,null_model_2
