,exp_param,vm_param,pp_id,ll,AIC,agent_type
0,0.012138896129026123,1.3802456074672276,5f36121793a88f0023c9095f,-101.834796,207.669592,lqr
