,attention_cost,exp_param,step_size,vm_param,pp_id,ll,AIC,agent_type
0,26.679267337743745,0.019757378878651442,0.313005853722773,5.1408356851045,5f35df8793a88f0023c8f599,-78.685112,165.370224,sparse_max_discrete
