,exp_param,vm_param,pp_id,ll,AIC,agent_type
0,0.001,0.615601248301144,5f35e70693a88f0023c90462,-244.529767,493.059534,lqr
