,attention_cost,exp_param,step_size,vm_param,pp_id,ll,AIC,agent_type
0,14.020431019770003,0.062189389217915135,1.0106865731210335,2.9058481471690643,5f35d60a93a88f0023c8d608,-72.53570124761504,153.07140249523007,sparse_max_continuous
