,attention_cost,exp_param,step_size,vm_param,pp_id,ll,AIC,agent_type
0,0.0,0.08409541976369593,0.23342273230338528,3.5899898050691945,5f35d70093a88f0023c8d662,-71.37618620497705,148.7523724099541,hill_climbing
