,attention_cost,exp_param,step_size,vm_param,pp_id,ll,AIC,agent_type
0,0.0,0.13731877043502433,0.08987653426831749,1.2134345574073735,5f360ee993a88f0023c908e8,-92.51658133934976,191.0331626786995,hill_climbing
