,exp_param,vm_param,pp_id,ll,AIC,agent_type
0,0.003103522046238956,2.6602435581895643,5f35d5d093a88f0023c8d5f7,-110.9164,225.8328,lqr
