,exp_param,vm_param,pp_id,ll,AIC,agent_type
0,0.006726027458315573,2.1375622990874077,5f35e94193a88f0023c905da,-107.35004079814497,218.70008159628995,null_model_2
