,attention_cost,exp_param,step_size,vm_param,pp_id,ll,AIC,agent_type
0,19.769680673128963,0.02672525971562609,0.07396447388442118,9.6746313067909,5f35dafe93a88f0023c8de97,-39.97935067715712,87.95870135431424,sparse_max_discrete
