,exp_param,vm_param,pp_id,ll,AIC,agent_type
0,0.021583491598177136,0.34173334337306516,5f35d7d393a88f0023c8d6f4,-120.775829,245.551658,lqr
