,attention_cost,exp_param,step_size,vm_param,pp_id,ll,AIC,agent_type
0,0.0,0.017589516999995294,6.833991284968691e-11,9.449646042124323,5f35d76593a88f0023c8d688,-61.275211,128.550422,hill_climbing
