,attention_cost,exp_param,step_size,vm_param,pp_id,ll,AIC,agent_type
0,21.79726828402734,0.18647537260166477,0.7112696986635374,1.8957008266772923,5f35da6493a88f0023c8dc69,-87.23017498665058,182.46034997330116,sparse_max_discrete
