,attention_cost,exp_param,step_size,vm_param,pp_id,ll,AIC,agent_type
0,10.821847216781514,0.023033621844688393,0.27761867282695657,3.249524623043425,5f35d8e393a88f0023c8d887,-81.110458,170.220916,sparse_max_continuous
