,b,exp_param,n,vm_param,pp_id,ll,AIC,agent_type
0,4.419512946706218,0.042835692729696284,1.1975855385332572,1.5045502836766345,5f35d85593a88f0023c8d7c5,-113.1162021278551,234.2324042557102,null_model_1
