,attention_cost,exp_param,step_size,vm_param,pp_id,ll,AIC,agent_type
0,0.0,0.056138880816582845,0.19119906308340395,3.864998369666126,5f360f1993a88f0023c908ea,-70.5815,147.163,hill_climbing
