,attention_cost,exp_param,step_size,vm_param,pp_id,ll,AIC,agent_type
0,28.69814948882071,0.1417977893639148,0.8660134722422623,2.260928193544011,5f35da6493a88f0023c8dc69,-86.6275,181.255,sparse_max_discrete
