,attention_cost,exp_param,step_size,vm_param,pp_id,ll,AIC,agent_type
0,0.0,0.07250935441377966,0.6595106683115206,3.5560501464976157,5f362dee93a88f0023c91131,-68.7663,143.5326,hill_climbing
