,exp_param,vm_param,pp_id,ll,AIC,agent_type
0,0.026641406534335572,2.8901926774645856,5f35db0b93a88f0023c8ded5,-87.627177,179.254354,null_model_2
