,attention_cost,exp_param,vm_param,pp_id,ll,AIC,agent_type
0,105.63877802673662,0.03132449225851214,5.077411535939963,5f35d76593a88f0023c8d688,-76.32714,156.65428,sparse_lqr
