,attention_cost,exp_param,step_size,vm_param,pp_id,ll,AIC,agent_type
0,1.3024976631811946,0.0021091907526677306,0.2523756340627803,2.7621011623339617,5f35dba493a88f0023c8e193,-113.018263,234.036526,sparse_max_discrete
