,attention_cost,exp_param,step_size,vm_param,pp_id,ll,AIC,agent_type
0,4.084085875592147,0.049270534032859255,0.02096175405947176,9.864512135213397,5f35dafe93a88f0023c8de97,-42.32466,92.64932,sparse_max_continuous
