,attention_cost,exp_param,step_size,vm_param,pp_id,ll,AIC,agent_type
0,13.764309325229647,0.0165968370320116,0.07104194752319715,6.125723086971576,5f35d83093a88f0023c8d771,-73.139421,154.278842,sparse_max_discrete
