,attention_cost,exp_param,step_size,vm_param,pp_id,ll,AIC,agent_type
0,14.886246454162343,0.02063234862414181,0.015931434335128447,2.1353673826803843,5f35d6aa93a88f0023c8d642,-111.887826,231.775652,sparse_max_continuous
