,exp_param,vm_param,pp_id,ll,AIC,agent_type
0,0.0077180084482902376,0.9091825909908691,5f35d6af93a88f0023c8d646,-123.07623,250.15246,lqr
