,attention_cost,exp_param,vm_param,pp_id,ll,AIC,agent_type
0,26.434302394351704,0.02252581999175278,2.84397325211308,5f35e76793a88f0023c90491,-90.424889,184.849778,sparse_lqr
