,attention_cost,exp_param,vm_param,pp_id,ll,AIC,agent_type
0,61.1634247352282,0.0756329410518325,2.1780037420123657,5f35e00093a88f0023c8f758,-83.78729093750994,171.57458187501987,sparse_lqr
