,exp_param,vm_param,pp_id,ll,AIC,agent_type
0,0.0019338044453249717,1.1482745473644085,5f362dee93a88f0023c91131,-135.5561712349834,275.1123424699668,lqr
