,attention_cost,exp_param,step_size,vm_param,pp_id,ll,AIC,agent_type
0,25.545116168237403,0.013945348119210919,0.5047539402529269,4.61999806443948,5f35dc9193a88f0023c8e6bd,-74.66944,157.33888,sparse_max_discrete
