,attention_cost,exp_param,step_size,vm_param,pp_id,ll,AIC,agent_type
0,0.0,0.03359533049515849,0.10484152153994958,1.815715151534989,5f35d67e93a88f0023c8d634,-104.34563,214.69126,hill_climbing
