,exp_param,vm_param,pp_id,ll,AIC,agent_type
0,0.022130893788241297,0.395937649302055,5f35d5ee93a88f0023c8d5fe,-119.7034,243.4068,lqr
