,attention_cost,exp_param,step_size,vm_param,pp_id,ll,AIC,agent_type
0,0.0,0.09541725411166546,0.24433822091153373,9.933430920408805,5f35d73b93a88f0023c8d678,-47.0556,100.1112,hill_climbing
