,b,exp_param,n,vm_param,pp_id,ll,AIC,agent_type
0,18.475634731421277,0.012905678000061867,2.297511913836218,1.059724362366976,5f35d94f93a88f0023c8d95c,-113.51302439999999,235.02604879999998,null_model_1
