,b,exp_param,n,vm_param,pp_id,ll,AIC,agent_type
0,13.268114730469291,0.013957281046485946,4.6245095700541246,1.7548036116487875,5f35d86c93a88f0023c8d7e9,-104.76791450228654,217.5358290045731,null_model_1
