,attention_cost,exp_param,vm_param,pp_id,ll,AIC,agent_type
0,40.93656769820551,0.06085777182269945,1.2134345574073735,5f35e37d93a88f0023c8ffdc,-102.0018,208.0036,sparse_lqr
