,exp_param,vm_param,pp_id,ll,AIC,agent_type
0,0.0028801915139849577,0.9914303131959823,5f360f1993a88f0023c908ea,-133.969095,271.93819,lqr
