,attention_cost,exp_param,vm_param,pp_id,ll,AIC,agent_type
0,78.20459172587704,0.011865235625634091,1.605771708652074,5f35d62993a88f0023c8d613,-119.815094,243.630188,sparse_lqr
