,exp_param,vm_param,pp_id,ll,AIC,agent_type
0,0.0057404247804880605,1.7150983002893472,5f35d7a693a88f0023c8d6b2,-115.849861,235.699722,null_model_2
