,attention_cost,exp_param,step_size,vm_param,pp_id,ll,AIC,agent_type
0,0.0,0.011326666207346858,0.6217847953656088,5.417097472828417,5f35d68993a88f0023c8d637,-80.889459,167.778918,hill_climbing
