,exp_param,vm_param,pp_id,ll,AIC,agent_type
0,0.004983892767412932,1.5476027401866732,5f35d78493a88f0023c8d69f,-118.92216,241.84432,lqr
