,attention_cost,exp_param,step_size,vm_param,pp_id,ll,AIC,agent_type
0,0.0,0.020887267902224806,0.27090045111773164,8.192040606736029,5f35d90c93a88f0023c8d8d0,-56.448646706859144,118.89729341371829,hill_climbing
