,exp_param,vm_param,pp_id,ll,AIC,agent_type
0,0.00401308076329354,0.7810588868548685,5f35d6f793a88f0023c8d65f,-132.8229,269.6458,lqr
