,attention_cost,exp_param,step_size,vm_param,pp_id,ll,AIC,agent_type
0,29.894288228221402,0.00634877898121886,0.6054802254949392,1.6869626157935835,5f35d62993a88f0023c8d613,-116.81842827104529,241.63685654209058,sparse_max_discrete
