,exp_param,vm_param,pp_id,ll,AIC,agent_type
0,0.002839543062925514,4.0473319175013724,5f360ff993a88f0023c90904,-100.521512,205.043024,lqr
