,exp_param,vm_param,pp_id,ll,AIC,agent_type
0,0.011790329432286632,1.5295732219097913,5f36121793a88f0023c9095f,-101.897743,207.795486,lqr
