,attention_cost,exp_param,vm_param,pp_id,ll,AIC,agent_type
0,190.33823156734513,0.09356083652186707,2.662566805909358,5f35d74293a88f0023c8d67c,-77.13376807722724,158.2675361544545,sparse_lqr
