,exp_param,vm_param,pp_id,ll,AIC,agent_type
0,0.041063784253164974,9.977652640796531,5f35d6bc93a88f0023c8d64b,-37.1253,78.2506,null_model_2
