,attention_cost,exp_param,vm_param,pp_id,ll,AIC,agent_type
0,188.55701661043335,0.00213229129552123,3.235952374674108,5f35dba493a88f0023c8e193,-120.1094,244.2188,sparse_lqr
