,attention_cost,exp_param,vm_param,pp_id,ll,AIC,agent_type
0,59.46073042716327,0.03867669480512466,6.413518775585279,5f35df8293a88f0023c8f57b,-63.936207,131.872414,sparse_lqr
