,exp_param,vm_param,pp_id,ll,AIC,agent_type
0,0.004077203100873108,1.9396427447029996,5f35d68993a88f0023c8d637,-116.044351,236.088702,lqr
