,attention_cost,exp_param,step_size,vm_param,pp_id,ll,AIC,agent_type
0,18.13580947369908,0.10160072537048095,0.3989215164738908,2.8892813552613514,5f361ea793a88f0023c90f71,-75.90604596983403,159.81209193966805,sparse_max_discrete
