,attention_cost,exp_param,step_size,vm_param,pp_id,ll,AIC,agent_type
0,0.0,0.010683802952962673,0.6007047907261618,3.077740218633409,5f35e93693a88f0023c905d9,-102.66000012687017,211.32000025374035,hill_climbing
