,attention_cost,exp_param,step_size,vm_param,pp_id,ll,AIC,agent_type
0,0.0,0.05427023133581779,0.23280407720105728,3.1417485311561686,5f35d70093a88f0023c8d662,-71.376592,148.753184,hill_climbing
