,b,exp_param,n,vm_param,pp_id,ll,AIC,agent_type
0,1.713867856403255,0.21599437700783314,1.469507681252519,7.674235177414532,5f360ff993a88f0023c90904,-48.53451,105.06902,null_model_1
