,attention_cost,exp_param,step_size,vm_param,pp_id,ll,AIC,agent_type
0,0.0,0.08149677903159927,0.627419700121797,8.367921102667754,5f35d64493a88f0023c8d61e,-49.0201,104.0402,hill_climbing
