,attention_cost,exp_param,step_size,vm_param,pp_id,ll,AIC,agent_type
0,0.6664286063140101,0.010993987218091656,0.023983396220024766,3.65026875421135,5f3626b693a88f0023c91063,-84.271523,176.543046,sparse_max_continuous
