,attention_cost,exp_param,step_size,vm_param,pp_id,ll,AIC,agent_type
0,28.120151215014477,0.0645363439271485,0.028183286705850075,2.4812038771879976,5f35d71c93a88f0023c8d66e,-80.0712,168.1424,sparse_max_continuous
