,exp_param,vm_param,pp_id,ll,AIC,agent_type
0,0.058682007782760254,2.494845399425972,5f362dee93a88f0023c91131,-83.0661,170.1322,null_model_2
