,attention_cost,exp_param,vm_param,pp_id,ll,AIC,agent_type
0,15.38102233443781,0.02883742992362256,2.7671535466863038,5f35d74693a88f0023c8d67e,-77.659521,159.319042,sparse_lqr
