,exp_param,vm_param,pp_id,ll,AIC,agent_type
0,0.02755354507195388,2.465031665666415,5f35d71a93a88f0023c8d66c,-91.099898,186.199796,null_model_2
