,attention_cost,exp_param,step_size,vm_param,pp_id,ll,AIC,agent_type
0,19.646367738184328,0.12288876143222936,1.4435324245334749,3.127402369907365,5f35d74693a88f0023c8d67e,-67.881273,143.762546,sparse_max_discrete
