,b,exp_param,n,vm_param,pp_id,ll,AIC,agent_type
0,1.771453180209166,0.01948413648260661,1.0833923165764845,3.6112230083760624,5f35d7d393a88f0023c8d6f4,-65.97446918993253,139.94893837986507,null_model_1
