,exp_param,vm_param,pp_id,ll,AIC,agent_type
0,0.021831721529655533,0.3286147944144191,5f35d7d393a88f0023c8d6f4,-120.7789,245.5578,lqr
