,attention_cost,exp_param,vm_param,pp_id,ll,AIC,agent_type
0,25.37526549711786,0.03392067701229095,3.431868521040583,5f35e76793a88f0023c90491,-91.928191,187.856382,sparse_lqr
