,attention_cost,exp_param,step_size,vm_param,pp_id,ll,AIC,agent_type
0,2.1049958004727856,0.06573663788475703,0.5752051012329633,1.6780556378175882,5f35e37d93a88f0023c8ffdc,-95.21053117195551,198.42106234391102,sparse_max_discrete
