,exp_param,vm_param,pp_id,ll,AIC,agent_type
0,0.001404739954962225,1.4490371309238492,5f35d65d93a88f0023c8d629,-133.478712,270.957424,lqr
