,exp_param,vm_param,pp_id,ll,AIC,agent_type
0,0.001546437713250612,2.4588306405735993,5f360ea493a88f0023c908e6,-118.83791409615704,241.67582819231407,null_model_2
