,attention_cost,exp_param,vm_param,pp_id,ll,AIC,agent_type
0,143.00500013424187,0.0018827394637393868,2.1487132428943276,5f35dba493a88f0023c8e193,-118.505709,241.011418,sparse_lqr
