,b,exp_param,n,vm_param,pp_id,ll,AIC,agent_type
0,4.412256676900286,0.0297183950043394,3.330366639130537,2.7592663777591167,5f35db0b93a88f0023c8ded5,-83.77065999999999,175.54131999999998,null_model_1
