,attention_cost,exp_param,vm_param,pp_id,ll,AIC,agent_type
0,192.6317493346894,0.03329605595101566,7.43472880795725,5f35d91293a88f0023c8d8e2,-62.581,129.162,sparse_lqr
