,b,exp_param,n,vm_param,pp_id,ll,AIC,agent_type
0,4.086669351529874,0.001,1.4058116543656172,2.856829173732026,5f35e70693a88f0023c90462,-282.8550352572776,573.7100705145552,null_model_1
