,attention_cost,exp_param,step_size,vm_param,pp_id,ll,AIC,agent_type
0,12.979172661485235,0.05116017470311111,0.03823262563716384,2.1968723882198304,5f360eea93a88f0023c908e9,-80.2763,168.5526,sparse_max_continuous
