,attention_cost,exp_param,vm_param,pp_id,ll,AIC,agent_type
0,67.17429028336487,0.011930916292413024,3.540423404659209,5f35d94f93a88f0023c8d95c,-86.712425,177.42485,sparse_lqr
