,attention_cost,exp_param,step_size,vm_param,pp_id,ll,AIC,agent_type
0,3.1286668493517067,0.10485065961373186,0.5859648223384015,1.5851715212157036,5f35e37d93a88f0023c8ffdc,-94.0137,196.0274,sparse_max_discrete
