,attention_cost,exp_param,vm_param,pp_id,ll,AIC,agent_type
0,67.15538644473685,0.017889254955769256,3.6579848462364617,5f35dc7593a88f0023c8e5d3,-89.2672,182.5344,sparse_lqr
