,attention_cost,exp_param,vm_param,pp_id,ll,AIC,agent_type
0,167.0675802333341,0.0585753895164819,2.0146829751741313,5f361ea793a88f0023c90f71,-86.1447,176.2894,sparse_lqr
