,attention_cost,exp_param,step_size,vm_param,pp_id,ll,AIC,agent_type
0,14.060174382185632,0.020164382975409907,0.14880947347105072,6.9066550500706745,5f35d64293a88f0023c8d61c,-68.776797,145.553594,sparse_max_discrete
