,exp_param,vm_param,pp_id,ll,AIC,agent_type
0,0.03772700115064111,9.692577003666882,5f35d77893a88f0023c8d691,-52.489445,108.97889,null_model_2
