,attention_cost,exp_param,vm_param,pp_id,ll,AIC,agent_type
0,288.1616039640462,0.02613577690494416,4.195062114201473,5f3610a993a88f0023c90912,-78.862744,161.725488,sparse_lqr
