,exp_param,vm_param,pp_id,ll,AIC,agent_type
0,0.04856807048398772,5.387469544147844,5f35d6b193a88f0023c8d648,-65.5226,135.0452,null_model_2
