,exp_param,vm_param,pp_id,ll,AIC,agent_type
0,0.002915388939411789,1.1720433655418594,5f35d9ad93a88f0023c8da5b,-130.8667,265.7334,lqr
