,attention_cost,exp_param,vm_param,pp_id,ll,AIC,agent_type
0,67.15538644473685,0.017889254955769256,3.6579848462364617,5f3626b693a88f0023c91063,-87.365586,178.731172,sparse_lqr
