,exp_param,vm_param,pp_id,ll,AIC,agent_type
0,0.001,4.250252029726894,5f35da4f93a88f0023c8dc28,-111.876555,227.75311,lqr
