,exp_param,vm_param,pp_id,ll,AIC,agent_type
0,0.01751019719648925,1.9631368005940497,5f35d94f93a88f0023c8d95c,-100.958704,205.917408,null_model_2
