,attention_cost,exp_param,vm_param,pp_id,ll,AIC,agent_type
0,88.82737104643573,0.040097585373605374,3.6396267853227506,5f35e0a193a88f0023c8f986,-79.508551,163.017102,sparse_lqr
