,exp_param,vm_param,pp_id,ll,AIC,agent_type
0,0.010569143182166316,2.143472241400212,5f35df1293a88f0023c8f3db,-104.4396,212.8792,lqr
