,attention_cost,exp_param,step_size,vm_param,pp_id,ll,AIC,agent_type
0,13.069683637343138,0.00447788154349371,0.17854223150768073,6.971762377433892,5f35d72493a88f0023c8d66f,-81.6869,171.3738,sparse_max_continuous
