,exp_param,vm_param,pp_id,ll,AIC,agent_type
0,0.043771385310971786,8.701514852486428,5f35d73b93a88f0023c8d678,-56.017135,116.03427,null_model_2
