,exp_param,vm_param,pp_id,ll,AIC,agent_type
0,0.004209649463129136,1.7983911429302935,5f35d72b93a88f0023c8d674,-118.6328,241.2656,lqr
