,attention_cost,exp_param,vm_param,pp_id,ll,AIC,agent_type
0,45.02953017666697,0.03380182209799198,1.7284443724674425,5f35d77893a88f0023c8d690,-103.6005,211.201,sparse_lqr
