,attention_cost,exp_param,step_size,vm_param,pp_id,ll,AIC,agent_type
0,14.542611725721006,0.10574567242953482,0.5676830605013661,2.7451592431598093,5f360eea93a88f0023c908e9,-77.86420771166426,163.72841542332853,sparse_max_discrete
