,exp_param,vm_param,pp_id,ll,AIC,agent_type
0,0.005703024428424037,1.4819160140615861,5f35d63393a88f0023c8d617,-119.47558539066092,242.95117078132185,lqr
