,b,exp_param,n,vm_param,pp_id,ll,AIC,agent_type
0,1.5399151525474286,0.0017566973084661855,2.593754912537726,4.414144682104613,5f35d72493a88f0023c8d66f,-106.98775,221.9755,null_model_1
