,exp_param,vm_param,pp_id,ll,AIC,agent_type
0,0.0029134674321475446,1.788127357694026,5f35dc7593a88f0023c8e5d3,-121.119654,246.239308,lqr
