,attention_cost,exp_param,vm_param,pp_id,ll,AIC,agent_type
0,160.18065041540322,0.019834263746031366,5.353596835025819,5f35d64293a88f0023c8d61c,-75.41848531814304,154.83697063628608,sparse_lqr
