,attention_cost,exp_param,step_size,vm_param,pp_id,ll,AIC,agent_type
0,0.0,0.05310862559083567,0.263743084182434,7.739142223352563,5f35d77893a88f0023c8d691,-43.4069,92.8138,hill_climbing
