,attention_cost,exp_param,step_size,vm_param,pp_id,ll,AIC,agent_type
0,0.0,0.021262215984025907,0.5105266439015164,4.490072187443447,5f35dc9193a88f0023c8e6bd,-78.3179,162.6358,hill_climbing
