,exp_param,vm_param,pp_id,ll,AIC,agent_type
0,0.013479009059827449,4.058735075437415,5f35d7f093a88f0023c8d716,-85.49593261203191,174.99186522406382,null_model_2
