,exp_param,vm_param,pp_id,ll,AIC,agent_type
0,0.012328892904966846,0.3706323803051159,5f35d85593a88f0023c8d7c5,-126.03482,256.06964,lqr
