,exp_param,vm_param,pp_id,ll,AIC,agent_type
0,0.019269989066847616,7.501443149449675,5f35d65393a88f0023c8d623,-67.499,138.998,null_model_2
