,exp_param,vm_param,pp_id,ll,AIC,agent_type
0,0.03977862436404147,5.868122626408974,5f362fb593a88f0023c91191,-65.3181,134.6362,null_model_2
