,attention_cost,exp_param,vm_param,pp_id,ll,AIC,agent_type
0,10.26348624465493,0.06146203381110736,2.8611690420458635,5f35d7da93a88f0023c8d703,-79.524714,163.049428,sparse_lqr
