,attention_cost,exp_param,step_size,vm_param,pp_id,ll,AIC,agent_type
0,0.0,0.009925203359953082,0.2977239738112489,4.124699959779528,5f35db0c93a88f0023c8deda,-87.4219,180.8438,hill_climbing
