,attention_cost,exp_param,step_size,vm_param,pp_id,ll,AIC,agent_type
0,9.830845067264585,0.14548882830026172,0.6132518765367925,2.07365222001209,5f35dfdb93a88f0023c8f6da,-85.22421221614502,178.44842443229004,sparse_max_discrete
