,attention_cost,exp_param,vm_param,pp_id,ll,AIC,agent_type
0,281.2296453689342,0.07805912149644166,2.7626396165651803,5f362dee93a88f0023c91131,-80.47656652782308,164.95313305564616,sparse_lqr
