,exp_param,vm_param,pp_id,ll,AIC,agent_type
0,0.05428386629005832,1.7795778177919808,5f35d5ee93a88f0023c8d5fe,-92.747118,189.494236,null_model_2
