,exp_param,vm_param,pp_id,ll,AIC,agent_type
0,0.07383380506903406,2.0934241947404697,5f35e00093a88f0023c8f758,-85.5424,175.0848,null_model_2
