,attention_cost,exp_param,step_size,vm_param,pp_id,ll,AIC,agent_type
0,0.0,0.015649832471751578,0.012437996074714353,4.288673707522258,5f35df1293a88f0023c8f3db,-87.40326998076867,180.80653996153734,hill_climbing
