,exp_param,vm_param,pp_id,ll,AIC,agent_type
0,0.03593785553710641,2.6520590841620564,5f35d88193a88f0023c8d7ff,-85.889135,175.77827,lqr
