,attention_cost,exp_param,step_size,vm_param,pp_id,ll,AIC,agent_type
0,7.326141034823949,0.0015337647196161414,0.11293643301720402,6.0231473036836105,5f35d72493a88f0023c8d66f,-83.460605,174.92121,sparse_max_continuous
