,exp_param,vm_param,pp_id,ll,AIC,agent_type
0,0.008840230657218322,1.3511532155217931,5f35d72f93a88f0023c8d675,-118.237783,240.475566,lqr
