,exp_param,vm_param,pp_id,ll,AIC,agent_type
0,0.00474605184612761,0.5944393536988368,5f35dfdb93a88f0023c8f6da,-132.625005,269.25001,lqr
