,exp_param,vm_param,pp_id,ll,AIC,agent_type
0,0.031955680301917415,2.492486216747869,5f35d65893a88f0023c8d625,-87.8911,179.7822,null_model_2
