,attention_cost,exp_param,step_size,vm_param,pp_id,ll,AIC,agent_type
0,0.0,0.14625823053706447,0.3051507365551359,8.963225568040047,5f35da2c93a88f0023c8db97,-42.402953,90.805906,hill_climbing
