,attention_cost,exp_param,vm_param,pp_id,ll,AIC,agent_type
0,298.51569670173336,0.05930428350148401,5.167063597676122,5f35d6b193a88f0023c8d648,-65.754901,135.509802,sparse_lqr
