,attention_cost,exp_param,step_size,vm_param,pp_id,ll,AIC,agent_type
0,0.0,0.02406232207629929,0.40976190039195803,9.556922660395665,5f35d65393a88f0023c8d623,-58.970309,123.940618,hill_climbing
