,attention_cost,exp_param,vm_param,pp_id,ll,AIC,agent_type
0,115.27494501071287,0.04926995958424819,1.891751889858908,5f35d5ee93a88f0023c8d5fe,-92.840315,189.68063,sparse_lqr
