,b,exp_param,n,vm_param,pp_id,ll,AIC,agent_type
0,1.0,0.001,1.0,1.8189695753611517,5f35dba493a88f0023c8e193,-126.3342776,260.6685552,null_model_1
