,attention_cost,exp_param,step_size,vm_param,pp_id,ll,AIC,agent_type
0,21.547329338266454,0.012614909788888719,0.9011336076665387,1.9202566745003535,5f360f4693a88f0023c908ef,-104.240641,216.481282,sparse_max_continuous
