,b,exp_param,n,vm_param,pp_id,ll,AIC,agent_type
0,30.638433997626407,0.001,3.5026545166131915,8.056540388098727,5f35da4f93a88f0023c8dc28,-98.3407028,204.6814056,null_model_1
