,attention_cost,exp_param,step_size,vm_param,pp_id,ll,AIC,agent_type
0,0.8324443732521636,0.02038183053178026,0.10010729359521842,8.710732614020525,5f35d78493a88f0023c8d69f,-54.6798,117.3596,sparse_max_continuous
