,attention_cost,exp_param,step_size,vm_param,pp_id,ll,AIC,agent_type
0,24.938869071901447,0.02246613466300604,0.08573396853063753,6.805685344278942,5f36107b93a88f0023c9090e,-72.94124499770271,153.88248999540542,sparse_max_continuous
