,attention_cost,exp_param,step_size,vm_param,pp_id,ll,AIC,agent_type
0,15.879048857471938,0.012923533123112875,0.063302885608083,2.8339279457011344,5f35d72b93a88f0023c8d674,-86.078225,180.15645,sparse_max_continuous
