,attention_cost,exp_param,step_size,vm_param,pp_id,ll,AIC,agent_type
0,3.829318700216059,0.01886840473723485,0.16448025310402165,4.312865363091108,5f35d72b93a88f0023c8d674,-85.42913,178.85826,sparse_max_continuous
