,exp_param,vm_param,pp_id,ll,AIC,agent_type
0,0.04063790538520419,9.729448309347585,5f35d6bc93a88f0023c8d64b,-37.54944216097708,79.09888432195416,null_model_2
