,attention_cost,exp_param,step_size,vm_param,pp_id,ll,AIC,agent_type
0,0.0,0.09354319949388783,0.0029669131957232864,3.1526171534774097,5f35d79293a88f0023c8d6a1,-70.769753,147.539506,hill_climbing
