,exp_param,vm_param,pp_id,ll,AIC,agent_type
0,0.018684881037340593,2.0250447115635706,5f35d9ad93a88f0023c8da5b,-100.074315,204.14863,null_model_2
