,attention_cost,exp_param,step_size,vm_param,pp_id,ll,AIC,agent_type
0,0.0,0.09274897286822331,0.002808362255729391,2.653665236571462,5f35d74293a88f0023c8d67c,-77.070454,160.140908,hill_climbing
