,attention_cost,exp_param,vm_param,pp_id,ll,AIC,agent_type
0,205.23759169843458,0.01848725644547253,1.7379183570099266,5f35d67e93a88f0023c8d634,-104.062528,212.125056,sparse_lqr
