,attention_cost,exp_param,vm_param,pp_id,ll,AIC,agent_type
0,29.086974460350344,0.026591714978443384,6.243841463325194,5f36107b93a88f0023c9090e,-71.455457,146.910914,sparse_lqr
