,b,exp_param,n,vm_param,pp_id,ll,AIC,agent_type
0,44.07717501872959,0.001181296197701086,3.3772306031778174,8.32539424664078,5f35da4f93a88f0023c8dc28,-96.98839000000001,201.97678000000002,null_model_1
