,attention_cost,exp_param,vm_param,pp_id,ll,AIC,agent_type
0,19.508089605500157,0.014153187705994122,3.9844246048221033,5f35d5d093a88f0023c8d5f7,-76.20233864869105,156.4046772973821,sparse_lqr
