,exp_param,vm_param,pp_id,ll,AIC,agent_type
0,0.02033557304156788,3.3394040542464163,5f35d8e393a88f0023c8d887,-85.60740928001908,175.21481856003817,null_model_2
