,attention_cost,exp_param,step_size,vm_param,pp_id,ll,AIC,agent_type
0,22.421792272812088,0.05610673878078385,0.14740272591247716,9.957520728778631,5f35dafe93a88f0023c8de97,-39.802188,87.604376,sparse_max_discrete
