,attention_cost,exp_param,step_size,vm_param,pp_id,ll,AIC,agent_type
0,17.277658847653672,0.014579938211622716,1.1068578605813375,3.515786706557371,5f360f4693a88f0023c908ef,-102.21318427934901,212.42636855869802,sparse_max_continuous
