,attention_cost,exp_param,step_size,vm_param,pp_id,ll,AIC,agent_type
0,23.016830203918072,0.027861681999888,0.0045655827863347875,9.834950391474669,5f35d76593a88f0023c8d688,-62.46327146699416,132.92654293398832,sparse_max_continuous
