,attention_cost,exp_param,step_size,vm_param,pp_id,ll,AIC,agent_type
0,12.882106647754512,0.06058304984098299,0.03140634470530118,2.5472774544049805,5f35d71c93a88f0023c8d66e,-76.8538062416915,161.707612483383,sparse_max_continuous
