,attention_cost,exp_param,step_size,vm_param,pp_id,ll,AIC,agent_type
0,29.547199796379747,0.020989068813281837,0.009909093468881636,3.1713473538210204,5f35d62693a88f0023c8d611,-88.7922,185.5844,sparse_max_continuous
