,attention_cost,exp_param,step_size,vm_param,pp_id,ll,AIC,agent_type
0,0.0,0.013228633027388626,0.4831561753391205,5.654685153761054,5f35dc7593a88f0023c8e5d3,-79.036246,164.072492,hill_climbing
