,attention_cost,exp_param,vm_param,pp_id,ll,AIC,agent_type
0,168.309065776713,0.01962864208357008,8.006326726806163,5f35d83093a88f0023c8d771,-72.1844,148.3688,sparse_lqr
