,attention_cost,exp_param,step_size,vm_param,pp_id,ll,AIC,agent_type
0,22.18334670653328,0.002703450477127986,0.338782998110135,3.419379278214726,5f360ea493a88f0023c908e6,-116.4453,240.8906,sparse_max_discrete
