,attention_cost,exp_param,step_size,vm_param,pp_id,ll,AIC,agent_type
0,0.0,0.08747139500637977,0.04025618835241124,1.8883746022553793,5f361ea793a88f0023c90f71,-86.277059,178.554118,hill_climbing
