,attention_cost,exp_param,vm_param,pp_id,ll,AIC,agent_type
0,28.708959872619644,0.031024807272872736,5.621523532923243,5f35d78493a88f0023c8d69f,-68.3387,140.6774,sparse_lqr
