,exp_param,vm_param,pp_id,ll,AIC,agent_type
0,0.0036348596321763046,1.7307998052084517,5f35d72593a88f0023c8d671,-122.713859,249.427718,lqr
