,exp_param,vm_param,pp_id,ll,AIC,agent_type
0,0.02915028859785652,1.060066011919889,5f36107b93a88f0023c9090e,-109.475001,222.950002,lqr
