,exp_param,vm_param,pp_id,ll,AIC,agent_type
0,0.02309544207777727,3.3007669279928087,5f35d5ea93a88f0023c8d5fd,-84.835488,173.670976,null_model_2
