,exp_param,vm_param,pp_id,ll,AIC,agent_type
0,0.0025161069954030054,1.9661805580807834,5f35d7f093a88f0023c8d716,-120.76282729970646,245.52565459941292,lqr
