,exp_param,vm_param,pp_id,ll,AIC,agent_type
0,0.038095244833040616,0.08300345967784395,5f35da6493a88f0023c8dc69,-116.128795,236.25759,lqr
