,b,exp_param,n,vm_param,pp_id,ll,AIC,agent_type
0,18.159128599399256,0.014305267590976826,1.1063546874743992,2.9913307897850427,5f35d61893a88f0023c8d60c,-83.1077254,174.2154508,null_model_1
