,exp_param,vm_param,pp_id,ll,AIC,agent_type
0,0.0035068753531899057,1.0527823280618787,5f360f4693a88f0023c908ef,-131.36487721057227,266.72975442114455,lqr
