,attention_cost,exp_param,vm_param,pp_id,ll,AIC,agent_type
0,232.67048256335457,0.04303552762370773,2.8372169913184484,5f35d63193a88f0023c8d616,-80.615632,165.231264,sparse_lqr
