,attention_cost,exp_param,step_size,vm_param,pp_id,ll,AIC,agent_type
0,0.0,0.014437768224915538,0.022219447523650515,3.6538710693436096,5f35d8e393a88f0023c8d887,-86.221099,178.442198,hill_climbing
