,exp_param,vm_param,pp_id,ll,AIC,agent_type
0,0.01942197187249821,9.958137910852537,5f35d76593a88f0023c8d688,-61.215176,126.430352,null_model_2
