,attention_cost,exp_param,vm_param,pp_id,ll,AIC,agent_type
0,184.67820263932455,0.03365551784520873,2.9346994862623035,5f3612ca93a88f0023c909a0,-81.3501,166.7002,sparse_lqr
