,b,exp_param,n,vm_param,pp_id,ll,AIC,agent_type
0,7.745474306334555,0.01187784506967551,4.033113041907985,3.199528380776784,5f35db0c93a88f0023c8deda,-88.50180489170992,185.00360978341985,null_model_1
