,attention_cost,exp_param,step_size,vm_param,pp_id,ll,AIC,agent_type
0,0.0,0.11402012334508492,0.7628713819879891,2.6807426480251495,5f35d71c93a88f0023c8d66e,-78.222757,162.445514,hill_climbing
