,attention_cost,exp_param,step_size,vm_param,pp_id,ll,AIC,agent_type
0,20.719639364973787,0.022147300288760472,0.020233923724114422,6.351357671597624,5f3610a993a88f0023c90912,-79.21011424631098,166.42022849262196,sparse_max_continuous
