,attention_cost,exp_param,step_size,vm_param,pp_id,ll,AIC,agent_type
0,0.0,0.032993576512203616,0.2712728278469097,4.46965045962727,5f35d70093a88f0023c8d662,-72.115228,150.230456,hill_climbing
