,b,exp_param,n,vm_param,pp_id,ll,AIC,agent_type
0,7.254252308640031,0.03212190900975251,4.702445204619006,1.404616603073272,5f35d77893a88f0023c8d690,-96.65177000000003,201.30354000000005,null_model_1
