,exp_param,vm_param,pp_id,ll,AIC,agent_type
0,0.007579267996372256,1.3892604699971445,5f35d6b193a88f0023c8d648,-117.017228,238.034456,lqr
