,exp_param,vm_param,pp_id,ll,AIC,agent_type
0,0.06393439444679898,9.938150356162755,5f35d72593a88f0023c8d671,-48.788921641089985,101.57784328217997,null_model_2
