,attention_cost,exp_param,vm_param,pp_id,ll,AIC,agent_type
0,106.50829031774819,0.03280869786593054,5.828620210304809,5f35d90c93a88f0023c8d8d0,-68.9806,141.9612,sparse_lqr
