,attention_cost,exp_param,vm_param,pp_id,ll,AIC,agent_type
0,15.572545079303858,0.08157370658139236,2.167253548456005,5f35e11793a88f0023c8fa8c,-86.497396,176.994792,sparse_lqr
