,attention_cost,exp_param,vm_param,pp_id,ll,AIC,agent_type
0,97.263412779427,0.02450867321979761,2.955308495633343,5f35d62693a88f0023c8d611,-87.896007,179.792014,sparse_lqr
