,attention_cost,exp_param,step_size,vm_param,pp_id,ll,AIC,agent_type
0,2.7387040199413093,0.014844449234395127,0.05953239002275301,2.4139807031858718,5f35d65893a88f0023c8d625,-86.710993,181.421986,sparse_max_discrete
