,attention_cost,exp_param,vm_param,pp_id,ll,AIC,agent_type
0,169.9671103167411,0.05288517421679827,9.969991307377526,5f35d6bc93a88f0023c8d64b,-34.8761,73.7522,sparse_lqr
