,b,exp_param,n,vm_param,pp_id,ll,AIC,agent_type
0,3.280406490245844,0.004400103585913846,3.8648829224906804,1.9854646493810224,5f35d7a693a88f0023c8d6b2,-121.00556061317066,250.01112122634132,null_model_1
