,exp_param,vm_param,pp_id,ll,AIC,agent_type
0,0.049387385425046906,1.3240342520056791,5f361f5693a88f0023c90f72,-100.513273,205.026546,null_model_2
