,attention_cost,exp_param,vm_param,pp_id,ll,AIC,agent_type
0,61.1634247352282,0.0756329410518325,2.1780037420123657,5f35d5d093a88f0023c8d5f7,-77.712244,159.424488,sparse_lqr
