,b,exp_param,n,vm_param,pp_id,ll,AIC,agent_type
0,2.112005492183791,0.07873197750074143,4.988153336355833,5.306466552534912,5f35d80393a88f0023c8d729,-70.85759694495877,149.71519388991754,null_model_1
