,attention_cost,exp_param,step_size,vm_param,pp_id,ll,AIC,agent_type
0,0.0,0.04617922807959613,0.04314455772057196,9.953860646872926,5f35d6bc93a88f0023c8d64b,-36.328044,78.656088,hill_climbing
