,attention_cost,exp_param,vm_param,pp_id,ll,AIC,agent_type
0,49.50556140178443,0.05420469046857362,1.828034994958334,5f35d85593a88f0023c8d7c5,-89.423368,182.846736,sparse_lqr
