,attention_cost,exp_param,step_size,vm_param,pp_id,ll,AIC,agent_type
0,0.0,0.042089775083160884,0.4657907035776136,4.088894118525616,5f35d65893a88f0023c8d625,-76.42,158.84,hill_climbing
