,exp_param,vm_param,pp_id,ll,AIC,agent_type
0,0.039460798261574816,1.8040430113251493,5f35d85593a88f0023c8d7c5,-95.373115,194.74623,null_model_2
