,attention_cost,exp_param,step_size,vm_param,pp_id,ll,AIC,agent_type
0,6.702993504373058,0.07323212358128064,0.01560708368963265,2.875985731871691,5f35d60a93a88f0023c8d608,-72.1464,152.2928,sparse_max_continuous
