,attention_cost,exp_param,step_size,vm_param,pp_id,ll,AIC,agent_type
0,0.0,0.01427078377663097,0.4953264131000096,6.852330649591537,5f35dc7593a88f0023c8e5d3,-79.90897,165.81794,hill_climbing
