,attention_cost,exp_param,vm_param,pp_id,ll,AIC,agent_type
0,174.95211195827463,0.001,4.103932304536413,5f35e70693a88f0023c90462,-213.009522,430.019044,sparse_lqr
