,attention_cost,exp_param,step_size,vm_param,pp_id,ll,AIC,agent_type
0,26.502530339719897,0.011561070073030262,1.4455416594359658,3.0579660933160415,5f35e94193a88f0023c905da,-94.83217165736735,197.6643433147347,sparse_max_discrete
