,attention_cost,exp_param,step_size,vm_param,pp_id,ll,AIC,agent_type
0,26.620738752060458,0.019167370837531904,0.03242437417323085,4.526469823820584,5f35d78293a88f0023c8d697,-79.765113,167.530226,sparse_max_discrete
