,exp_param,vm_param,pp_id,ll,AIC,agent_type
0,0.034290121568382605,7.690921167674762,5f35d93793a88f0023c8d930,-61.586582160868275,127.17316432173655,null_model_2
