,attention_cost,exp_param,step_size,vm_param,pp_id,ll,AIC,agent_type
0,28.97647328343811,0.007532600522227681,0.25582243757752876,1.6880337229689357,5f360f4693a88f0023c908ef,-111.3252,230.6504,sparse_max_discrete
