,attention_cost,exp_param,step_size,vm_param,pp_id,ll,AIC,agent_type
0,0.0,0.1115981544798557,0.18235121500336812,2.008705470760584,5f35d60393a88f0023c8d605,-83.7392,173.4784,hill_climbing
