,b,exp_param,n,vm_param,pp_id,ll,AIC,agent_type
0,2.0503683327576843,0.0533633260871466,2.439793118856279,5.3945505680364025,5f35d72f93a88f0023c8d675,-53.30729459999999,114.61458919999998,null_model_1
