,attention_cost,exp_param,vm_param,pp_id,ll,AIC,agent_type
0,124.59109518229306,0.023381712406789778,2.359903663004478,5f35d86c93a88f0023c8d7e9,-101.23,206.46,sparse_lqr
