,attention_cost,exp_param,step_size,vm_param,pp_id,ll,AIC,agent_type
0,0.0,0.06843901529442362,0.0,2.081873325933912,5f35d79b93a88f0023c8d6aa,-90.04494178264618,186.08988356529235,hill_climbing
