,exp_param,vm_param,pp_id,ll,AIC,agent_type
0,0.01925737105374357,5.139632945942724,5f35d64293a88f0023c8d61c,-75.413922,154.827844,null_model_2
