,exp_param,vm_param,pp_id,ll,AIC,agent_type
0,0.047359095706214174,2.9678733161891513,5f35d63193a88f0023c8d616,-80.55269458565441,165.10538917130881,null_model_2
