,exp_param,vm_param,pp_id,ll,AIC,agent_type
0,0.0021610952713774015,0.9162944281321483,5f35d77893a88f0023c8d690,-137.380934,278.761868,lqr
