,exp_param,vm_param,pp_id,ll,AIC,agent_type
0,0.014926837194657972,6.279210612571626,5f35d83093a88f0023c8d771,-73.050616,150.101232,null_model_2
