,exp_param,vm_param,pp_id,ll,AIC,agent_type
0,0.028909103081186403,0.44918665337271735,5f35d74293a88f0023c8d67c,-116.960577,237.921154,lqr
