,attention_cost,exp_param,step_size,vm_param,pp_id,ll,AIC,agent_type
0,0.0,0.0268228825286172,0.4826252199080161,1.9425376335255384,5f35d8b893a88f0023c8d833,-104.61042081791678,215.22084163583355,hill_climbing
