,attention_cost,exp_param,step_size,vm_param,pp_id,ll,AIC,agent_type
0,0.0,0.01783805778759375,0.5616430237134413,4.56427819599165,5f35d5ea93a88f0023c8d5fd,-76.014,158.028,hill_climbing
