,attention_cost,exp_param,step_size,vm_param,pp_id,ll,AIC,agent_type
0,0.0,0.010868547060488495,0.0,2.2803141766070065,5f35d81193a88f0023c8d742,-93.08644409432983,192.17288818865967,hill_climbing
