,attention_cost,exp_param,step_size,vm_param,pp_id,ll,AIC,agent_type
0,17.630245455104273,0.045433822879418544,0.16699166097478274,7.483154569895342,5f35d91293a88f0023c8d8e2,-61.610695,131.22138999999999,sparse_max_discrete
