,attention_cost,exp_param,step_size,vm_param,pp_id,ll,AIC,agent_type
0,23.732392590548674,0.005124510984837288,0.11877139277475574,2.642355606825322,5f35d7a693a88f0023c8d6b2,-115.34228914243397,238.68457828486794,sparse_max_continuous
