,exp_param,vm_param,pp_id,ll,AIC,agent_type
0,0.038979214559636814,1.8194919673403942,5f35d85593a88f0023c8d7c5,-95.368382,194.736764,null_model_2
