,exp_param,vm_param,pp_id,ll,AIC,agent_type
0,0.014273826813288829,0.8670569169817821,5f35d6aa93a88f0023c8d642,-119.28648979768442,242.57297959536885,lqr
