,attention_cost,exp_param,step_size,vm_param,pp_id,ll,AIC,agent_type
0,16.379689884966822,0.05388684835851911,0.06023853699922277,4.438132087414413,5f35d88193a88f0023c8d7ff,-65.477395,138.95479,sparse_max_continuous
