,exp_param,vm_param,pp_id,ll,AIC,agent_type
0,0.0010005715693499717,4.167624593423669,5f35e70693a88f0023c90462,-191.509358,387.018716,null_model_2
