,exp_param,vm_param,pp_id,ll,AIC,agent_type
0,0.01072543657918481,3.1624718955237863,5f35db0c93a88f0023c8deda,-93.425,190.85,null_model_2
