,attention_cost,exp_param,step_size,vm_param,pp_id,ll,AIC,agent_type
0,1.7885955898035788,0.01813338670973137,0.12889603074089573,4.549335308563064,5f35d65893a88f0023c8d625,-86.538706,181.077412,sparse_max_discrete
