,attention_cost,exp_param,vm_param,pp_id,ll,AIC,agent_type
0,25.15020531477228,0.039443251173895875,6.284996348030045,5f362fb593a88f0023c91191,-63.81421499085445,131.6284299817089,sparse_lqr
