,attention_cost,exp_param,step_size,vm_param,pp_id,ll,AIC,agent_type
0,21.511339540724542,0.09268578986940446,0.7206467652409558,1.3766880100957646,5f35da6493a88f0023c8dc69,-91.46602,190.93204,sparse_max_continuous
