,attention_cost,exp_param,vm_param,pp_id,ll,AIC,agent_type
0,65.32424081252165,0.022905367982598415,2.79451064578999,5f35d72b93a88f0023c8d674,-86.523614,177.047228,sparse_lqr
