,exp_param,vm_param,pp_id,ll,AIC,agent_type
0,0.011501331437038083,1.3155034387561437,5f35d73993a88f0023c8d677,-114.950941,233.901882,lqr
