,attention_cost,exp_param,vm_param,pp_id,ll,AIC,agent_type
0,261.7427090672948,0.023418356885451207,3.840381163912129,5f35dc9193a88f0023c8e6bd,-80.96061823544514,165.92123647089028,sparse_lqr
