,attention_cost,exp_param,vm_param,pp_id,ll,AIC,agent_type
0,105.49155511740635,0.030104899106664425,7.979991640062628,5f35d7fa93a88f0023c8d725,-59.390648,122.781296,sparse_lqr
