,attention_cost,exp_param,step_size,vm_param,pp_id,ll,AIC,agent_type
0,0.0,0.02535647726301974,0.9594150150458276,2.7771335938858477,5f35d9ad93a88f0023c8da5b,-82.287146,170.574292,hill_climbing
