,attention_cost,exp_param,step_size,vm_param,pp_id,ll,AIC,agent_type
0,11.076808000037277,0.10954403596242672,1.4406446054604545,2.3996524097826875,5f35e11793a88f0023c8fa8c,-80.78318133586667,169.56636267173334,sparse_max_discrete
