,b,exp_param,n,vm_param,pp_id,ll,AIC,agent_type
0,14.787683732488357,0.007324191195016029,1.1199152558529235,2.031025328599514,5f35e93693a88f0023c905d9,-119.90894,247.81788,null_model_1
