,attention_cost,exp_param,step_size,vm_param,pp_id,ll,AIC,agent_type
0,2.3569195933949194,0.06635600770711157,0.007515456804907672,5.438296311726354,5f35d97e93a88f0023c8d9d4,-61.2831,130.56619999999998,sparse_max_discrete
