,attention_cost,exp_param,vm_param,pp_id,ll,AIC,agent_type
0,196.0789566633005,0.0584858158630642,2.364417926398601,5f362dee93a88f0023c91131,-80.944247,165.888494,sparse_lqr
