,attention_cost,exp_param,vm_param,pp_id,ll,AIC,agent_type
0,14.077463824345793,0.01984727567907906,2.5942462720419943,5f35e76793a88f0023c90491,-93.0824,190.1648,sparse_lqr
