,attention_cost,exp_param,step_size,vm_param,pp_id,ll,AIC,agent_type
0,1.0847671011500282,0.01742453114713075,0.7668810815938676,8.039080629775551,5f35d65393a88f0023c8d623,-61.148488,130.296976,sparse_max_continuous
