,attention_cost,exp_param,step_size,vm_param,pp_id,ll,AIC,agent_type
0,0.0,0.09817012967614819,0.1321186761729241,5.2544831378550345,5f35d97e93a88f0023c8d9d4,-59.843543,125.687086,hill_climbing
