,attention_cost,exp_param,vm_param,pp_id,ll,AIC,agent_type
0,15.552016697602234,0.018608365519694713,2.390574628011305,5f35d83993a88f0023c8d78b,-97.434027,198.868054,sparse_lqr
