,attention_cost,exp_param,vm_param,pp_id,ll,AIC,agent_type
0,107.5931158709475,0.03904752754970609,3.870505925927782,5f360f1993a88f0023c908ea,-71.327328,146.654656,sparse_lqr
