,attention_cost,exp_param,step_size,vm_param,pp_id,ll,AIC,agent_type
0,0.0,0.0688974298622323,0.0581735060798978,5.953893973476365,5f35d78493a88f0023c8d69f,-61.49027032079069,128.9805406415814,hill_climbing
