,attention_cost,exp_param,step_size,vm_param,pp_id,ll,AIC,agent_type
0,5.06662847883466,0.029592466915891284,0.09256449692816104,6.1198730702804855,5f35d80393a88f0023c8d729,-51.8685,111.737,sparse_max_discrete
