,exp_param,vm_param,pp_id,ll,AIC,agent_type
0,0.02942676452387835,1.1164835362347547,5f36107b93a88f0023c9090e,-109.49442154002466,222.98884308004932,lqr
