,exp_param,vm_param,pp_id,ll,AIC,agent_type
0,0.02146864873731195,9.451900553864165,5f35d7fa93a88f0023c8d725,-60.77903,125.55806,null_model_2
