,attention_cost,exp_param,vm_param,pp_id,ll,AIC,agent_type
0,152.33338467295314,0.020762001478467462,5.69447556679585,5f35d64293a88f0023c8d61c,-75.51757,155.03514,sparse_lqr
