,exp_param,vm_param,pp_id,ll,AIC,agent_type
0,0.003935407497521356,0.298254309407483,5f361f5693a88f0023c90f72,-138.388121,280.776242,lqr
