,exp_param,vm_param,pp_id,ll,AIC,agent_type
0,0.0010087304022016852,4.229274432988243,5f35da4f93a88f0023c8dc28,-111.90341198673983,227.80682397347965,lqr
