,attention_cost,exp_param,step_size,vm_param,pp_id,ll,AIC,agent_type
0,0.0,0.031138135492673927,0.7872509132895872,2.3926835718152484,5f35d83993a88f0023c8d78b,-90.198983,186.397966,hill_climbing
