,exp_param,vm_param,pp_id,ll,AIC,agent_type
0,0.037812376274280426,1.8365391548177368,5f35d7da93a88f0023c8d703,-97.84193258980645,199.6838651796129,lqr
