,attention_cost,exp_param,vm_param,pp_id,ll,AIC,agent_type
0,111.59790748693581,0.032706305906008204,2.481709810797602,5f35d65893a88f0023c8d625,-87.443636,178.887272,sparse_lqr
