,attention_cost,exp_param,step_size,vm_param,pp_id,ll,AIC,agent_type
0,0.0,0.014499867111263234,0.4300128956980577,5.4882015531642665,5f35d68993a88f0023c8d637,-80.806814,167.613628,hill_climbing
