,b,exp_param,n,vm_param,pp_id,ll,AIC,agent_type
0,1.077591466680175,0.007160850788810042,3.8894486033960947,4.13569514403823,5f35d7d393a88f0023c8d6f4,-71.3496658,150.6993316,null_model_1
