,attention_cost,exp_param,step_size,vm_param,pp_id,ll,AIC,agent_type
0,2.807644716488978,0.2643278613542866,1.227452343235103,1.739622301450888,5f35d80893a88f0023c8d735,-79.738437,167.476874,sparse_max_discrete
