,exp_param,vm_param,pp_id,ll,AIC,agent_type
0,0.03990412411211346,5.929485349592431,5f362fb593a88f0023c91191,-65.316363,134.632726,null_model_2
