,b,exp_param,n,vm_param,pp_id,ll,AIC,agent_type
0,2.357875265995885,0.08630474898404744,4.92564186301645,6.0950192577349664,5f35d80393a88f0023c8d729,-70.53302249999999,149.06604499999997,null_model_1
