,b,exp_param,n,vm_param,pp_id,ll,AIC,agent_type
0,5.902368854938576,0.09032426739401408,2.359403943313776,0.8860038244848512,5f361f5693a88f0023c90f72,-106.24385648962443,220.48771297924887,null_model_1
