,exp_param,vm_param,pp_id,ll,AIC,agent_type
0,0.031809190292623406,5.568263009143336,5f35d7d393a88f0023c8d6f4,-69.521989,143.043978,null_model_2
