,exp_param,vm_param,pp_id,ll,AIC,agent_type
0,0.0035737214966383695,0.9248755805831599,5f35d62693a88f0023c8d611,-132.277928,268.555856,lqr
