,exp_param,vm_param,pp_id,ll,AIC,agent_type
0,0.10808089118418575,1.2255194457891372,5f35d7f393a88f0023c8d71a,-94.0311,192.0622,null_model_2
