,attention_cost,exp_param,vm_param,pp_id,ll,AIC,agent_type
0,15.647100659622593,0.057383642362796104,2.6343103801343224,5f35e09e93a88f0023c8f979,-76.15127866806034,156.30255733612069,sparse_lqr
