,exp_param,vm_param,pp_id,ll,AIC,agent_type
0,0.018642993277598184,3.330917174132887,5f35df1293a88f0023c8f3db,-86.5333,177.0666,null_model_2
