,attention_cost,exp_param,step_size,vm_param,pp_id,ll,AIC,agent_type
0,24.608464727632914,0.027979548346872732,0.014452063345887889,2.055663730665188,5f35e00093a88f0023c8f758,-88.495755,184.99151,sparse_max_continuous
