,attention_cost,exp_param,vm_param,pp_id,ll,AIC,agent_type
0,169.09173988403134,0.022090933519205318,7.2241738009486935,5f35df1293a88f0023c8f3db,-77.379885,158.75977,sparse_lqr
