,attention_cost,exp_param,step_size,vm_param,pp_id,ll,AIC,agent_type
0,13.710612324806958,0.03458840346183242,0.040289762046301414,8.438354584432998,5f35d93793a88f0023c8d930,-60.008453,128.016906,sparse_max_discrete
