,attention_cost,exp_param,step_size,vm_param,pp_id,ll,AIC,agent_type
0,0.0,0.013974196284894443,0.5654509669497629,5.865676586892606,5f35df8793a88f0023c8f599,-75.1950708054336,156.3901416108672,hill_climbing
