,attention_cost,exp_param,vm_param,pp_id,ll,AIC,agent_type
0,56.219457161316036,0.07456000337490214,7.091866664837374,5f35d97e93a88f0023c8d9d4,-59.730261,123.460522,sparse_lqr
