,attention_cost,exp_param,step_size,vm_param,pp_id,ll,AIC,agent_type
0,0.0,0.026722665288871728,0.12937200914053415,9.813571499075701,5f35dafe93a88f0023c8de97,-37.987284,81.974568,hill_climbing
