,attention_cost,exp_param,vm_param,pp_id,ll,AIC,agent_type
0,28.909398647075125,0.08221486234045759,5.999188422965116,5f35d80393a88f0023c8d729,-58.496993520271936,120.99398704054387,sparse_lqr
