,attention_cost,exp_param,vm_param,pp_id,ll,AIC,agent_type
0,191.39549330958567,0.01748681083219021,5.184993862399607,5f35d76593a88f0023c8d688,-76.327847,156.655694,sparse_lqr
