,attention_cost,exp_param,step_size,vm_param,pp_id,ll,AIC,agent_type
0,0.0,0.05425216510647354,0.13962855593508017,2.561188668668961,5f35d7da93a88f0023c8d703,-86.461848,178.923696,hill_climbing
