,exp_param,vm_param,pp_id,ll,AIC,agent_type
0,0.022970567689005635,2.826651133758843,5f35d62693a88f0023c8d611,-88.843779,181.687558,null_model_2
