,b,exp_param,n,vm_param,pp_id,ll,AIC,agent_type
0,1.0,0.3481004778610427,4.10149060323916,6.744377349278509,5f360ff993a88f0023c90904,-47.1588263,102.3176526,null_model_1
