,attention_cost,exp_param,vm_param,pp_id,ll,AIC,agent_type
0,46.77689372010258,0.04782680097537177,4.13464610488502,5f35d73993a88f0023c8d677,-75.031,154.062,sparse_lqr
