,attention_cost,exp_param,step_size,vm_param,pp_id,ll,AIC,agent_type
0,0.0,0.05583095524325872,0.037571185726513114,3.6515231118332223,5f35d6af93a88f0023c8d646,-73.387377,152.774754,hill_climbing
