,attention_cost,exp_param,step_size,vm_param,pp_id,ll,AIC,agent_type
0,23.626555189575214,0.1074772929120123,1.4785632355697818,1.7716116443841734,5f35e00093a88f0023c8f758,-86.702599,181.405198,sparse_max_discrete
