,b,exp_param,n,vm_param,pp_id,ll,AIC,agent_type
0,1.7889208181883414,0.41461245748042086,1.0,0.9384663446413207,5f35da6493a88f0023c8dc69,-92.1816902,192.3633804,null_model_1
