,attention_cost,exp_param,step_size,vm_param,pp_id,ll,AIC,agent_type
0,18.447642471996286,0.16383555556508106,0.8366564360940492,4.533008639295956,5f35d79293a88f0023c8d6a1,-61.6801,131.36020000000002,sparse_max_discrete
