,exp_param,vm_param,pp_id,ll,AIC,agent_type
0,0.03302529868268101,5.2077897978825005,5f35d78493a88f0023c8d69f,-70.13039183021787,144.26078366043575,null_model_2
