,attention_cost,exp_param,vm_param,pp_id,ll,AIC,agent_type
0,62.78356809456675,0.0074491868876815906,1.763886435164389,5f360f4693a88f0023c908ef,-113.27616343630025,230.5523268726005,sparse_lqr
