,attention_cost,exp_param,step_size,vm_param,pp_id,ll,AIC,agent_type
0,3.2539963954400375,0.06252322347932297,0.01191845833338595,4.031280986286027,5f35e09e93a88f0023c8f979,-81.12227866605011,170.24455733210021,sparse_max_continuous
