,attention_cost,exp_param,vm_param,pp_id,ll,AIC,agent_type
0,271.5889982309985,0.09889958533875348,2.7166381209445314,5f35d74293a88f0023c8d67c,-77.177054,158.354108,sparse_lqr
