,exp_param,vm_param,pp_id,ll,AIC,agent_type
0,0.03297396063580654,5.477866655278618,5f35d7d393a88f0023c8d6f4,-69.52192729857812,143.04385459715624,null_model_2
