,attention_cost,exp_param,step_size,vm_param,pp_id,ll,AIC,agent_type
0,21.372239639740982,0.008032088429609237,1.0171974211493722,2.009072393612479,5f360f4693a88f0023c908ef,-100.7727,209.5454,sparse_max_continuous
