,attention_cost,exp_param,vm_param,pp_id,ll,AIC,agent_type
0,277.03802426105693,0.02885213115323336,3.0529116832393113,5f35d61893a88f0023c8d60c,-86.08019674504663,176.16039349009327,sparse_lqr
