,attention_cost,exp_param,vm_param,pp_id,ll,AIC,agent_type
0,188.8750384370426,0.025286751268684196,2.9324357637311103,5f35db0b93a88f0023c8ded5,-87.6415,179.283,sparse_lqr
