,attention_cost,exp_param,vm_param,pp_id,ll,AIC,agent_type
0,76.72841116461848,0.012316670881336523,1.217285720028617,5f35d62993a88f0023c8d613,-119.5027,243.0054,sparse_lqr
