,exp_param,vm_param,pp_id,ll,AIC,agent_type
0,0.013773016369895526,0.9085788538924111,5f35d6aa93a88f0023c8d642,-119.286307,242.572614,lqr
