,attention_cost,exp_param,step_size,vm_param,pp_id,ll,AIC,agent_type
0,0.0,0.02905390491361038,0.1054504699000724,4.985246606886122,5f35d63393a88f0023c8d617,-73.1861,152.3722,hill_climbing
