,attention_cost,exp_param,step_size,vm_param,pp_id,ll,AIC,agent_type
0,16.7482267726665,0.04774276579109436,0.049244169367259616,4.730936190491067,5f35d88193a88f0023c8d7ff,-66.6887699465229,141.3775398930458,sparse_max_continuous
