,exp_param,vm_param,pp_id,ll,AIC,agent_type
0,0.025081249489298636,1.5945831028612434,5f35e76793a88f0023c90491,-102.7400291380591,209.4800582761182,lqr
