,attention_cost,exp_param,step_size,vm_param,pp_id,ll,AIC,agent_type
0,23.919215208702404,0.011946363750608556,0.023553259310243768,3.706312135570843,5f35d81193a88f0023c8d742,-92.024422,192.048844,sparse_max_discrete
