,attention_cost,exp_param,step_size,vm_param,pp_id,ll,AIC,agent_type
0,0.0,0.044365446448079944,0.0,3.416202849926329,5f3612ca93a88f0023c909a0,-84.1737053086957,174.3474106173914,hill_climbing
