,attention_cost,exp_param,vm_param,pp_id,ll,AIC,agent_type
0,79.47586729884281,0.06726849959401313,3.700841979141063,5f35d88193a88f0023c8d7ff,-65.112289,134.224578,sparse_lqr
