,exp_param,vm_param,pp_id,ll,AIC,agent_type
0,0.03979654345421739,9.966125303647722,5f35d6bc93a88f0023c8d64b,-37.143422,78.286844,null_model_2
