,exp_param,vm_param,pp_id,ll,AIC,agent_type
0,0.020679411871383065,4.173193192001992,5f35dafe93a88f0023c8de97,-80.7044,165.4088,lqr
