,attention_cost,exp_param,step_size,vm_param,pp_id,ll,AIC,agent_type
0,0.0,0.08890864684763566,0.11432792343865056,3.325525328315152,5f35d60a93a88f0023c8d608,-71.1022962600712,148.2045925201424,hill_climbing
