,attention_cost,exp_param,step_size,vm_param,pp_id,ll,AIC,agent_type
0,23.188066847092546,0.027664021944829194,0.25416810741958157,6.111888040651592,5f35d91293a88f0023c8d8e2,-62.028347,132.056694,sparse_max_discrete
