,attention_cost,exp_param,step_size,vm_param,pp_id,ll,AIC,agent_type
0,1.3365563563428517,0.10838663497698682,0.33856400791178204,7.129889803826766,5f35df8293a88f0023c8f57b,-55.84432692150522,119.68865384301044,sparse_max_discrete
