,exp_param,vm_param,pp_id,ll,AIC,agent_type
0,0.053789800364715736,1.2298349956894294,5f35d60393a88f0023c8d605,-100.935654,205.871308,lqr
