,b,exp_param,n,vm_param,pp_id,ll,AIC,agent_type
0,6.257662352116165,0.01584903163340958,4.860079670480485,4.991650077505881,5f35d90b93a88f0023c8d8cf,-69.69121542188073,147.38243084376145,null_model_1
