,attention_cost,exp_param,step_size,vm_param,pp_id,ll,AIC,agent_type
0,22.627400265036027,0.0088133868115747,1.4881128919709785,2.4803633238611553,5f35d62693a88f0023c8d611,-86.88660141728911,181.77320283457823,sparse_max_discrete
