,exp_param,vm_param,pp_id,ll,AIC,agent_type
0,0.0034746673071169784,0.5296015386137864,5f35d81193a88f0023c8d742,-136.106309,276.212618,lqr
