,attention_cost,exp_param,step_size,vm_param,pp_id,ll,AIC,agent_type
0,29.38405768753299,0.020640203264407558,0.3845466890424558,2.6542671938161035,5f35d65d93a88f0023c8d629,-99.8814514801663,207.7629029603326,sparse_max_continuous
