,attention_cost,exp_param,step_size,vm_param,pp_id,ll,AIC,agent_type
0,0.0,0.042480823041814886,0.0,3.2897479834266066,5f35d73993a88f0023c8d677,-79.1936,164.3872,hill_climbing
