,b,exp_param,n,vm_param,pp_id,ll,AIC,agent_type
0,10.38964055850577,0.032387930709699066,3.493970306924551,1.3214076849278744,5f35d77893a88f0023c8d690,-98.0266112,204.0532224,null_model_1
