,attention_cost,exp_param,step_size,vm_param,pp_id,ll,AIC,agent_type
0,0.0,0.00976682859513199,0.6117406329993642,2.573851551286621,5f35e93693a88f0023c905d9,-101.3157,208.6314,hill_climbing
