,attention_cost,exp_param,step_size,vm_param,pp_id,ll,AIC,agent_type
0,24.903383910784044,0.045180535210119256,1.4624934281672943,3.4850830892719973,5f35d74693a88f0023c8d67e,-79.787101,167.574202,sparse_max_continuous
