,attention_cost,exp_param,step_size,vm_param,pp_id,ll,AIC,agent_type
0,6.519303931391272,0.017308091141705565,0.5446051792158931,7.486546352359989,5f36121793a88f0023c9095f,-71.603741,151.207482,sparse_max_continuous
