,exp_param,vm_param,pp_id,ll,AIC,agent_type
0,0.01766244497432101,1.9939853579760947,5f35d94f93a88f0023c8d95c,-100.9526,205.9052,null_model_2
