,attention_cost,exp_param,vm_param,pp_id,ll,AIC,agent_type
0,32.082580606439734,0.11478146613104932,3.215494187982466,5f35d60a93a88f0023c8d608,-68.273308,140.546616,sparse_lqr
