,exp_param,vm_param,pp_id,ll,AIC,agent_type
0,0.02436358194602048,1.7026691850310338,5f35e76793a88f0023c90491,-102.7629,209.5258,lqr
