,attention_cost,exp_param,step_size,vm_param,pp_id,ll,AIC,agent_type
0,0.0,0.06570538602301537,0.30257977974070555,2.9871912694559666,5f35d7da93a88f0023c8d703,-82.02281052424345,170.0456210484869,hill_climbing
