,exp_param,vm_param,pp_id,ll,AIC,agent_type
0,0.05710216417057778,2.561169354971229,5f35d6f793a88f0023c8d65f,-82.6467,169.2934,null_model_2
