,attention_cost,exp_param,step_size,vm_param,pp_id,ll,AIC,agent_type
0,5.7491537874674306,0.009690296794238946,0.34519850562829557,3.61179720458896,5f35d65d93a88f0023c8d629,-92.855197,193.710394,sparse_max_continuous
