,exp_param,vm_param,pp_id,ll,AIC,agent_type
0,0.001822714089777098,1.1022503629252844,5f361ea793a88f0023c90f71,-136.65482672845576,277.3096534569115,lqr
