,exp_param,vm_param,pp_id,ll,AIC,agent_type
0,0.04875655553431674,5.425308326195109,5f35d6b193a88f0023c8d648,-65.523041,135.046082,null_model_2
