,attention_cost,exp_param,step_size,vm_param,pp_id,ll,AIC,agent_type
0,8.659561123871885,0.003079119582418751,0.19656371441088993,5.751794056060062,5f360ea493a88f0023c908e6,-116.36542617157723,240.73085234315445,sparse_max_continuous
