,attention_cost,exp_param,vm_param,pp_id,ll,AIC,agent_type
0,116.08513082461019,0.02377636299167688,2.5990836783589777,5f35d86c93a88f0023c8d7e9,-101.87906,207.75812,sparse_lqr
