,attention_cost,exp_param,step_size,vm_param,pp_id,ll,AIC,agent_type
0,0.0,0.0015956115866049955,0.24910583766036998,2.960888192602499,5f360ea493a88f0023c908e6,-111.60484,229.20968,hill_climbing
