,attention_cost,exp_param,step_size,vm_param,pp_id,ll,AIC,agent_type
0,10.18408301329348,0.027211515225239406,0.03958225036328572,1.5158332980899336,5f35d9ad93a88f0023c8da5b,-97.88050435059066,203.7610087011813,sparse_max_continuous
