,attention_cost,exp_param,step_size,vm_param,pp_id,ll,AIC,agent_type
0,16.589044635889845,0.03400152088489961,0.01840678484639985,2.662586593048201,5f35d61893a88f0023c8d60c,-87.9109007500407,183.8218015000814,sparse_max_continuous
