,attention_cost,exp_param,step_size,vm_param,pp_id,ll,AIC,agent_type
0,12.398852113643962,0.0070399171901435655,0.0006580866609895986,2.4171378261550513,5f35e94193a88f0023c905da,-107.38000110591624,222.76000221183247,sparse_max_continuous
