,attention_cost,exp_param,step_size,vm_param,pp_id,ll,AIC,agent_type
0,0.0,0.025000563961615596,0.8287492824467585,4.9828105064063335,5f35d65893a88f0023c8d625,-69.46687721772699,144.93375443545398,hill_climbing
