,attention_cost,exp_param,vm_param,pp_id,ll,AIC,agent_type
0,264.10986045502597,0.013915166229546229,4.1404885520953645,5f35d7f093a88f0023c8d716,-84.915377,173.830754,sparse_lqr
