,attention_cost,exp_param,step_size,vm_param,pp_id,ll,AIC,agent_type
0,0.0,0.011276356574277679,0.15756370017492466,2.534672316920863,5f35d86c93a88f0023c8d7e9,-99.21508971772766,204.43017943545533,hill_climbing
