,attention_cost,exp_param,step_size,vm_param,pp_id,ll,AIC,agent_type
0,15.695929244939736,0.03852660606529485,0.024537760572122924,9.76213272876872,5f35d6bc93a88f0023c8d64b,-37.17128,82.34256,sparse_max_continuous
