,exp_param,vm_param,pp_id,ll,AIC,agent_type
0,0.004824578436308847,1.2554354400416046,5f35d84893a88f0023c8d7af,-124.8745,253.749,lqr
