,attention_cost,exp_param,step_size,vm_param,pp_id,ll,AIC,agent_type
0,20.731337068811058,0.003634079426420992,0.5807800306565302,1.5330411677678635,5f35dae093a88f0023c8de20,-126.97255343767776,261.9451068753555,sparse_max_continuous
