,attention_cost,exp_param,step_size,vm_param,pp_id,ll,AIC,agent_type
0,0.881956653977114,0.001,0.0,3.8338643682458504,5f35e70693a88f0023c90462,-191.369747,390.739494,sparse_max_continuous
