,attention_cost,exp_param,vm_param,pp_id,ll,AIC,agent_type
0,293.0233679196501,0.020161013041578867,4.208946031024402,5f35dc9193a88f0023c8e6bd,-80.6535,165.307,sparse_lqr
