,attention_cost,exp_param,step_size,vm_param,pp_id,ll,AIC,agent_type
0,13.223341866237995,0.024564510489500105,0.6244570385457567,4.152986199703648,5f35d8e393a88f0023c8d887,-78.13294696407031,164.26589392814063,sparse_max_continuous
