,attention_cost,exp_param,step_size,vm_param,pp_id,ll,AIC,agent_type
0,0.09721779173570533,0.16168718046658387,0.02801439637114944,3.8874610770540308,5f360ff993a88f0023c90904,-50.203613,108.407226,sparse_max_continuous
