,exp_param,vm_param,pp_id,ll,AIC,agent_type
0,0.0035068753531899057,1.0527823280618787,5f360f4693a88f0023c908ef,-131.364014,266.728028,lqr
