,attention_cost,exp_param,vm_param,pp_id,ll,AIC,agent_type
0,64.1312909497547,0.052245942275046885,5.630497755868849,5f362fb593a88f0023c91191,-63.978004,131.956008,sparse_lqr
