,exp_param,vm_param,pp_id,ll,AIC,agent_type
0,0.017462954805376893,0.6442546718617892,5f35d8e393a88f0023c8d887,-120.048749,244.097498,lqr
