,attention_cost,exp_param,vm_param,pp_id,ll,AIC,agent_type
0,35.45676890006595,0.009013236866088181,1.4262643460764701,5f35d6aa93a88f0023c8d642,-108.109995,220.21999,sparse_lqr
