,attention_cost,exp_param,step_size,vm_param,pp_id,ll,AIC,agent_type
0,16.335228902549545,0.029897011639456735,0.12929824631155895,3.996513632961781,5f35d6af93a88f0023c8d646,-72.572933,153.145866,sparse_max_discrete
