,attention_cost,exp_param,step_size,vm_param,pp_id,ll,AIC,agent_type
0,0.0,0.009772944811107218,0.2738321354579285,4.261645062153344,5f35db0c93a88f0023c8deda,-87.270099,180.540198,hill_climbing
