,attention_cost,exp_param,vm_param,pp_id,ll,AIC,agent_type
0,74.30488937465343,0.02193414413026108,8.904295668174523,5f35d7fa93a88f0023c8d725,-58.6443,121.2886,sparse_lqr
