,attention_cost,exp_param,step_size,vm_param,pp_id,ll,AIC,agent_type
0,0.0,0.01955762597523211,0.1050332155788335,4.8634511093703185,5f35d64293a88f0023c8d61c,-74.046951,154.093902,hill_climbing
