,exp_param,vm_param,pp_id,ll,AIC,agent_type
0,0.018781364299758525,9.852864977988599,5f35d76593a88f0023c8d688,-61.2123,126.4246,null_model_2
