,b,exp_param,n,vm_param,pp_id,ll,AIC,agent_type
0,3.266387740429265,0.13515695507490091,1.0155657522864816,0.9739228395476418,5f35d7f393a88f0023c8d71a,-100.47045831070331,208.94091662140661,null_model_1
