,exp_param,vm_param,pp_id,ll,AIC,agent_type
0,0.012586953005409462,3.3148540388932113,5f35d72b93a88f0023c8d674,-90.9715,185.943,null_model_2
