,attention_cost,exp_param,step_size,vm_param,pp_id,ll,AIC,agent_type
0,0.0,0.011009810886885438,0.6439292395069636,3.056694810653852,5f35d65d93a88f0023c8d629,-96.968721,199.937442,hill_climbing
