,exp_param,vm_param,pp_id,ll,AIC,agent_type
0,0.02677694481657012,4.880902839113941,5f35d63393a88f0023c8d617,-73.701297,151.402594,null_model_2
