,attention_cost,exp_param,step_size,vm_param,pp_id,ll,AIC,agent_type
0,0.0,0.0305473161448015,0.11760747337021207,6.730803831284682,5f35d90c93a88f0023c8d8d0,-69.163158,144.326316,hill_climbing
