,exp_param,vm_param,pp_id,ll,AIC,agent_type
0,0.008539167804417023,1.520181699981884,5f360f4693a88f0023c908ef,-113.955928,231.911856,null_model_2
