,attention_cost,exp_param,step_size,vm_param,pp_id,ll,AIC,agent_type
0,1.5610318110331955,0.04511172608087598,0.12780831414206673,2.2404767342127685,5f35d5ee93a88f0023c8d5fe,-91.94557,191.89114,sparse_max_continuous
