,exp_param,vm_param,pp_id,ll,AIC,agent_type
0,0.003771079872044777,1.1061508771480977,5f35d86c93a88f0023c8d7e9,-129.3126,262.6252,lqr
