,b,exp_param,n,vm_param,pp_id,ll,AIC,agent_type
0,1.5520061256525042,0.0066153437398699414,1.8361951209875906,1.6025706494805148,5f35e93693a88f0023c905d9,-118.0247523,244.0495046,null_model_1
