,attention_cost,exp_param,vm_param,pp_id,ll,AIC,agent_type
0,231.91183191228228,0.00281955022983803,3.2634128147507613,5f35d72493a88f0023c8d66f,-101.568177,207.136354,sparse_lqr
