,exp_param,vm_param,pp_id,ll,AIC,agent_type
0,0.02794316104554692,2.403633913305904,5f35d71a93a88f0023c8d66c,-91.10666677111189,186.21333354222378,null_model_2
