,attention_cost,exp_param,step_size,vm_param,pp_id,ll,AIC,agent_type
0,21.268192507313202,0.011951144785649858,1.4888926204766415,3.2104073406754416,5f35e94193a88f0023c905da,-95.752029,199.504058,sparse_max_discrete
