,attention_cost,exp_param,vm_param,pp_id,ll,AIC,agent_type
0,13.129373177586679,0.01704906272913877,4.3271603712704785,5f35d8e393a88f0023c8d887,-83.31280434368108,170.62560868736216,sparse_lqr
