,attention_cost,exp_param,step_size,vm_param,pp_id,ll,AIC,agent_type
0,0.0,0.0942340279337674,0.549754505020988,1.059939595284577,5f35e37d93a88f0023c8ffdc,-99.731546,205.463092,hill_climbing
