,attention_cost,exp_param,step_size,vm_param,pp_id,ll,AIC,agent_type
0,23.387561553251427,0.05365931995993361,0.15216829594209924,3.850400062381041,5f35e0a193a88f0023c8f986,-73.473747,154.947494,sparse_max_continuous
