,attention_cost,exp_param,step_size,vm_param,pp_id,ll,AIC,agent_type
0,15.695562337718641,0.02472816503300431,0.30142521745917994,9.138868567126469,5f35d65393a88f0023c8d623,-63.42544498250682,134.85088996501364,sparse_max_continuous
