,attention_cost,exp_param,step_size,vm_param,pp_id,ll,AIC,agent_type
0,24.55099038090839,0.0135173793971427,0.002193040820841652,2.3417150817685037,5f35d94f93a88f0023c8d95c,-101.595739,211.191478,sparse_max_discrete
