,attention_cost,exp_param,step_size,vm_param,pp_id,ll,AIC,agent_type
0,0.0,0.004501948783258656,0.1986376029093374,8.847204267325727,5f35d72493a88f0023c8d66f,-80.961918,167.923836,hill_climbing
