,exp_param,vm_param,pp_id,ll,AIC,agent_type
0,0.015082638755986463,2.5494765495701133,5f360eea93a88f0023c908e9,-96.686582,197.373164,lqr
