,attention_cost,exp_param,step_size,vm_param,pp_id,ll,AIC,agent_type
0,28.70174191434251,0.029039744161083576,0.0041642607016967315,3.823088728784114,5f3610a993a88f0023c90912,-79.1185,166.237,sparse_max_continuous
