,attention_cost,exp_param,step_size,vm_param,pp_id,ll,AIC,agent_type
0,0.0,0.08287804054882376,0.009829701448079431,1.893513106426019,5f35e00093a88f0023c8f758,-85.453008,176.906016,hill_climbing
