,attention_cost,exp_param,step_size,vm_param,pp_id,ll,AIC,agent_type
0,0.015243474558069847,0.042723113222620214,0.6031164341782288,4.237655641305271,5f35d65893a88f0023c8d625,-78.063035,164.12607,sparse_max_continuous
