,exp_param,vm_param,pp_id,ll,AIC,agent_type
0,0.1081611122057986,2.004381968818447,5f35d73d93a88f0023c8d679,-82.845522,169.691044,null_model_2
