,attention_cost,exp_param,vm_param,pp_id,ll,AIC,agent_type
0,83.2313183563629,0.03356059834477205,8.428596794628518,5f35d65393a88f0023c8d623,-61.384244,126.768488,sparse_lqr
