,attention_cost,exp_param,step_size,vm_param,pp_id,ll,AIC,agent_type
0,17.53748106716461,0.020208592481280405,0.3822980911247708,2.045756858112462,5f35d6aa93a88f0023c8d642,-102.33727710420445,212.6745542084089,sparse_max_discrete
