,attention_cost,exp_param,step_size,vm_param,pp_id,ll,AIC,agent_type
0,0.0,0.03099194126973383,0.23471758758296346,4.381883392877073,5f35d70093a88f0023c8d662,-71.295208,148.590416,hill_climbing
