,attention_cost,exp_param,vm_param,pp_id,ll,AIC,agent_type
0,108.27811667924868,0.0020314711556783755,1.490039790472949,5f35dae093a88f0023c8de20,-119.2534,242.5068,sparse_lqr
