,exp_param,vm_param,pp_id,ll,AIC,agent_type
0,0.08103793654811388,5.237290520774316,5f35d97e93a88f0023c8d9d4,-61.08004937511057,126.16009875022114,null_model_2
