,attention_cost,exp_param,step_size,vm_param,pp_id,ll,AIC,agent_type
0,0.0,0.0510476408969952,0.5097152899622814,8.0245739435977,5f35d63193a88f0023c8d616,-64.64893018711082,135.29786037422164,hill_climbing
