,attention_cost,exp_param,step_size,vm_param,pp_id,ll,AIC,agent_type
0,15.247311753644755,0.09422506297890666,0.03824738568486108,3.3402089418553604,5f35d60a93a88f0023c8d608,-71.7339,151.4678,sparse_max_discrete
