,attention_cost,exp_param,vm_param,pp_id,ll,AIC,agent_type
0,36.50548106025388,0.0701738375314113,2.7528164788100904,5f35d6f793a88f0023c8d65f,-78.455672,160.911344,sparse_lqr
