,attention_cost,exp_param,step_size,vm_param,pp_id,ll,AIC,agent_type
0,0.0,0.010048107331991924,0.18292593780180255,4.036346486397554,5f35db0c93a88f0023c8deda,-85.73429327637432,177.46858655274863,hill_climbing
