,attention_cost,exp_param,vm_param,pp_id,ll,AIC,agent_type
0,63.10936925655254,0.10543710056062608,1.44554760909533,5f35d7f393a88f0023c8d71a,-93.33200752510908,190.66401505021815,sparse_lqr
