,exp_param,vm_param,pp_id,ll,AIC,agent_type
0,0.015085511041612019,2.5362136772430457,5f360eea93a88f0023c908e9,-96.683525,197.36705,lqr
