,attention_cost,exp_param,step_size,vm_param,pp_id,ll,AIC,agent_type
0,17.260304282227658,0.061306348632284305,1.4684751268394958,2.302433725852331,5f35e00093a88f0023c8f758,-85.8256584468377,179.6513168936754,sparse_max_discrete
