,attention_cost,exp_param,step_size,vm_param,pp_id,ll,AIC,agent_type
0,0.0,0.019596807193874473,0.4432611287890346,4.298631761345838,5f35d71a93a88f0023c8d66c,-83.54706077122685,173.0941215424537,hill_climbing
