,attention_cost,exp_param,vm_param,pp_id,ll,AIC,agent_type
0,131.1940428023576,0.0036715767961896053,4.149167573132181,5f35d72493a88f0023c8d66f,-101.0891,206.1782,sparse_lqr
