,attention_cost,exp_param,step_size,vm_param,pp_id,ll,AIC,agent_type
0,0.8366718700158071,0.05098614937728299,0.38273685894641885,1.1434040036933157,5f35d77893a88f0023c8d690,-98.774459,205.548918,sparse_max_continuous
