,attention_cost,exp_param,vm_param,pp_id,ll,AIC,agent_type
0,45.41124503680385,0.012663625720220239,1.9438812008847661,5f360f4693a88f0023c908ef,-113.093785,230.18757,sparse_lqr
