,attention_cost,exp_param,vm_param,pp_id,ll,AIC,agent_type
0,20.43888738795755,0.03313205487136674,2.719246087967271,5f36121793a88f0023c9095f,-76.7957,157.5914,sparse_lqr
