,exp_param,vm_param,pp_id,ll,AIC,agent_type
0,0.019665057588086444,3.4861650334248253,5f36121793a88f0023c9095f,-77.48582056388595,158.9716411277719,null_model_2
