,attention_cost,exp_param,vm_param,pp_id,ll,AIC,agent_type
0,39.03029126008958,0.019886334701602042,1.9221950204846217,5f35d84893a88f0023c8d7af,-98.9953,201.9906,sparse_lqr
