,exp_param,vm_param,pp_id,ll,AIC,agent_type
0,0.012226217037762187,0.2881959471040352,5f35d8b893a88f0023c8d833,-126.7427,257.4854,lqr
