,exp_param,vm_param,pp_id,ll,AIC,agent_type
0,0.0032037981641448673,1.641677107589531,5f35d6bc93a88f0023c8d64b,-123.2697,250.5394,lqr
