,attention_cost,exp_param,step_size,vm_param,pp_id,ll,AIC,agent_type
0,22.284883686136,0.04497388258728211,0.044798762074766074,7.936714040550862,5f35d76793a88f0023c8d689,-47.17298869436952,102.34597738873904,sparse_max_continuous
