,attention_cost,exp_param,step_size,vm_param,pp_id,ll,AIC,agent_type
0,16.62976283303154,0.039208825928676055,0.1979533818139792,3.5179666447281557,5f35df8793a88f0023c8f599,-75.54415614014994,159.08831228029987,sparse_max_continuous
