,attention_cost,exp_param,vm_param,pp_id,ll,AIC,agent_type
0,104.87489809932265,0.029932581321561336,7.694015434436295,5f35d65393a88f0023c8d623,-61.289991,126.579982,sparse_lqr
