,exp_param,vm_param,pp_id,ll,AIC,agent_type
0,0.012276310500475032,0.267242498270146,5f35d8b893a88f0023c8d833,-126.747921,257.49584200000004,lqr
