,attention_cost,exp_param,vm_param,pp_id,ll,AIC,agent_type
0,24.116653533235745,0.03385180393820364,6.260565229198991,5f36107b93a88f0023c9090e,-71.53083514367606,147.06167028735211,sparse_lqr
