,b,exp_param,n,vm_param,pp_id,ll,AIC,agent_type
0,15.702804220743749,0.012959101969583275,4.127948910259748,3.7124869218549197,5f35db0c93a88f0023c8deda,-89.8513872,187.7027744,null_model_1
