,exp_param,vm_param,pp_id,ll,AIC,agent_type
0,0.004823978260297651,0.9911312508625214,5f3612ca93a88f0023c909a0,-128.75239841952023,261.50479683904047,lqr
