,attention_cost,exp_param,step_size,vm_param,pp_id,ll,AIC,agent_type
0,0.0,0.08509404167368215,0.4184961793996097,2.5747736862771706,5f35d6f793a88f0023c8d65f,-77.416125,160.83225,hill_climbing
