,attention_cost,exp_param,vm_param,pp_id,ll,AIC,agent_type
0,79.10079165898678,0.0671585972033398,6.37554307398779,5f35d97e93a88f0023c8d9d4,-60.1917,124.3834,sparse_lqr
