,attention_cost,exp_param,step_size,vm_param,pp_id,ll,AIC,agent_type
0,0.0,0.001000035942783151,0.0,1.171950463182526,5f35dae093a88f0023c8de20,-128.73471286529679,263.46942573059357,hill_climbing
