,exp_param,vm_param,pp_id,ll,AIC,agent_type
0,0.014961414685182684,6.480489411876746,5f35d83093a88f0023c8d771,-73.0371,150.0742,null_model_2
