,attention_cost,exp_param,step_size,vm_param,pp_id,ll,AIC,agent_type
0,28.137577324975144,0.09177903523876457,1.5,2.133379662919314,5f360eea93a88f0023c908e9,-79.276972,166.553944,sparse_max_discrete
