,b,exp_param,n,vm_param,pp_id,ll,AIC,agent_type
0,3.576043580485824,0.011748553119650642,4.936085909123195,7.331463435400451,5f35df8293a88f0023c8f57b,-70.57133802543049,149.14267605086098,null_model_1
