,attention_cost,exp_param,vm_param,pp_id,ll,AIC,agent_type
0,65.72340025046867,0.08866457560995311,2.844051269184753,5f35d6f793a88f0023c8d65f,-78.3224,160.6448,sparse_lqr
