,attention_cost,exp_param,step_size,vm_param,pp_id,ll,AIC,agent_type
0,16.237618393830722,0.01147650214180677,0.5460225828789318,1.7106807630178034,5f360f4693a88f0023c908ef,-111.081088,230.162176,sparse_max_discrete
