,b,exp_param,n,vm_param,pp_id,ll,AIC,agent_type
0,9.477406124575781,0.017669366189022033,4.864876726791178,2.6656386526092115,5f35e76793a88f0023c90491,-111.48800999999999,230.97601999999998,null_model_1
