,b,exp_param,n,vm_param,pp_id,ll,AIC,agent_type
0,5.631361059918085,0.04312242467658901,1.1777636275622996,4.036377492188121,5f35d61893a88f0023c8d60c,-82.8208099001956,173.6416198003912,null_model_1
