,attention_cost,exp_param,vm_param,pp_id,ll,AIC,agent_type
0,244.00133780097065,0.014861305090147367,3.21725916224152,5f35dc7593a88f0023c8e5d3,-90.907836,185.815672,sparse_lqr
