,attention_cost,exp_param,step_size,vm_param,pp_id,ll,AIC,agent_type
0,18.35648956561169,0.015833727614988784,0.7214863750245349,5.086821696145204,5f35d72b93a88f0023c8d674,-83.980015,175.96003,sparse_max_discrete
