,b,exp_param,n,vm_param,pp_id,ll,AIC,agent_type
0,34.8616139225216,0.001,1.0,1.6670200995575173,5f35dae093a88f0023c8de20,-135.6017800268003,279.2035600536006,null_model_1
