,exp_param,vm_param,pp_id,ll,AIC,agent_type
0,0.010099952486136966,1.9781575808412477,5f35db9193a88f0023c8e13f,-107.0908,218.1816,lqr
