,exp_param,vm_param,pp_id,ll,AIC,agent_type
0,0.03671581458955203,2.8405962900298087,5f35d88193a88f0023c8d7ff,-85.9311,175.8622,lqr
