,attention_cost,exp_param,step_size,vm_param,pp_id,ll,AIC,agent_type
0,0.0,0.0049999210411599895,0.2707648916785103,2.657008327162833,5f36101b93a88f0023c90907,-100.882369,207.764738,hill_climbing
