,exp_param,vm_param,pp_id,ll,AIC,agent_type
0,0.0362567551758263,2.672922294192399,5f35d88193a88f0023c8d7ff,-85.88743330726683,175.77486661453366,lqr
