,attention_cost,exp_param,step_size,vm_param,pp_id,ll,AIC,agent_type
0,0.0,0.07626770287165788,0.00475861598844185,2.518443375899854,5f35d79b93a88f0023c8d6aa,-91.225209,188.450418,hill_climbing
