,attention_cost,exp_param,step_size,vm_param,pp_id,ll,AIC,agent_type
0,16.625121640139337,0.0026161006275906666,0.028837515431010208,2.186961462165949,5f35dae093a88f0023c8de20,-124.58764731001366,257.17529462002733,sparse_max_discrete
