,attention_cost,exp_param,step_size,vm_param,pp_id,ll,AIC,agent_type
0,21.942931726350338,0.07790018457654267,0.03586758277334984,4.225926926853017,5f35d6af93a88f0023c8d646,-73.412948,154.825896,sparse_max_continuous
