,exp_param,vm_param,pp_id,ll,AIC,agent_type
0,0.019868187329236706,1.972988764377115,5f35d76793a88f0023c8d689,-99.62012423749009,203.24024847498018,lqr
