,exp_param,vm_param,pp_id,ll,AIC,agent_type
0,0.020592578828307437,4.051513620794291,5f35dafe93a88f0023c8de97,-80.694914,165.389828,lqr
