,exp_param,vm_param,pp_id,ll,AIC,agent_type
0,0.003972679898225653,1.329177869124798,5f35d5ea93a88f0023c8d5fd,-125.611775,255.22355,lqr
