,attention_cost,exp_param,step_size,vm_param,pp_id,ll,AIC,agent_type
0,0.0,0.017195841821791267,0.008696709044422157,8.227104220629398,5f35d83093a88f0023c8d771,-73.72166219765374,153.44332439530749,hill_climbing
