,attention_cost,exp_param,vm_param,pp_id,ll,AIC,agent_type
0,135.68629081266192,0.02449825523005764,5.718518436329639,5f35d76593a88f0023c8d688,-76.3571,156.7142,sparse_lqr
