,attention_cost,exp_param,step_size,vm_param,pp_id,ll,AIC,agent_type
0,7.626839639824661,0.15108482334193202,0.8675766781043219,2.1798069538684963,5f35d60393a88f0023c8d605,-77.00483360495241,162.00966720990482,sparse_max_discrete
