,attention_cost,exp_param,step_size,vm_param,pp_id,ll,AIC,agent_type
0,26.585979459361404,0.02507079252249993,0.18960178902703162,1.736131036817623,5f35d67e93a88f0023c8d634,-100.5821,209.1642,sparse_max_discrete
