,b,exp_param,n,vm_param,pp_id,ll,AIC,agent_type
0,1.9741265581499838,0.027184775890841558,1.1132259520831784,2.462110676030459,5f35d7f093a88f0023c8d716,-96.43501693012345,200.8700338602469,null_model_1
