,exp_param,vm_param,pp_id,ll,AIC,agent_type
0,0.01031894623393853,2.1900411411715224,5f35df1293a88f0023c8f3db,-104.44347,212.88694,lqr
