,exp_param,vm_param,pp_id,ll,AIC,agent_type
0,0.023024483355200846,0.9220999318206691,5f35d8b893a88f0023c8d833,-113.854147,231.708294,null_model_2
