,exp_param,vm_param,pp_id,ll,AIC,agent_type
0,0.020381365892576612,3.3641978633203906,5f35d8e393a88f0023c8d887,-85.6067,175.2134,null_model_2
