,exp_param,vm_param,pp_id,ll,AIC,agent_type
0,0.001927279700938553,0.8267152934589117,5f35d71c93a88f0023c8d66e,-140.32466449606093,284.64932899212187,lqr
