,attention_cost,exp_param,vm_param,pp_id,ll,AIC,agent_type
0,17.752929883856737,0.06082096127691496,1.245441147380203,5f361f5693a88f0023c90f72,-99.076599,202.153198,sparse_lqr
