,attention_cost,exp_param,step_size,vm_param,pp_id,ll,AIC,agent_type
0,0.0,0.1064817053026114,0.24845746754920578,9.926562498880234,5f35d73b93a88f0023c8d678,-47.050291,100.100582,hill_climbing
