,attention_cost,exp_param,step_size,vm_param,pp_id,ll,AIC,agent_type
0,13.280392071773884,0.05148504013498608,0.8631989932353316,3.5075815431105584,5f35d73993a88f0023c8d677,-67.746901,143.493802,sparse_max_discrete
