,attention_cost,exp_param,step_size,vm_param,pp_id,ll,AIC,agent_type
0,9.676811145590738,0.059888043837091405,0.15874417151655063,9.0161511206392,5f35d76793a88f0023c8d689,-46.2186,100.4372,sparse_max_continuous
