,attention_cost,exp_param,step_size,vm_param,pp_id,ll,AIC,agent_type
0,9.424063367927854,0.0017749634854912497,0.1026313372274047,5.392706437373979,5f360ea493a88f0023c908e6,-114.602374,237.204748,sparse_max_continuous
