,exp_param,vm_param,pp_id,ll,AIC,agent_type
0,0.0017843463727733365,1.343799572696115,5f36101b93a88f0023c90907,-133.85865793364127,271.71731586728254,lqr
