,attention_cost,exp_param,vm_param,pp_id,ll,AIC,agent_type
0,20.531006584644672,0.01628920560241179,3.868115198296093,5f36121793a88f0023c9095f,-76.578487,157.156974,sparse_lqr
