,attention_cost,exp_param,step_size,vm_param,pp_id,ll,AIC,agent_type
0,1.4184119499407466,0.04388059546923766,0.5686282914338825,1.9606879474242933,5f35d77893a88f0023c8d690,-97.62747,203.25494,sparse_max_discrete
