,b,exp_param,n,vm_param,pp_id,ll,AIC,agent_type
0,11.316742188539955,0.001,3.6816180348097935,3.1219782612811384,5f35e70693a88f0023c90462,-283.222998,574.445996,null_model_1
