,exp_param,vm_param,pp_id,ll,AIC,agent_type
0,0.0347160947556605,7.054732950243995,5f35d91293a88f0023c8d8e2,-62.561348,129.12269600000002,null_model_2
