,exp_param,vm_param,pp_id,ll,AIC,agent_type
0,0.0011363126744035335,1.1912651119149131,5f35dba493a88f0023c8e193,-139.87001666698632,283.74003333397263,lqr
