,attention_cost,exp_param,step_size,vm_param,pp_id,ll,AIC,agent_type
0,0.0,0.11738432253560986,0.07763984340286595,2.1875416442144893,5f360eea93a88f0023c908e9,-83.565704,173.131408,hill_climbing
