,attention_cost,exp_param,step_size,vm_param,pp_id,ll,AIC,agent_type
0,0.05696547879551206,0.02640361778485743,0.25627430403785184,1.9504197124875355,5f35d83993a88f0023c8d78b,-96.427,200.854,sparse_max_continuous
