,attention_cost,exp_param,vm_param,pp_id,ll,AIC,agent_type
0,140.761449366163,0.023442437753724635,4.1078721933869105,5f3610a993a88f0023c90912,-78.8469,161.6938,sparse_lqr
