,exp_param,vm_param,pp_id,ll,AIC,agent_type
0,0.006100929376949403,2.3806023050739924,5f35e93693a88f0023c905d9,-108.061384,220.122768,null_model_2
