,b,exp_param,n,vm_param,pp_id,ll,AIC,agent_type
0,1.0367633795720852,0.03819441631098069,1.3953233893023942,8.64528159018983,5f35d72f93a88f0023c8d675,-45.099644801630156,98.19928960326031,null_model_1
