,exp_param,vm_param,pp_id,ll,AIC,agent_type
0,0.0069456342941603706,2.243655934706349,5f35e94193a88f0023c905da,-107.3156,218.6312,null_model_2
