,exp_param,vm_param,pp_id,ll,AIC,agent_type
0,0.0037572308130526147,2.861211096504268,5f35d78293a88f0023c8d697,-106.5651,217.1302,lqr
