,attention_cost,exp_param,step_size,vm_param,pp_id,ll,AIC,agent_type
0,0.0,0.021537614869078552,0.86989474072417,1.341451365472823,5f35d67e93a88f0023c8d634,-105.032,216.064,hill_climbing
