,attention_cost,exp_param,step_size,vm_param,pp_id,ll,AIC,agent_type
0,7.564148407504918,0.03777219729567251,0.8644900224695187,2.551627548210954,5f35dab593a88f0023c8dda2,-89.539316,187.078632,sparse_max_continuous
