,attention_cost,exp_param,vm_param,pp_id,ll,AIC,agent_type
0,50.2527622965832,0.09333295089962607,5.077349250070041,5f35da2c93a88f0023c8db97,-59.08965358550044,122.17930717100089,sparse_lqr
