,exp_param,vm_param,pp_id,ll,AIC,agent_type
0,0.0038669725535750185,0.6004761499760614,5f35d62993a88f0023c8d613,-135.224,274.448,lqr
