,b,exp_param,n,vm_param,pp_id,ll,AIC,agent_type
0,30.027234036032034,0.001534763634808858,4.820779343319668,6.482791563666355,5f35da4f93a88f0023c8dc28,-97.98089265863334,203.96178531726667,null_model_1
