,attention_cost,exp_param,vm_param,pp_id,ll,AIC,agent_type
0,17.785466776239602,0.06827057536022842,1.161113888145252,5f35e37d93a88f0023c8ffdc,-101.469624,206.939248,sparse_lqr
