,attention_cost,exp_param,vm_param,pp_id,ll,AIC,agent_type
0,29.72642084806746,0.10277123840650546,2.967715881964832,5f35d79293a88f0023c8d6a1,-70.612941,145.225882,sparse_lqr
