,attention_cost,exp_param,step_size,vm_param,pp_id,ll,AIC,agent_type
0,6.1288996106695155,0.02875806998965425,1.4476146083494905,1.2493026737995216,5f35d67e93a88f0023c8d634,-103.087937,214.175874,sparse_max_discrete
