,attention_cost,exp_param,vm_param,pp_id,ll,AIC,agent_type
0,295.93675567002475,0.11387758183638527,8.754649526324169,5f35d6ae93a88f0023c8d644,-26.270776,56.541552,sparse_lqr
