,exp_param,vm_param,pp_id,ll,AIC,agent_type
0,0.01682225096429725,2.953369608567203,5f3626b693a88f0023c91063,-90.3568,184.7136,null_model_2
