,attention_cost,exp_param,step_size,vm_param,pp_id,ll,AIC,agent_type
0,17.473731199748123,0.16934092773588627,0.7806123325988847,2.016908197990466,5f361ea793a88f0023c90f71,-75.8646,159.7292,sparse_max_discrete
