,attention_cost,exp_param,step_size,vm_param,pp_id,ll,AIC,agent_type
0,0.0,0.008407685092192065,0.7154356033329694,1.8806016794711622,5f35d62993a88f0023c8d613,-114.3997,234.7994,hill_climbing
