,exp_param,vm_param,pp_id,ll,AIC,agent_type
0,0.02361092636495105,0.9926317932296225,5f35d8b893a88f0023c8d833,-113.8933,231.7866,null_model_2
