,exp_param,vm_param,pp_id,ll,AIC,agent_type
0,0.04031999572118195,1.8199238092166725,5f35d7da93a88f0023c8d703,-97.837388,199.674776,lqr
