,attention_cost,exp_param,step_size,vm_param,pp_id,ll,AIC,agent_type
0,0.0,0.001,4.9235750296650186e-08,4.332780671206328,5f35e70693a88f0023c90462,-191.570738,389.141476,hill_climbing
