,attention_cost,exp_param,vm_param,pp_id,ll,AIC,agent_type
0,21.89852680651199,0.05090735322871265,7.696723702568324,5f35db9193a88f0023c8e13f,-52.1431,108.2862,sparse_lqr
