,attention_cost,exp_param,step_size,vm_param,pp_id,ll,AIC,agent_type
0,25.615795936178205,0.005339545132502415,0.3542143332518725,2.3787367445985597,5f35d7a693a88f0023c8d6b2,-110.920518,229.841036,sparse_max_discrete
