,attention_cost,exp_param,vm_param,pp_id,ll,AIC,agent_type
0,268.49459557602074,0.007705823098971559,2.958872903698829,5f36101b93a88f0023c90907,-97.744658,199.489316,sparse_lqr
