,attention_cost,exp_param,vm_param,pp_id,ll,AIC,agent_type
0,25.484956782372215,0.054497121696212326,1.6592842528202034,5f35dfdb93a88f0023c8f6da,-88.476427,180.952854,sparse_lqr
