,attention_cost,exp_param,vm_param,pp_id,ll,AIC,agent_type
0,122.4452731931935,0.06471243976912142,7.6190609911515805,5f35d73b93a88f0023c8d678,-53.588795,111.17759,sparse_lqr
