,attention_cost,exp_param,vm_param,pp_id,ll,AIC,agent_type
0,20.993327911830395,0.0700687376279373,1.1203684124383406,5f35e37d93a88f0023c8ffdc,-101.30840735803389,206.61681471606778,sparse_lqr
