,exp_param,vm_param,pp_id,ll,AIC,agent_type
0,0.0751770805997716,5.572792334666304,5f35d80393a88f0023c8d729,-60.3569,124.7138,null_model_2
