,attention_cost,exp_param,step_size,vm_param,pp_id,ll,AIC,agent_type
0,0.0,0.017166937292363477,0.03745943451250361,2.201169835276179,5f35d94f93a88f0023c8d95c,-101.24461910121994,208.48923820243988,hill_climbing
