,attention_cost,exp_param,vm_param,pp_id,ll,AIC,agent_type
0,271.17332553359375,0.02532471973656432,5.042924473063248,5f35d63393a88f0023c8d617,-73.74218,151.48436,sparse_lqr
