,attention_cost,exp_param,step_size,vm_param,pp_id,ll,AIC,agent_type
0,0.0,0.027378774866271105,0.24687576532570793,3.0694145969205247,5f35d72b93a88f0023c8d674,-89.8448,185.6896,hill_climbing
