,exp_param,vm_param,pp_id,ll,AIC,agent_type
0,0.031306852078108786,2.634848597989621,5f35d65893a88f0023c8d625,-87.844957,179.689914,null_model_2
