,attention_cost,exp_param,vm_param,pp_id,ll,AIC,agent_type
0,108.63992281093809,0.02361358743289483,7.901110247944333,5f35d65393a88f0023c8d623,-61.07474431730955,126.1494886346191,sparse_lqr
