,exp_param,vm_param,pp_id,ll,AIC,agent_type
0,0.024387070622175534,9.963064624570244,5f35dafe93a88f0023c8de97,-40.0769,84.1538,null_model_2
