,attention_cost,exp_param,step_size,vm_param,pp_id,ll,AIC,agent_type
0,0.5920876803485597,0.0027975856412839634,0.830883790679271,2.5732024201000083,5f35dba493a88f0023c8e193,-113.32900586983041,234.65801173966082,sparse_max_discrete
