,attention_cost,exp_param,step_size,vm_param,pp_id,ll,AIC,agent_type
0,5.859890593808648,0.023857808947405777,1.466009733616716,2.336838250426437,5f35d67e93a88f0023c8d634,-98.76882919381109,205.53765838762217,sparse_max_discrete
