,b,exp_param,n,vm_param,pp_id,ll,AIC,agent_type
0,1.75169694922084,0.0903020349238261,3.7983314138665136,1.1014798007497228,5f35e00093a88f0023c8f758,-88.71523277872606,185.43046555745212,null_model_1
