,attention_cost,exp_param,step_size,vm_param,pp_id,ll,AIC,agent_type
0,0.0,0.15260367231543678,0.08165852069563856,9.041642439538622,5f360ff993a88f0023c90904,-37.12792939303236,80.25585878606472,hill_climbing
