,exp_param,vm_param,pp_id,ll,AIC,agent_type
0,0.008452453396539005,0.9980174299047317,5f35d6af93a88f0023c8d646,-122.990644,249.981288,lqr
