,attention_cost,exp_param,step_size,vm_param,pp_id,ll,AIC,agent_type
0,5.286507951450059,0.021435167953595506,0.3088681534163992,1.6060585562900576,5f35d8b893a88f0023c8d833,-105.51138673420294,219.0227734684059,sparse_max_continuous
