,attention_cost,exp_param,vm_param,pp_id,ll,AIC,agent_type
0,63.22405895246837,0.039032177620812285,6.803485681884269,5f35df8293a88f0023c8f57b,-63.99987661623291,131.99975323246582,sparse_lqr
