,attention_cost,exp_param,vm_param,pp_id,ll,AIC,agent_type
0,127.50101583335449,0.021078985208179177,4.723570829205958,5f35d78293a88f0023c8d697,-79.002702,162.005404,sparse_lqr
