,b,exp_param,n,vm_param,pp_id,ll,AIC,agent_type
0,7.460601032121719,0.031958732679606694,4.936274557494098,3.1397470737366184,5f35d65893a88f0023c8d625,-79.25655000000002,166.51310000000004,null_model_1
