,exp_param,vm_param,pp_id,ll,AIC,agent_type
0,0.0034006275348387365,0.9919435430315315,5f360f4693a88f0023c908ef,-131.3748,266.7496,lqr
