,attention_cost,exp_param,step_size,vm_param,pp_id,ll,AIC,agent_type
0,0.0,0.11506312447628847,0.6021185156430787,4.347524128937781,5f35d82093a88f0023c8d751,-64.1115,134.223,hill_climbing
