,attention_cost,exp_param,step_size,vm_param,pp_id,ll,AIC,agent_type
0,14.719500967782151,0.003764847582821582,0.03225086252340065,2.502201470637553,5f35dae093a88f0023c8de20,-126.6945,261.389,sparse_max_discrete
