,b,exp_param,n,vm_param,pp_id,ll,AIC,agent_type
0,12.179669441382488,0.014810276329037333,1.1000601130767214,4.5250869932673465,5f35dc7593a88f0023c8e5d3,-87.5769956,183.1539912,null_model_1
