,attention_cost,exp_param,step_size,vm_param,pp_id,ll,AIC,agent_type
0,0.0,0.10356143049258079,0.8613994088763337,5.888539233668424,5f362dee93a88f0023c91131,-60.39126943577496,126.78253887154992,hill_climbing
