,attention_cost,exp_param,step_size,vm_param,pp_id,ll,AIC,agent_type
0,0.0,0.011425618985664732,0.17194165653429222,1.8125679295401598,5f35d6aa93a88f0023c8d642,-108.71527,223.43054,hill_climbing
