,attention_cost,exp_param,step_size,vm_param,pp_id,ll,AIC,agent_type
0,0.0,0.05451888563110069,0.4299272807884265,1.8840874123481075,5f35dfdb93a88f0023c8f6da,-89.473535,184.94707,hill_climbing
