,b,exp_param,n,vm_param,pp_id,ll,AIC,agent_type
0,11.442025615119892,0.01610538083844714,1.4056732224953583,4.9965218373838365,5f35d78293a88f0023c8d697,-91.5446595429908,191.0893190859816,null_model_1
