,b,exp_param,n,vm_param,pp_id,ll,AIC,agent_type
0,6.9859397158020435,0.011426600324424798,2.3721465319281694,1.8439854880035145,5f35d6aa93a88f0023c8d642,-109.0567,226.1134,null_model_1
