,attention_cost,exp_param,step_size,vm_param,pp_id,ll,AIC,agent_type
0,23.03888634843935,0.05403950285707257,0.8235801657757795,8.00994555798356,5f35db9193a88f0023c8e13f,-56.796506,121.593012,sparse_max_continuous
