,exp_param,vm_param,pp_id,ll,AIC,agent_type
0,0.0028498888131864154,8.2918216855831,5f35da4f93a88f0023c8dc28,-83.112854,170.225708,null_model_2
