,attention_cost,exp_param,vm_param,pp_id,ll,AIC,agent_type
0,60.4733603043599,0.03644882067651663,5.346582333391767,5f35d63393a88f0023c8d617,-73.584066,151.168132,sparse_lqr
