,exp_param,vm_param,pp_id,ll,AIC,agent_type
0,0.030663013921709115,1.3236010250484642,5f35d77893a88f0023c8d690,-104.594814763936,213.189629527872,null_model_2
