,exp_param,vm_param,pp_id,ll,AIC,agent_type
0,0.02028133532627307,3.4064319195089654,5f35d8e393a88f0023c8d887,-85.609303,175.218606,null_model_2
