,attention_cost,exp_param,step_size,vm_param,pp_id,ll,AIC,agent_type
0,26.185895739251286,0.03814599160954232,0.003990337285837586,3.434090429908604,5f35e0a193a88f0023c8f986,-80.264359,168.528718,sparse_max_discrete
