,exp_param,vm_param,pp_id,ll,AIC,agent_type
0,0.004247107340612968,1.195533064018205,5f35d82093a88f0023c8d751,-126.5257,257.0514,lqr
