,attention_cost,exp_param,step_size,vm_param,pp_id,ll,AIC,agent_type
0,0.0,0.06834579983690706,0.8363057902672635,3.0520873396475,5f35d74693a88f0023c8d67e,-77.968,161.936,hill_climbing
