,attention_cost,exp_param,vm_param,pp_id,ll,AIC,agent_type
0,47.410161291344856,0.02450512091757249,2.7155063444817484,5f36121793a88f0023c9095f,-74.93880546069019,153.87761092138038,sparse_lqr
