,attention_cost,exp_param,step_size,vm_param,pp_id,ll,AIC,agent_type
0,3.5471412041509276,0.001,0.6901795353782155,3.7105091400965518,5f35dba493a88f0023c8e193,-105.46712553416017,218.93425106832035,sparse_max_continuous
