,exp_param,vm_param,pp_id,ll,AIC,agent_type
0,0.002769583515578212,1.9750817282702016,5f35d83093a88f0023c8d771,-120.53698014868422,245.07396029736844,lqr
