,attention_cost,exp_param,step_size,vm_param,pp_id,ll,AIC,agent_type
0,10.271449845420811,0.06570127663342742,0.14898489947997068,4.734645733983571,5f35d73993a88f0023c8d677,-75.791867,159.583734,sparse_max_continuous
