,exp_param,vm_param,pp_id,ll,AIC,agent_type
0,0.005174604170479559,2.401078224510731,5f35d76593a88f0023c8d688,-111.540169,227.080338,lqr
