,exp_param,vm_param,pp_id,ll,AIC,agent_type
0,0.02084932624012542,3.271807924556035,5f35d8e393a88f0023c8d887,-85.617377,175.234754,null_model_2
