,attention_cost,exp_param,vm_param,pp_id,ll,AIC,agent_type
0,31.805615796579556,0.1011892281651414,4.005851791722483,5f35d79293a88f0023c8d6a1,-70.4741,144.9482,sparse_lqr
