,b,exp_param,n,vm_param,pp_id,ll,AIC,agent_type
0,3.0179202168896,0.018117690020837057,2.4145585511751952,2.5414141212593364,5f35d81193a88f0023c8d742,-103.34858549970252,214.69717099940505,null_model_1
