,attention_cost,exp_param,step_size,vm_param,pp_id,ll,AIC,agent_type
0,2.998441469641043,0.06193831127821102,0.04098864968794108,4.5930269605269745,5f35d7d693a88f0023c8d6f7,-64.728365,137.45673,sparse_max_discrete
