,exp_param,vm_param,pp_id,ll,AIC,agent_type
0,0.07593935514297348,2.1491584064287483,5f360eea93a88f0023c908e9,-84.54975,173.0995,null_model_2
