,attention_cost,exp_param,step_size,vm_param,pp_id,ll,AIC,agent_type
0,0.0,0.020799026519288714,0.5138619190474978,1.762537439857098,5f35d67e93a88f0023c8d634,-102.8460745522072,211.6921491044144,hill_climbing
