,exp_param,vm_param,pp_id,ll,AIC,agent_type
0,0.0029134674321475446,1.788127357694026,5f35d83093a88f0023c8d771,-120.5077,245.0154,lqr
