,attention_cost,exp_param,step_size,vm_param,pp_id,ll,AIC,agent_type
0,10.364281641573031,0.004857193056275678,0.07641055583237177,1.2205250906800946,5f35d62993a88f0023c8d613,-120.0025330513501,248.0050661027002,sparse_max_continuous
