,b,exp_param,n,vm_param,pp_id,ll,AIC,agent_type
0,6.0303053634328165,0.05220736986147081,1.0018373611571216,4.592428749274093,5f35db9193a88f0023c8e13f,-71.1848598,150.3697196,null_model_1
