,exp_param,vm_param,pp_id,ll,AIC,agent_type
0,0.03583497194742194,5.899276321205602,5f35df8293a88f0023c8f57b,-66.147574,136.295148,null_model_2
