,attention_cost,exp_param,step_size,vm_param,pp_id,ll,AIC,agent_type
0,6.410866981885683,0.014973477035021075,0.11670951972818355,4.296710273210057,5f35db0c93a88f0023c8deda,-86.211453,180.422906,sparse_max_discrete
