,exp_param,vm_param,pp_id,ll,AIC,agent_type
0,0.03339216330120068,5.235822543339199,5f35d78493a88f0023c8d69f,-70.131326,144.262652,null_model_2
