,attention_cost,exp_param,vm_param,pp_id,ll,AIC,agent_type
0,277.69233799998125,0.011294749356585719,3.044777199308686,5f35d7f093a88f0023c8d716,-86.0597,176.1194,sparse_lqr
