,b,exp_param,n,vm_param,pp_id,ll,AIC,agent_type
0,1.9741265581499838,0.027184775890841558,1.1132259520831784,2.462110676030459,5f35db0b93a88f0023c8ded5,-84.13925649999999,176.27851299999998,null_model_1
