,attention_cost,exp_param,step_size,vm_param,pp_id,ll,AIC,agent_type
0,18.745002842134152,0.04587943239040574,0.008686227447219308,8.375778632844746,5f35d77893a88f0023c8d691,-53.009894,114.019788,sparse_max_continuous
