,attention_cost,exp_param,step_size,vm_param,pp_id,ll,AIC,agent_type
0,0.0,0.027184775890841558,0.04245973203119191,2.462110676030459,5f35d8e393a88f0023c8d887,-86.998431,179.996862,hill_climbing
