,attention_cost,exp_param,step_size,vm_param,pp_id,ll,AIC,agent_type
0,22.839232103095622,0.023800599825831076,0.039379450479306244,6.726590575530482,5f35d7fa93a88f0023c8d725,-48.45001705659803,104.90003411319606,sparse_max_continuous
