,exp_param,vm_param,pp_id,ll,AIC,agent_type
0,0.003260884000181674,3.7954170943844776,5f360ff993a88f0023c90904,-100.4231,204.8462,lqr
