,exp_param,vm_param,pp_id,ll,AIC,agent_type
0,0.015195059572885958,2.9045205855171394,5f35d68993a88f0023c8d637,-93.47519555450472,190.95039110900944,null_model_2
