,attention_cost,exp_param,step_size,vm_param,pp_id,ll,AIC,agent_type
0,0.0,0.10022833275007287,0.25684118713045573,9.42461027776332,5f35d76793a88f0023c8d689,-42.81411983207129,91.62823966414258,hill_climbing
