,exp_param,vm_param,pp_id,ll,AIC,agent_type
0,0.031296760382296986,1.3283536137843843,5f35d60a93a88f0023c8d608,-104.013532,212.027064,lqr
