,attention_cost,exp_param,step_size,vm_param,pp_id,ll,AIC,agent_type
0,0.0,0.03761076134826087,0.48515903230707547,2.1403012587795365,5f35e76793a88f0023c90491,-90.424223,186.848446,hill_climbing
