,exp_param,vm_param,pp_id,ll,AIC,agent_type
0,0.0600567301094122,1.918272407338557,5f35d79b93a88f0023c8d6aa,-89.86713229106483,183.73426458212967,null_model_2
