,attention_cost,exp_param,vm_param,pp_id,ll,AIC,agent_type
0,259.94060349015723,0.022102924440166358,2.214106341622716,5f35d9ad93a88f0023c8da5b,-100.3251,204.6502,sparse_lqr
