,b,exp_param,n,vm_param,pp_id,ll,AIC,agent_type
0,5.5096456116644825,0.017665084169977394,4.930057036440149,6.616171337231274,5f35d90c93a88f0023c8d8d0,-57.6185914,123.2371828,null_model_1
