,b,exp_param,n,vm_param,pp_id,ll,AIC,agent_type
0,12.04990654394806,0.006655349081741674,1.100663209782038,2.0289897572231608,5f35e94193a88f0023c905da,-124.59625999999999,257.19251999999994,null_model_1
