,attention_cost,exp_param,vm_param,pp_id,ll,AIC,agent_type
0,128.1343527694075,0.04950721314327819,8.842042322114699,5f35d73b93a88f0023c8d678,-53.748525,111.49705,sparse_lqr
