,attention_cost,exp_param,step_size,vm_param,pp_id,ll,AIC,agent_type
0,17.8309691737753,0.08773317724356822,0.042080120839589896,5.886351767502297,5f35d7d693a88f0023c8d6f7,-62.0873,132.1746,sparse_max_continuous
