,exp_param,vm_param,pp_id,ll,AIC,agent_type
0,0.006348010485062252,2.2781670506210308,5f35e93693a88f0023c905d9,-108.0408,220.0816,null_model_2
