,b,exp_param,n,vm_param,pp_id,ll,AIC,agent_type
0,40.67941311477572,0.007091127346877673,2.3288030114398204,1.545997945680564,5f35d62993a88f0023c8d613,-120.82402249999998,249.64804499999997,null_model_1
