,exp_param,vm_param,pp_id,ll,AIC,agent_type
0,0.014155596807161653,0.8809382210481753,5f35d6aa93a88f0023c8d642,-119.282517,242.565034,lqr
