situation,generating_model,sparse_max_continuous,sparse_max_discrete,sparse_lqr,lqr,nm1,nm2,hc
"[117.0, -241.0, -135.0, 88.0, -100.0]",hill_climbing,-51.09905987119099,-36.75474422515981,-104.79670000061115,-109.98304067668015,-56.94492297235751,-55.35297212019444,5.688897177798887
