situation,generating_model,sparse_max_continuous,sparse_max_discrete,sparse_lqr,lqr,nm1,nm2,hc
"[-241.0, 223.0, 143.0, -189.0, 208.0]",hill_climbing,-47.74285980588385,-29.227581305080314,-104.87188496363333,-118.90820125630401,-55.860958504221244,-54.718247193815095,1.493869567232771
