situation,generating_model,sparse_max_continuous,sparse_max_discrete,sparse_lqr,lqr,nm1,nm2,hc
"[157.0, 119.0, -204.0, 7.0, -35.0]",sparse_max_discrete,-6.697929545605874,-5.488956620831827,-5.725780076201406,-90.45436949646154,-11.031113345516957,-5.606856265974248,-5.612625582538204
