situation,generating_model,sparse_max_continuous,sparse_max_discrete,sparse_lqr,lqr,nm1,nm2,hc
"[-40.0, -43.0, -35.0, 199.0, 67.0]",sparse_max_discrete,-59.40233365305471,-36.395311473368,-93.59894160329388,-89.55347926044516,-52.338235130856404,-64.41143234904385,-46.5230366736069
