situation,generating_model,sparse_max_continuous,sparse_max_discrete,sparse_lqr,lqr,nm1,nm2,hc
"[-8.0, 40.0, 5.0, -85.0, 52.0]",sparse_max_discrete,-52.29566542419236,-27.038980752351485,-116.07076639728746,-83.06473834957531,-79.6716965742715,-65.47637725528936,-50.87803818689564
