situation,generating_model,sparse_max_continuous,sparse_max_discrete,sparse_lqr,lqr,nm1,nm2,hc
"[204.0, -158.0, 121.0, -59.0, 25.0]",sparse_max_discrete,-70.79850881358664,-53.801667924957684,-115.31487825930037,-107.45914255743945,-65.6234298161731,-70.41864253739008,-64.1841704283369
