situation,generating_model,sparse_max_continuous,sparse_max_discrete,sparse_lqr,lqr,nm1,nm2,hc
"[-137.0, 51.0, -244.0, 82.0, 74.0]",sparse_max_discrete,-76.83125136304972,-50.55222518339107,-95.941275884274,-81.28993343507037,-80.41445559097957,-80.3194732866596,-78.83593566143439
