situation,generating_model,sparse_max_continuous,sparse_max_discrete,sparse_lqr,lqr,nm1,nm2,hc
"[117.0, -241.0, -135.0, 88.0, -100.0]",hill_climbing,-59.68633724934581,-76.76001827777378,-95.00780330896899,-97.14992411835026,-75.84466671089123,-80.37617828256526,-25.692944761879893
