situation,generating_model,sparse_max_continuous,sparse_max_discrete,sparse_lqr,lqr,nm1,nm2,hc
"[111.0, -133.0, -75.0, 92.0, -149.0]",sparse_lqr,-80.15401469567294,-74.77174576071398,8.766034018878344,-82.3811909497854,-69.09225923852793,-73.29031669227157,-70.90293124104504
