situation,generating_model,sparse_max_continuous,sparse_max_discrete,sparse_lqr,lqr,nm1,nm2,hc
"[-122.0, 71.0, -217.0, 131.0, 165.0]",sparse_lqr,-60.91572679856179,-61.06302873015939,8.766034018878344,-86.9482824283185,-54.480454697010984,-58.54018966595474,-59.26486063186037
