situation,generating_model,sparse_max_continuous,sparse_max_discrete,sparse_lqr,lqr,nm1,nm2,hc
"[-119.0, -21.0, -59.0, 174.0, 101.0]",hill_climbing,-39.98103884987496,-25.611913445641523,-105.17522671319105,-96.99657773066258,-32.95374556089686,-50.65469597822205,1.9473215172736102
