situation,generating_model,sparse_max_continuous,sparse_max_discrete,sparse_lqr,lqr,nm1,nm2,hc
"[106.0, 40.0, -10.0, -191.0, 3.0]",sparse_max_discrete,-5.748884453513435,-1.8534373591439497,-27.983273949056255,-106.10143075011007,-8.377724276850941,-5.626366513564658,-5.8169555187826045
