situation,generating_model,sparse_max_continuous,sparse_max_discrete,sparse_lqr,lqr,nm1,nm2,hc
"[-137.0, 51.0, -244.0, 82.0, 74.0]",sparse_max_continuous,-39.589354352137825,-78.92632214838044,-113.38793159821452,-87.73176247309412,-76.42624073045471,-82.8002487921914,-78.63996490549823
