situation,generating_model,sparse_max_continuous,sparse_max_discrete,sparse_lqr,lqr,nm1,nm2,hc
"[115.0, 61.0, 51.0, 144.0, 47.0]",sparse_lqr,-112.40744165647092,-111.88237448709596,8.766034018878344,-94.23328285850923,-112.72898379451932,-111.75171496495952,-111.83267755515544
