situation,generating_model,sparse_max_continuous,sparse_max_discrete,sparse_lqr,lqr,nm1,nm2,hc
"[157.0, 119.0, -204.0, 7.0, -35.0]",hill_climbing,-52.65336494758742,-60.511643031698846,-77.85743776401863,-101.61723557792271,-63.419578356244585,-65.9096165988511,-35.88252473524783
