situation,generating_model,sparse_max_continuous,sparse_max_discrete,sparse_lqr,lqr,nm1,nm2,hc
"[156.0, 99.0, 38.0, -50.0, 56.0]",sparse_max_continuous,-11.357484213164483,-11.965968400764751,-27.91270449132948,-112.84784640050177,-12.172506333084208,-10.861536541029963,-1.8726934015957468
