situation,generating_model,sparse_max_continuous,sparse_max_discrete,sparse_lqr,lqr,nm1,nm2,hc
"[62.0, -42.0, -30.0, -140.0, -30.0]",sparse_max_continuous,-8.019127356109127,-38.371273663676185,-84.99539647787768,-91.58091733200865,-39.194015723219586,-43.255765035144165,-43.28017075867422
