situation,generating_model,sparse_max_continuous,sparse_max_discrete,sparse_lqr,lqr,nm1,nm2,hc
"[-119.0, -21.0, -59.0, 174.0, 101.0]",sparse_max_discrete,-38.39251336265158,-27.319963477487164,-89.51259422661107,-34.38267022890025,-40.78135259336619,-42.07358733856657,-34.34762409318077
