situation,generating_model,sparse_max_continuous,sparse_max_discrete,sparse_lqr,lqr,nm1,nm2,hc
"[-241.0, 223.0, 143.0, -189.0, 208.0]",sparse_lqr,-56.40736266282789,-56.40736266282789,8.766034018878344,-47.978103618395096,-59.411961545914515,-56.40736266282789,-56.40736266282789
