situation,generating_model,sparse_max_continuous,sparse_max_discrete,sparse_lqr,lqr,nm1,nm2,hc
"[-7.0, -47.0, -67.0, -56.0, 11.0]",sparse_max_discrete,-46.157664232944725,-25.605639454549763,-82.98840549085992,-53.13879376937318,-49.91858855973206,-48.62594762326903,-27.48476059225753
