situation,generating_model,sparse_max_continuous,sparse_max_discrete,sparse_lqr,lqr,nm1,nm2,hc
"[95.0, -108.0, -140.0, 62.0, -173.0]",hill_climbing,-52.568801556663374,-65.37151395730709,-90.07593150634038,-102.08376549466364,-59.66861634554903,-82.20412101535518,-26.87198160451027
