situation,generating_model,sparse_max_continuous,sparse_max_discrete,sparse_lqr,lqr,nm1,nm2,hc
"[-122.0, 71.0, -217.0, 131.0, 165.0]",sparse_max_discrete,-38.42799372159197,-41.354397568225835,-112.35816681949956,-68.28803100482337,-53.177118562602416,-66.28799126301665,-37.92729640671552
