situation,generating_model,sparse_max_continuous,sparse_max_discrete,sparse_lqr,lqr,nm1,nm2,hc
"[-119.0, -21.0, -59.0, 174.0, 101.0]",hill_climbing,-82.38982798095645,-67.40401918280634,-96.46755119321602,-86.4317320885523,-71.32354890724537,-85.15298587080157,-36.29741058807719
