situation,generating_model,sparse_max_continuous,sparse_max_discrete,sparse_lqr,lqr,nm1,nm2,hc
"[-5.0, 41.0, -22.0, 50.0, 43.0]",sparse_max_continuous,-18.99793985223891,-17.228653635980017,-63.48675412910834,-93.21174011370817,-40.44918865492836,-28.01817497161408,-31.031180097508205
