situation,generating_model,sparse_max_continuous,sparse_max_discrete,sparse_lqr,lqr,nm1,nm2,hc
"[-119.0, -21.0, -59.0, 174.0, 101.0]",hill_climbing,-73.6748543212556,-63.11293166028579,-96.06387188188258,-96.8239509351647,-79.56004844727144,-80.05645670322406,-34.0114080699294
