situation,generating_model,sparse_max_continuous,sparse_max_discrete,sparse_lqr,lqr,nm1,nm2,hc
"[204.0, -158.0, 121.0, -59.0, 25.0]",sparse_max_discrete,-42.673463579561485,-25.564709191409953,-93.72825802583031,-101.57075422165883,-67.28511628622809,-42.82119664138557,-42.85478799867279
