situation,generating_model,sparse_max_continuous,sparse_max_discrete,sparse_lqr,lqr,nm1,nm2,hc
"[-241.0, 223.0, 143.0, -189.0, 208.0]",sparse_lqr,-81.78136633448476,-93.16928750744441,8.766034018878344,-74.46008871010002,-98.3408926182952,-97.57952152943994,-67.206896285699
