situation,generating_model,sparse_max_continuous,sparse_max_discrete,sparse_lqr,lqr,nm1,nm2,hc
"[226.0, -240.0, -10.0, -156.0, -178.0]",hill_climbing,-51.87900437668762,-49.16795509046995,-90.83245312858301,-106.8886758003541,-51.806418370062524,-68.82512310075535,-3.3147386399276044
