situation,generating_model,sparse_max_continuous,sparse_max_discrete,sparse_lqr,lqr,nm1,nm2,hc
"[-137.0, 51.0, -244.0, 82.0, 74.0]",hill_climbing,-50.32870840406078,-42.072189428818824,-118.24603516153203,-64.82690689730845,-62.186103384464154,-57.09876430611868,-3.825253272831471
