situation,generating_model,sparse_max_continuous,sparse_max_discrete,sparse_lqr,lqr,nm1,nm2,hc
"[129.0, 100.0, 39.0, -234.0, -193.0]",sparse_max_discrete,-71.26688598435587,-16.012032836936665,-95.85443383280457,-112.51067811233318,-73.25683444279001,-71.21266649249921,-71.26297195140322
