situation,generating_model,sparse_max_continuous,sparse_max_discrete,sparse_lqr,lqr,nm1,nm2,hc
"[129.0, 100.0, 39.0, -234.0, -193.0]",sparse_lqr,-70.33073264636863,-69.92104934308645,8.766034018878344,-96.7600007762198,-66.02136627605637,-69.37376207362698,-67.20058435152532
