situation,generating_model,sparse_max_continuous,sparse_max_discrete,sparse_lqr,lqr,nm1,nm2,hc
"[-140.0, 17.0, 95.0, 220.0, 85.0]",hill_climbing,-62.20644337227231,-79.96352369585162,-90.47280695468692,-96.58421785437841,-71.42841346477744,-79.54610771555912,-26.85514003892183
