situation,generating_model,sparse_max_continuous,sparse_max_discrete,sparse_lqr,lqr,nm1,nm2,hc
"[115.0, 61.0, 51.0, 144.0, 47.0]",hill_climbing,-30.162282764528474,-33.924648327058975,-85.66233864962368,-112.79661598172733,-47.763999824216825,-47.57611132917409,7.983815246120997
