situation,generating_model,sparse_max_continuous,sparse_max_discrete,sparse_lqr,lqr,nm1,nm2,hc
"[-88.0, 3.0, 58.0, 82.0, 231.0]",hill_climbing,-22.24777039733623,-40.20824627258732,-103.84603819634361,-40.97870688436211,-52.76493114299188,-47.20723086158501,-20.04876148947924
