situation,generating_model,sparse_max_continuous,sparse_max_discrete,sparse_lqr,lqr,nm1,nm2,hc
"[-32.0, 39.0, 75.0, 175.0, 6.0]",hill_climbing,-44.4624699044513,-43.96305684171231,-98.97055102898688,-101.40213895966167,-46.55583371798105,-47.292960789074776,6.398861369110442
