situation,generating_model,sparse_max_continuous,sparse_max_discrete,sparse_lqr,lqr,nm1,nm2,hc
"[156.0, 99.0, 38.0, -50.0, 56.0]",sparse_max_continuous,-6.289013201063819,-11.513982806733111,-33.04192060126392,-97.82148841162625,-8.745794043378645,-10.940554916663249,0.4100840751983039
