situation,generating_model,sparse_max_continuous,sparse_max_discrete,sparse_lqr,lqr,nm1,nm2,hc
"[-137.0, 51.0, -244.0, 82.0, 74.0]",sparse_max_continuous,-79.36130150042659,-120.24634004107159,-142.87600337451312,-122.74079321487355,-117.57911224651204,-121.27442933009925,-114.36263806783711
