situation,generating_model,sparse_max_continuous,sparse_max_discrete,sparse_lqr,lqr,nm1,nm2,hc
"[156.0, 99.0, 38.0, -50.0, 56.0]",hill_climbing,-56.58566507723643,-47.00565910554331,-86.62401587239485,-100.5297711818003,-56.320153415477705,-71.14026383936545,0.2069144349604053
