situation,generating_model,sparse_max_continuous,sparse_max_discrete,sparse_lqr,lqr,nm1,nm2,hc
"[62.0, -42.0, -30.0, -140.0, -30.0]",hill_climbing,-20.293574727887588,-35.15824306935425,-78.54337149307082,-99.73552452330712,-37.870421714340665,-40.6023991334783,8.685690402950101
