situation,generating_model,sparse_max_continuous,sparse_max_discrete,sparse_lqr,lqr,nm1,nm2,hc
"[-137.0, 51.0, -244.0, 82.0, 74.0]",sparse_max_continuous,-42.064198849263626,-94.90249704113711,-117.57551449369453,-102.92164751752648,-102.77989090338366,-100.7893523648221,-98.33082203723038
