situation,generating_model,sparse_max_continuous,sparse_max_discrete,sparse_lqr,lqr,nm1,nm2,hc
"[62.0, -42.0, -30.0, -140.0, -30.0]",sparse_max_continuous,8.676108971216443,8.676108971216443,4.8947238251586995,-86.00461838152444,-2.0166880113806087,8.676108971216443,8.676108971216443
