situation,generating_model,sparse_max_continuous,sparse_max_discrete,sparse_lqr,lqr,nm1,nm2,hc
"[226.0, -240.0, -10.0, -156.0, -178.0]",hill_climbing,-62.436352871158974,-63.698679827176704,-83.29229873676621,-74.51060736402187,-67.29701727881127,-80.039787396636,-49.09444685569355
