situation,generating_model,sparse_max_continuous,sparse_max_discrete,sparse_lqr,lqr,nm1,nm2,hc
"[-203.0, -241.0, 137.0, -218.0, -143.0]",hill_climbing,-75.71625066581282,-75.83898451989225,-70.5327535730705,-100.87366698074118,-67.9331273280421,-83.87092778942915,-27.970161677303604
