situation,generating_model,sparse_max_continuous,sparse_max_discrete,sparse_lqr,lqr,nm1,nm2,hc
"[157.0, 119.0, -204.0, 7.0, -35.0]",sparse_max_continuous,-63.0875653142012,-82.78865751059155,-89.55299244114855,-119.99617758734826,-95.5531964196856,-98.9316175767,-80.79239301461533
