situation,generating_model,sparse_max_continuous,sparse_max_discrete,sparse_lqr,lqr,nm1,nm2,hc
"[156.0, 99.0, 38.0, -50.0, 56.0]",hill_climbing,-60.829210013600466,-45.25565527255666,-89.75547173630267,-110.31829405364213,-58.330803061588725,-69.95519608565309,-7.998835748500761
