situation,generating_model,sparse_max_continuous,sparse_max_discrete,sparse_lqr,lqr,nm1,nm2,hc
"[-40.0, -43.0, -35.0, 199.0, 67.0]",hill_climbing,-69.86288316848567,-68.21926110968982,-95.98559120803692,-85.75904144260477,-64.36378248541627,-73.11145716211577,-2.4056523849684144
