situation,generating_model,sparse_max_continuous,sparse_max_discrete,sparse_lqr,lqr,nm1,nm2,hc
"[-84.0, 219.0, 125.0, -84.0, 132.0]",sparse_max_discrete,-69.89209742458681,-44.52098858739998,-86.50148521964232,-88.1414499191282,-76.28953304565908,-80.352231376442,-67.39465499530942
