situation,generating_model,sparse_max_continuous,sparse_max_discrete,sparse_lqr,lqr,nm1,nm2,hc
"[111.0, -133.0, -75.0, 92.0, -149.0]",sparse_lqr,-83.53172443689652,-75.38862953064796,8.766034018878344,-82.38440142715073,-68.85076284139765,-73.29031678202092,-66.09572098222176
