situation,generating_model,sparse_max_continuous,sparse_max_discrete,sparse_lqr,lqr,nm1,nm2,hc
"[-78.0, -67.0, -202.0, -177.0, -199.0]",sparse_lqr,-78.89227796311107,-75.97269128386681,8.61251233419954,-69.9784929597182,-66.55150369682505,-82.43199699692761,-70.72068499197525
