situation,generating_model,sparse_max_continuous,sparse_max_discrete,sparse_lqr,lqr,nm1,nm2,hc
"[-78.0, -67.0, -202.0, -177.0, -199.0]",sparse_max_discrete,-69.3784237613369,6.389802144024433,-123.67821586691983,-89.2203899970807,-89.3643610623612,-89.95512231350294,-85.04346698628589
