situation,generating_model,sparse_max_continuous,sparse_max_discrete,sparse_lqr,lqr,nm1,nm2,hc
"[-70.0, 30.0, 186.0, -238.0, 218.0]",sparse_max_continuous,-13.394399933211787,-19.527929890270457,-126.86364764308803,-60.15601512324346,-33.91660155961859,-38.71399978465074,-41.05521918782187
