situation,generating_model,sparse_max_continuous,sparse_max_discrete,sparse_lqr,lqr,nm1,nm2,hc
"[115.0, 61.0, 51.0, 144.0, 47.0]",sparse_lqr,8.766034018878344,8.766034018878344,8.766034018878344,-101.06841639325627,-4.233573457638585,8.766034018878344,8.766034018878344
