situation,generating_model,sparse_max_continuous,sparse_max_discrete,sparse_lqr,lqr,nm1,nm2,hc
"[-40.0, -43.0, -35.0, 199.0, 67.0]",hill_climbing,-46.822960042074556,-37.055382660998944,-93.93480220187145,-86.19994977807576,-52.83748326678864,-49.77817328178055,2.3193409220524472
