situation,generating_model,sparse_max_continuous,sparse_max_discrete,sparse_lqr,lqr,nm1,nm2,hc
"[-8.0, 40.0, 5.0, -85.0, 52.0]",sparse_lqr,-65.50718965490684,-68.74469027588032,8.766034018878344,-58.049286748907456,-71.67181572856845,-79.36525086934753,-51.18960691868614
