situation,generating_model,sparse_max_continuous,sparse_max_discrete,sparse_lqr,lqr,nm1,nm2,hc
"[-8.0, 40.0, 5.0, -85.0, 52.0]",sparse_max_discrete,-31.388175664393025,-22.93390048109408,-88.16034763233617,-88.33366984784739,-43.38530775629255,-34.675522002655654,-28.25206496198402
