situation,generating_model,sparse_max_continuous,sparse_max_discrete,sparse_lqr,lqr,nm1,nm2,hc
"[170.0, -104.0, -133.0, -6.0, -73.0]",sparse_max_continuous,-7.9705469713415695,-26.523796255343534,-67.01711581910413,-44.300816085323035,-29.178915585527548,-24.207359166472536,-19.70904706182651
