situation,generating_model,sparse_max_continuous,sparse_max_discrete,sparse_lqr,lqr,nm1,nm2,hc
"[-7.0, -47.0, -67.0, -56.0, 11.0]",sparse_max_discrete,-56.264021549250685,-32.643398427911904,-86.4265731329588,-88.08210743536723,-58.51099646929349,-56.22264559253826,-46.89428969325687
