situation,generating_model,sparse_max_continuous,sparse_max_discrete,sparse_lqr,lqr,nm1,nm2,hc
"[-5.0, 41.0, -22.0, 50.0, 43.0]",sparse_max_discrete,-28.17924998090374,-13.156253243980082,-67.52998020072395,-67.9839529209003,-48.96853685307234,-27.994231629566364,-16.21069399990806
