situation,generating_model,sparse_max_continuous,sparse_max_discrete,sparse_lqr,lqr,nm1,nm2,hc
"[117.0, -241.0, -135.0, 88.0, -100.0]",hill_climbing,-10.016490731331604,-16.54044156756429,-66.95252245680207,-88.7887626109682,-17.05452881432158,-20.304947897672214,-1.5985537077330623
