situation,generating_model,sparse_max_continuous,sparse_max_discrete,sparse_lqr,lqr,nm1,nm2,hc
"[-5.0, 41.0, -22.0, 50.0, 43.0]",hill_climbing,-30.85420528148437,-37.34850340036618,-102.37964510066809,-96.3426674176088,-60.20966501424944,-62.878049294682455,4.707499111884197
