situation,generating_model,sparse_max_continuous,sparse_max_discrete,sparse_lqr,lqr,nm1,nm2,hc
"[-70.0, 30.0, 186.0, -238.0, 218.0]",sparse_lqr,-82.19547475634556,-81.11967871885444,8.766034018878344,-100.66636963924613,-75.56661312638342,-81.08932660209916,-79.10936688275352
