situation,generating_model,sparse_max_continuous,sparse_max_discrete,sparse_lqr,lqr,nm1,nm2,hc
"[-7.0, -47.0, -67.0, -56.0, 11.0]",sparse_max_discrete,-48.43854862335829,-3.689609155149025,-72.85425285680883,-73.89924329897461,-67.43898085991938,-63.33651227098522,-58.388335657792105
