situation,generating_model,sparse_max_continuous,sparse_max_discrete,sparse_lqr,lqr,nm1,nm2,hc
"[204.0, -158.0, 121.0, -59.0, 25.0]",hill_climbing,-42.591175290282656,-25.739415568852102,-121.1026035540368,-114.10755850634104,-66.62955310513338,-61.31012063202961,8.440791642388596
