situation,generating_model,sparse_max_continuous,sparse_max_discrete,sparse_lqr,lqr,nm1,nm2,hc
"[-32.0, 39.0, 75.0, 175.0, 6.0]",hill_climbing,-57.075817597884054,-54.71784441741413,-95.7058890980372,-101.89902299766581,-55.005747074350964,-61.85085151148849,6.752934793615314
