situation,generating_model,sparse_max_continuous,sparse_max_discrete,sparse_lqr,lqr,nm1,nm2,hc
"[241.0, -127.0, -192.0, 113.0, -224.0]",hill_climbing,-53.106876748277685,-59.543131043738,-120.79406757497645,-120.79586081167007,-36.14027213387268,-67.74330448391626,-3.106332033888071
