situation,generating_model,sparse_max_continuous,sparse_max_discrete,sparse_lqr,lqr,nm1,nm2,hc
"[-32.0, 39.0, 75.0, 175.0, 6.0]",hill_climbing,-61.738768575006176,-64.04757804704991,-83.7771619463088,-91.81219049364489,-75.91937836692912,-75.12156078460944,-47.38192380325926
