situation,generating_model,sparse_max_continuous,sparse_max_discrete,sparse_lqr,lqr,nm1,nm2,hc
"[-241.0, 223.0, 143.0, -189.0, 208.0]",hill_climbing,-47.545789002762376,-60.693043466689545,-97.94357102084948,-115.40532731098848,-59.97049832302634,-68.18087574775049,-2.6194346632817016
