situation,generating_model,sparse_max_continuous,sparse_max_discrete,sparse_lqr,lqr,nm1,nm2,hc
"[-84.0, 219.0, 125.0, -84.0, 132.0]",sparse_max_discrete,-60.14314364294739,-43.7315036062752,-95.81388619964235,-69.49655662442896,-63.89200453110324,-62.88237874365084,-52.51932424306547
