situation,generating_model,sparse_max_continuous,sparse_max_discrete,sparse_lqr,lqr,nm1,nm2,hc
"[-8.0, 40.0, 5.0, -85.0, 52.0]",sparse_max_discrete,-40.25014440560152,0.7324200708321431,-83.2113565005204,-65.92209368095173,-61.99184237692619,-42.029584603374595,-33.2514490161631
