situation,generating_model,sparse_max_continuous,sparse_max_discrete,sparse_lqr,lqr,nm1,nm2,hc
"[-5.0, 41.0, -22.0, 50.0, 43.0]",sparse_max_discrete,-32.67866117243009,-41.75753529245367,-99.26678689133671,-60.61757169328976,-42.941690438708534,-50.93229005423793,-47.91109252278048
