situation,generating_model,sparse_max_continuous,sparse_max_discrete,sparse_lqr,lqr,nm1,nm2,hc
"[-203.0, -241.0, 137.0, -218.0, -143.0]",hill_climbing,-7.977289327395461,-21.67119423806376,-31.544397254329915,-126.17190769812439,-26.37669488818056,-24.5174814461539,4.418616764325836
