situation,generating_model,sparse_max_continuous,sparse_max_discrete,sparse_lqr,lqr,nm1,nm2,hc
"[204.0, -158.0, 121.0, -59.0, 25.0]",sparse_max_discrete,-68.05629141425179,-63.39654187322163,-114.48940180585328,-102.97978629931642,-74.56045733658482,-68.83778960939564,-71.06146563525925
