situation,generating_model,sparse_max_continuous,sparse_max_discrete,sparse_lqr,lqr,nm1,nm2,hc
"[-5.0, 41.0, -22.0, 50.0, 43.0]",sparse_max_discrete,-65.48928011032842,-43.25995112748649,-114.19327264459588,-94.91421280059498,-78.36482371796006,-77.16894118243157,-57.80778912433164
