situation,generating_model,sparse_max_continuous,sparse_max_discrete,sparse_lqr,lqr,nm1,nm2,hc
"[-78.0, -67.0, -202.0, -177.0, -199.0]",sparse_lqr,-72.39374557951825,-73.2867871625528,8.766034018878344,-68.96868593047067,-71.25138583285668,-77.79088928746293,-72.06837040368444
