situation,generating_model,sparse_max_continuous,sparse_max_discrete,sparse_lqr,lqr,nm1,nm2,hc
"[-241.0, 223.0, 143.0, -189.0, 208.0]",sparse_max_continuous,-31.386571057977648,-34.97206246561722,-46.83870200241313,-102.19416254199007,-41.68917857166915,-34.544609179290426,-33.861903904475334
