situation,generating_model,sparse_max_continuous,sparse_max_discrete,sparse_lqr,lqr,nm1,nm2,hc
"[129.0, 100.0, 39.0, -234.0, -193.0]",sparse_max_discrete,-35.17135956478437,-9.885081228917642,-103.1238198332016,-41.89126284658209,-34.77193823780275,-39.34441930075176,-38.923792578527866
