situation,generating_model,sparse_max_continuous,sparse_max_discrete,sparse_lqr,lqr,nm1,nm2,hc
"[157.0, 119.0, -204.0, 7.0, -35.0]",hill_climbing,-48.737623408238974,-44.97809819421627,-89.01522973258113,-109.63450491579603,-64.94277739774842,-71.91617399798852,6.177251033156534
