situation,generating_model,sparse_max_continuous,sparse_max_discrete,sparse_lqr,lqr,nm1,nm2,hc
"[-78.0, -67.0, -202.0, -177.0, -199.0]",hill_climbing,-80.58724243692426,-81.4194753256889,-87.38785956751897,-77.21795482526292,-76.07269307049825,-83.38043485816695,-30.169738774396404
