situation,generating_model,sparse_max_continuous,sparse_max_discrete,sparse_lqr,lqr,nm1,nm2,hc
"[-8.0, 40.0, 5.0, -85.0, 52.0]",sparse_max_discrete,-42.15790597811031,0.08520176324569562,-112.82551289033987,-82.86197004697988,-71.53641115352045,-64.30255254551403,-48.97405695266056
