situation,generating_model,sparse_max_continuous,sparse_max_discrete,sparse_lqr,lqr,nm1,nm2,hc
"[170.0, -104.0, -133.0, -6.0, -73.0]",sparse_lqr,8.766034018878344,8.766034018878344,8.766034018878344,-75.83543335578963,-5.076086024140139,8.766034018878344,8.766034018878344
