situation,generating_model,sparse_max_continuous,sparse_max_discrete,sparse_lqr,lqr,nm1,nm2,hc
"[115.0, 61.0, 51.0, 144.0, 47.0]",sparse_max_discrete,-62.187772264677626,4.96657257191794,-94.69364687770025,-106.61648515829555,-67.95365773638406,-62.098850198311524,-62.08953396855728
