situation,generating_model,sparse_max_continuous,sparse_max_discrete,sparse_lqr,lqr,nm1,nm2,hc
"[-7.0, -47.0, -67.0, -56.0, 11.0]",sparse_max_discrete,-35.459673654172406,-22.242877056000104,-83.9323248885947,-57.49031776770363,-50.228589451825755,-51.687560840615035,-25.697847425394897
