situation,generating_model,sparse_max_continuous,sparse_max_discrete,sparse_lqr,lqr,nm1,nm2,hc
"[111.0, -133.0, -75.0, 92.0, -149.0]",hill_climbing,-51.41055946060678,-52.11112149789874,-105.14446526968004,-109.8417541725285,-56.05965953448692,-63.69272964778287,7.8197943111119415
