situation,generating_model,sparse_max_continuous,sparse_max_discrete,sparse_lqr,lqr,nm1,nm2,hc
"[-117.0, 249.0, 246.0, -225.0, 142.0]",hill_climbing,-49.653614634677325,-46.68854363570918,-101.37255666447592,-112.65065949921289,-55.547732147754274,-54.27540699767382,0.36092630126121605
