situation,generating_model,sparse_max_continuous,sparse_max_discrete,sparse_lqr,lqr,nm1,nm2,hc
"[-122.0, 71.0, -217.0, 131.0, 165.0]",sparse_max_discrete,-65.16401352149795,-40.97853664518155,-104.37393061422759,-92.22029136315845,-74.77589129112802,-69.89168110904953,-69.03683647021137
