situation,generating_model,sparse_max_continuous,sparse_max_discrete,sparse_lqr,lqr,nm1,nm2,hc
"[-117.0, 249.0, 246.0, -225.0, 142.0]",sparse_lqr,-78.86172629798291,-73.94916966516053,8.766034018878344,-102.67105033572344,-74.58170537964122,-84.7558008955985,-59.101594045822736
