situation,generating_model,sparse_max_continuous,sparse_max_discrete,sparse_lqr,lqr,nm1,nm2,hc
"[115.0, 61.0, 51.0, 144.0, 47.0]",hill_climbing,-40.9627562320491,-46.52050981164848,-84.66022867961,-112.23194555224303,-45.08378901458394,-68.9391801856431,7.200423831100844
