situation,generating_model,sparse_max_continuous,sparse_max_discrete,sparse_lqr,lqr,nm1,nm2,hc
"[-7.0, -47.0, -67.0, -56.0, 11.0]",sparse_max_discrete,-47.578994867280855,-14.350977477847202,-90.09596130780432,-74.97711369098532,-71.31541950961531,-61.84729441869435,-15.712324680336096
