situation,generating_model,sparse_max_continuous,sparse_max_discrete,sparse_lqr,lqr,nm1,nm2,hc
"[-78.0, -67.0, -202.0, -177.0, -199.0]",sparse_max_discrete,-79.8536709454261,8.47414969370925,-122.2207831146263,-91.41049062864619,-89.76640535139543,-91.71528762531386,-88.92765050001125
