situation,generating_model,sparse_max_continuous,sparse_max_discrete,sparse_lqr,lqr,nm1,nm2,hc
"[-70.0, 30.0, 186.0, -238.0, 218.0]",sparse_max_continuous,-16.851631212434683,-26.43278756567254,-129.39789018753515,-61.94793526882249,-32.47236482194698,-36.92856200654815,-35.4196566336544
