situation,generating_model,sparse_max_continuous,sparse_max_discrete,sparse_lqr,lqr,nm1,nm2,hc
"[156.0, 99.0, 38.0, -50.0, 56.0]",hill_climbing,-10.07080856880643,-13.22316424079235,-97.91482953480188,-117.18743841955762,-30.684339636080793,-40.73369032041991,5.463330634652024
