situation,generating_model,sparse_max_continuous,sparse_max_discrete,sparse_lqr,lqr,nm1,nm2,hc
"[170.0, -104.0, -133.0, -6.0, -73.0]",sparse_max_discrete,-61.417961132708236,-6.022901887346411,-107.061663003071,-111.45650158067986,-63.058598244966085,-70.0625437253625,-70.51488784189195
