situation,generating_model,sparse_max_continuous,sparse_max_discrete,sparse_lqr,lqr,nm1,nm2,hc
"[-5.0, 41.0, -22.0, 50.0, 43.0]",sparse_max_discrete,-65.52546111314228,-14.561491197657016,-106.89778373954182,-85.15091577594556,-89.56382272924097,-77.6958361944186,-66.3320602104121
