situation,generating_model,sparse_max_continuous,sparse_max_discrete,sparse_lqr,lqr,nm1,nm2,hc
"[-241.0, 223.0, 143.0, -189.0, 208.0]",sparse_lqr,-30.6092766714279,-25.94698122193313,8.766034018878344,-45.33008541819823,-29.863084246895106,-31.39494076609698,-31.40491511639498
