situation,generating_model,sparse_max_continuous,sparse_max_discrete,sparse_lqr,lqr,nm1,nm2,hc
"[106.0, 40.0, -10.0, -191.0, 3.0]",hill_climbing,-12.894834406597983,-14.930041710288918,-38.19034205720978,-111.00388943456866,-23.062322050907554,-22.391025003797708,4.879536940237745
