situation,generating_model,sparse_max_continuous,sparse_max_discrete,sparse_lqr,lqr,nm1,nm2,hc
"[62.0, -42.0, -30.0, -140.0, -30.0]",sparse_lqr,8.766034018878344,8.766034018878344,8.766034018878344,-85.84713786554244,-4.886987198908937,8.766034018878344,8.766034018878344
