situation,generating_model,sparse_max_continuous,sparse_max_discrete,sparse_lqr,lqr,nm1,nm2,hc
"[117.0, -241.0, -135.0, 88.0, -100.0]",hill_climbing,-51.66963438257464,-63.83000103231288,-104.09826534814829,-110.05319545131367,-59.660072409602726,-74.79687820985046,6.98098027125328
