situation,generating_model,sparse_max_continuous,sparse_max_discrete,sparse_lqr,lqr,nm1,nm2,hc
"[-122.0, 71.0, -217.0, 131.0, 165.0]",sparse_lqr,-78.00191381725003,-76.60576953887335,8.766034018878344,-76.0554260798586,-77.0471375977843,-82.48914424264345,-64.12118398345986
