situation,generating_model,sparse_max_continuous,sparse_max_discrete,sparse_lqr,lqr,nm1,nm2,hc
"[226.0, -240.0, -10.0, -156.0, -178.0]",hill_climbing,-46.84225292132598,-46.69141641161055,-79.90349032107191,-100.57719605108805,-38.20276823056635,-68.03393676883874,1.4900475492796827
