situation,generating_model,sparse_max_continuous,sparse_max_discrete,sparse_lqr,lqr,nm1,nm2,hc
"[-5.0, 41.0, -22.0, 50.0, 43.0]",sparse_lqr,-33.30068067727651,-33.30729380085323,8.766034018878344,-44.134153549010165,-27.741663601501962,-33.17934771679682,-33.15701236415871
