situation,generating_model,sparse_max_continuous,sparse_max_discrete,sparse_lqr,lqr,nm1,nm2,hc
"[-140.0, 17.0, 95.0, 220.0, 85.0]",hill_climbing,-18.22887699500908,-19.153476223996,-111.73247344422585,-112.70152988588538,-24.26245941553188,-23.47402903082164,4.08947230638792
