situation,generating_model,sparse_max_continuous,sparse_max_discrete,sparse_lqr,lqr,nm1,nm2,hc
"[-88.0, 3.0, 58.0, 82.0, 231.0]",hill_climbing,-26.863499929021486,-16.85324060491884,-97.27349249458935,-37.342252831986485,-31.124777154441652,-38.26880740794595,-20.032568456806015
