situation,generating_model,sparse_max_continuous,sparse_max_discrete,sparse_lqr,lqr,nm1,nm2,hc
"[-78.0, -67.0, -202.0, -177.0, -199.0]",sparse_lqr,-75.36533958012026,-75.43403137986122,8.766034018878344,-72.4251473040855,-69.25037937768136,-75.50733029442662,-74.51479106400097
