situation,generating_model,sparse_max_continuous,sparse_max_discrete,sparse_lqr,lqr,nm1,nm2,hc
"[106.0, 40.0, -10.0, -191.0, 3.0]",sparse_lqr,8.766034018878344,8.766034018878344,8.766034018878344,-104.68037020358646,3.959533291977202,8.766034018878344,8.766034018878344
