situation,generating_model,sparse_max_continuous,sparse_max_discrete,sparse_lqr,lqr,nm1,nm2,hc
"[156.0, 99.0, 38.0, -50.0, 56.0]",hill_climbing,-17.866597676213807,-7.580101339640681,-99.79404885495482,-116.86371472470248,-28.29285984187272,-41.13208984664392,7.300057275353325
