situation,generating_model,sparse_max_continuous,sparse_max_discrete,sparse_lqr,lqr,nm1,nm2,hc
"[-122.0, 71.0, -217.0, 131.0, 165.0]",hill_climbing,-78.9389901651299,-73.48151609971934,-106.11882293128492,-77.31800331203172,-92.78636655346847,-95.9779031075712,-36.39514217191936
