situation,generating_model,sparse_max_continuous,sparse_max_discrete,sparse_lqr,lqr,nm1,nm2,hc
"[-117.0, 249.0, 246.0, -225.0, 142.0]",sparse_lqr,-26.19047405898514,-32.521877272819644,8.766034018878344,-89.15589679290598,-62.600318010084756,-31.728089757174367,-32.36376877118208
