situation,generating_model,sparse_max_continuous,sparse_max_discrete,sparse_lqr,lqr,nm1,nm2,hc
"[-78.0, -67.0, -202.0, -177.0, -199.0]",sparse_max_discrete,-80.26513737166108,0.09326803373675041,-124.19578211783079,-87.9817456192237,-87.02647493166154,-87.4393657535625,-83.10972972809586
