situation,generating_model,sparse_max_continuous,sparse_max_discrete,sparse_lqr,lqr,nm1,nm2,hc
"[156.0, 99.0, 38.0, -50.0, 56.0]",sparse_lqr,-20.251156086228118,-20.251156086228118,8.766034018878344,-108.26371990853279,-21.05019209838944,-20.251156086228118,-20.251156086228118
