situation,generating_model,sparse_max_continuous,sparse_max_discrete,sparse_lqr,lqr,nm1,nm2,hc
"[-119.0, -21.0, -59.0, 174.0, 101.0]",hill_climbing,-38.62934591616353,-48.57055480881139,-101.75713587486706,-95.07653526595597,-34.49397697470904,-50.2667001242871,4.213806280195179
