situation,generating_model,sparse_max_continuous,sparse_max_discrete,sparse_lqr,lqr,nm1,nm2,hc
"[226.0, -240.0, -10.0, -156.0, -178.0]",hill_climbing,-43.058758340918956,-41.022020633717325,-94.39060041690954,-109.68375203008121,-61.43445803762992,-63.42405813120875,6.158405928852643
