situation,generating_model,sparse_max_continuous,sparse_max_discrete,sparse_lqr,lqr,nm1,nm2,hc
"[129.0, 100.0, 39.0, -234.0, -193.0]",sparse_lqr,-28.441303985389546,-21.7417774910374,8.766034018878344,-96.88168693425314,-25.985450522074352,-21.156601173542526,-21.910283539395138
