situation,generating_model,sparse_max_continuous,sparse_max_discrete,sparse_lqr,lqr,nm1,nm2,hc
"[-32.0, 39.0, 75.0, 175.0, 6.0]",hill_climbing,-46.70895572846546,-70.55464964740747,-90.44708025206052,-93.12128786991445,-76.74734304312861,-82.11671080960609,-23.53185258201828
