situation,generating_model,sparse_max_continuous,sparse_max_discrete,sparse_lqr,lqr,nm1,nm2,hc
"[-78.0, -67.0, -202.0, -177.0, -199.0]",sparse_max_discrete,-83.62173394307698,4.759739869918188,-123.65625182562292,-89.01346083752435,-89.98146328580802,-89.79301572995124,-89.24049648030203
