situation,generating_model,sparse_max_continuous,sparse_max_discrete,sparse_lqr,lqr,nm1,nm2,hc
"[157.0, 119.0, -204.0, 7.0, -35.0]",sparse_max_discrete,8.766034018878344,8.766034018878344,8.766034018878344,-90.85899666344574,-1.379305480510034,8.766034018878344,8.766034018878344
