situation,generating_model,sparse_max_continuous,sparse_max_discrete,sparse_lqr,lqr,nm1,nm2,hc
"[117.0, -241.0, -135.0, 88.0, -100.0]",hill_climbing,-46.740796111581375,-60.433166253255465,-88.64433139669232,-100.63871570188056,-53.17752774275836,-67.12448175027485,1.74770031794211
