situation,generating_model,sparse_max_continuous,sparse_max_discrete,sparse_lqr,lqr,nm1,nm2,hc
"[156.0, 99.0, 38.0, -50.0, 56.0]",sparse_lqr,-0.12521829131267026,-0.12521829131267026,8.766034018878344,-101.97174503864944,-2.194517173831059,-0.12521829131267026,1.0890593397187516
