situation,generating_model,sparse_max_continuous,sparse_max_discrete,sparse_lqr,lqr,nm1,nm2,hc
"[-203.0, -241.0, 137.0, -218.0, -143.0]",sparse_lqr,-28.005452134966266,-23.57254838882935,8.766034018878344,-124.20832271477876,-22.799672705626293,-23.205038100363154,-23.218739244518737
