situation,generating_model,sparse_max_continuous,sparse_max_discrete,sparse_lqr,lqr,nm1,nm2,hc
"[-8.0, 40.0, 5.0, -85.0, 52.0]",sparse_max_discrete,-38.085738219283456,8.766026389483812,-88.52766311487171,-86.22081627026552,-51.63057454277215,-39.651024084379344,-34.847809455799485
