situation,generating_model,sparse_max_continuous,sparse_max_discrete,sparse_lqr,lqr,nm1,nm2,hc
"[111.0, -133.0, -75.0, 92.0, -149.0]",hill_climbing,-67.1643111441115,-69.3275936825067,-96.71454515282674,-112.76011115942799,-46.76170594748463,-79.47554693906861,0.8337986156196808
