situation,generating_model,sparse_max_continuous,sparse_max_discrete,sparse_lqr,lqr,nm1,nm2,hc
"[-137.0, 51.0, -244.0, 82.0, 74.0]",hill_climbing,-71.74772273249746,-73.76330372744528,-102.26368478089411,-78.98003006611907,-79.3947703112012,-85.18072285234808,-41.505304311931866
