situation,generating_model,sparse_max_continuous,sparse_max_discrete,sparse_lqr,lqr,nm1,nm2,hc
"[226.0, -240.0, -10.0, -156.0, -178.0]",hill_climbing,-81.28624714987079,-79.43358062260828,-83.1334438186425,-99.28782241854545,-78.63366295559052,-92.78935149918945,-32.5371453388192
