situation,generating_model,sparse_max_continuous,sparse_max_discrete,sparse_lqr,lqr,nm1,nm2,hc
"[111.0, -133.0, -75.0, 92.0, -149.0]",hill_climbing,-75.21971504625597,-79.45018845215962,-80.0544352191047,-86.34945061584435,-73.48953864791179,-82.86134595044058,-19.935019615050884
