situation,generating_model,sparse_max_continuous,sparse_max_discrete,sparse_lqr,lqr,nm1,nm2,hc
"[-5.0, 41.0, -22.0, 50.0, 43.0]",sparse_max_discrete,-66.18670758738821,-3.7993910586784594,-100.77061132942805,-86.92759006786396,-76.69824440380535,-72.97252667913284,-71.5055303991654
