situation,generating_model,sparse_max_continuous,sparse_max_discrete,sparse_lqr,lqr,nm1,nm2,hc
"[-32.0, 39.0, 75.0, 175.0, 6.0]",hill_climbing,-53.03393992141854,-78.42265085236758,-111.07019529032135,-105.33859013718914,-76.45659376603794,-83.24005127023963,4.75897319433727
