situation,generating_model,sparse_max_continuous,sparse_max_discrete,sparse_lqr,lqr,nm1,nm2,hc
"[-140.0, 17.0, 95.0, 220.0, 85.0]",hill_climbing,-25.792676003871343,-51.6075852453783,-110.86686044168795,-111.69032360884407,-32.58469380317399,-58.601433667136284,0.24891402121609385
