situation,generating_model,sparse_max_continuous,sparse_max_discrete,sparse_lqr,lqr,nm1,nm2,hc
"[129.0, 100.0, 39.0, -234.0, -193.0]",sparse_lqr,-77.48390026455999,-75.23287051582327,8.766034018878344,-103.50878885381901,-70.65691605616531,-72.80259818363545,-67.4414336501332
