situation,generating_model,sparse_max_continuous,sparse_max_discrete,sparse_lqr,lqr,nm1,nm2,hc
"[-32.0, 39.0, 75.0, 175.0, 6.0]",sparse_lqr,-12.096273386398869,-24.69081115026659,8.766034018878344,-40.46356344156414,-32.76277859843601,-28.046151465997497,-10.637617677033152
