situation,generating_model,sparse_max_continuous,sparse_max_discrete,sparse_lqr,lqr,nm1,nm2,hc
"[-119.0, -21.0, -59.0, 174.0, 101.0]",sparse_max_discrete,-46.30147798127995,-9.602884921629496,-115.6598764245264,-111.8348880467656,-73.20414879789887,-76.36858634469465,-46.46789659894579
