situation,generating_model,sparse_max_continuous,sparse_max_discrete,sparse_lqr,lqr,nm1,nm2,hc
"[111.0, -133.0, -75.0, 92.0, -149.0]",hill_climbing,-47.8042922714284,-44.98305420209296,-84.1630933036777,-78.54502004038572,-69.68281930485267,-91.45380476014824,2.8284948526948566
