situation,generating_model,sparse_max_continuous,sparse_max_discrete,sparse_lqr,lqr,nm1,nm2,hc
"[-84.0, 219.0, 125.0, -84.0, 132.0]",sparse_max_continuous,-21.009065527913314,-26.884670013509655,-33.07972996030539,-81.24504641052144,-23.48657815651679,-26.684288983858167,-20.835677796305294
