situation,generating_model,sparse_max_continuous,sparse_max_discrete,sparse_lqr,lqr,nm1,nm2,hc
"[95.0, -108.0, -140.0, 62.0, -173.0]",hill_climbing,-4.819088196462886,-22.22737130169712,-107.07148071608437,-111.38719791834941,-27.650285699100138,-29.088874530034204,7.428463217676162
