situation,generating_model,sparse_max_continuous,sparse_max_discrete,sparse_lqr,lqr,nm1,nm2,hc
"[-184.0, 235.0, 38.0, -237.0, 65.0]",sparse_lqr,7.336528085405121,8.766034018878344,8.766034018878344,-103.82782964075369,-4.232740477156625,8.766034018878344,8.766034018878415
