situation,generating_model,sparse_max_continuous,sparse_max_discrete,sparse_lqr,lqr,nm1,nm2,hc
"[226.0, -240.0, -10.0, -156.0, -178.0]",sparse_max_continuous,-18.300624398921286,-21.982271314248987,-52.11212499937702,-85.11455338710834,-13.05417369238165,-20.171919256213783,-10.288519866028238
