situation,generating_model,sparse_max_continuous,sparse_max_discrete,sparse_lqr,lqr,nm1,nm2,hc
"[-84.0, 219.0, 125.0, -84.0, 132.0]",sparse_max_discrete,-61.60875352981098,-45.39606605858104,-101.18939189677228,-69.15987279517692,-69.33864080593278,-72.11546009452283,-61.54167286953546
