situation,generating_model,sparse_max_continuous,sparse_max_discrete,sparse_lqr,lqr,nm1,nm2,hc
"[-7.0, -47.0, -67.0, -56.0, 11.0]",sparse_max_discrete,-74.88981617993107,-43.16262843842095,-114.45472131545489,-97.92506653569481,-98.98794154284988,-83.27860702042756,-75.11715391345447
