situation,generating_model,sparse_max_continuous,sparse_max_discrete,sparse_lqr,lqr,nm1,nm2,hc
"[156.0, 99.0, 38.0, -50.0, 56.0]",sparse_max_continuous,-14.458559067343778,-11.337669756765834,-39.531376498202945,-99.85411521836457,-9.86932148243623,-10.984106921627284,-1.9603045066199325
