situation,generating_model,sparse_max_continuous,sparse_max_discrete,sparse_lqr,lqr,nm1,nm2,hc
"[-8.0, 40.0, 5.0, -85.0, 52.0]",sparse_max_discrete,-71.3981694637259,6.495329947401816,-106.58041756132602,-87.8758134914695,-83.45444719070159,-74.18617464188534,-69.85769252282334
