situation,generating_model,sparse_max_continuous,sparse_max_discrete,sparse_lqr,lqr,nm1,nm2,hc
"[-84.0, 219.0, 125.0, -84.0, 132.0]",sparse_max_continuous,-25.598446301850164,-25.05821348375911,-27.599297733039933,-72.73722516050465,-24.53716501301384,-27.367451518540136,-6.24909344948302
