situation,generating_model,sparse_max_continuous,sparse_max_discrete,sparse_lqr,lqr,nm1,nm2,hc
"[170.0, -104.0, -133.0, -6.0, -73.0]",sparse_max_discrete,-47.05788314930497,-10.811546777401652,-62.04072453208488,-58.223355756207745,-45.74160218031149,-44.995328516681454,-39.14851793212159
