situation,generating_model,sparse_max_continuous,sparse_max_discrete,sparse_lqr,lqr,nm1,nm2,hc
"[170.0, -104.0, -133.0, -6.0, -73.0]",sparse_max_continuous,-38.268048468465096,-46.27245620506398,-47.18208530355792,-88.00402546568391,-54.08930499400337,-46.263973454340594,-46.27231653242951
