situation,generating_model,sparse_max_continuous,sparse_max_discrete,sparse_lqr,lqr,nm1,nm2,hc
"[170.0, -104.0, -133.0, -6.0, -73.0]",sparse_max_discrete,-65.13238535237011,-35.92819683937906,-104.197685728508,-116.01680340156092,-65.2682780209976,-71.5540270768696,-61.00549624672846
