situation,generating_model,sparse_max_continuous,sparse_max_discrete,sparse_lqr,lqr,nm1,nm2,hc
"[106.0, 40.0, -10.0, -191.0, 3.0]",hill_climbing,-24.557679489675323,-20.04140864846468,-32.42586076213928,-111.20731145368146,-26.66863153717992,-23.7175394884495,7.757810593248038
