situation,generating_model,sparse_max_continuous,sparse_max_discrete,sparse_lqr,lqr,nm1,nm2,hc
"[62.0, -42.0, -30.0, -140.0, -30.0]",hill_climbing,-65.12207524881185,-71.22127332472456,-78.02416041008658,-94.58812933562848,-59.08963096193266,-71.13527280604993,-1.583601292997522
