situation,generating_model,sparse_max_continuous,sparse_max_discrete,sparse_lqr,lqr,nm1,nm2,hc
"[-119.0, -21.0, -59.0, 174.0, 101.0]",sparse_max_discrete,-14.304785359644761,-24.015880675494493,-88.64403944235349,-19.24454407786638,-42.63615850666924,-41.99759174825003,-19.04208876564319
