situation,generating_model,sparse_max_continuous,sparse_max_discrete,sparse_lqr,lqr,nm1,nm2,hc
"[-32.0, 39.0, 75.0, 175.0, 6.0]",sparse_max_discrete,-30.410197486229443,-29.387935927082047,-105.35942169725196,-102.40636917083306,-49.427084260887284,-48.274064062189964,-47.73967017407263
