situation,generating_model,sparse_max_continuous,sparse_max_discrete,sparse_lqr,lqr,nm1,nm2,hc
"[157.0, 119.0, -204.0, 7.0, -35.0]",sparse_max_continuous,-38.63082118391529,-39.463825446571775,-96.69410274993169,-83.50923243993758,-46.10644859840071,-39.937858739685325,-40.069531861008976
