situation,generating_model,sparse_max_continuous,sparse_max_discrete,sparse_lqr,lqr,nm1,nm2,hc
"[111.0, -133.0, -75.0, 92.0, -149.0]",hill_climbing,-53.00772644325805,-56.66883457623926,-101.8877651902548,-109.84291833127173,-61.027130055031336,-69.55890778934143,8.617389179480789
