situation,generating_model,sparse_max_continuous,sparse_max_discrete,sparse_lqr,lqr,nm1,nm2,hc
"[-241.0, 223.0, 143.0, -189.0, 208.0]",sparse_max_continuous,-37.834131630978916,-38.63684876581983,-108.30947693825252,-87.23821349003978,-38.337551558926386,-38.094408438700505,-33.701127888737346
