situation,generating_model,sparse_max_continuous,sparse_max_discrete,sparse_lqr,lqr,nm1,nm2,hc
"[95.0, -108.0, -140.0, 62.0, -173.0]",hill_climbing,-42.66765884725946,-32.96036604897808,-102.89684657495755,-111.16636982802916,-58.10847817379055,-63.67173879061156,5.937341676511423
