situation,generating_model,sparse_max_continuous,sparse_max_discrete,sparse_lqr,lqr,nm1,nm2,hc
"[-8.0, 40.0, 5.0, -85.0, 52.0]",sparse_lqr,-24.227806258273425,-12.907385407449684,8.766034018878344,-82.31072105279053,-41.382541368955444,-23.819774977613278,-15.86915991413752
