situation,generating_model,sparse_max_continuous,sparse_max_discrete,sparse_lqr,lqr,nm1,nm2,hc
"[95.0, -108.0, -140.0, 62.0, -173.0]",sparse_max_continuous,-25.933210178110716,-50.486013025743716,-74.4514407677341,-71.96100201700362,-48.82218930980507,-66.53065250053041,-38.84607217764466
