situation,generating_model,sparse_max_continuous,sparse_max_discrete,sparse_lqr,lqr,nm1,nm2,hc
"[-137.0, 51.0, -244.0, 82.0, 74.0]",sparse_max_continuous,-26.671754068990616,-30.367010300162853,-81.36219035894479,-67.39403671302325,-53.039253944610536,-37.70697474877839,-37.11094537242478
