situation,generating_model,sparse_max_continuous,sparse_max_discrete,sparse_lqr,lqr,nm1,nm2,hc
"[226.0, -240.0, -10.0, -156.0, -178.0]",hill_climbing,-29.01183261482126,-63.002468213834106,-71.18230187639143,-104.3187231124113,-55.391575292179255,-68.17279952328911,-5.081938069570274
