situation,generating_model,sparse_max_continuous,sparse_max_discrete,sparse_lqr,lqr,nm1,nm2,hc
"[-84.0, 219.0, 125.0, -84.0, 132.0]",sparse_max_discrete,-42.49831488568895,-19.252016966124124,-99.89289963997372,-71.98727851687998,-47.60605732449097,-45.04336573556663,-50.786048881442355
