situation,generating_model,sparse_max_continuous,sparse_max_discrete,sparse_lqr,lqr,nm1,nm2,hc
"[-203.0, -241.0, 137.0, -218.0, -143.0]",hill_climbing,-15.366335819963723,-14.604436413160165,-30.20382831998377,-126.78617017103898,-29.660202180836002,-25.071108578199436,1.028398551906438
