situation,generating_model,sparse_max_continuous,sparse_max_discrete,sparse_lqr,lqr,nm1,nm2,hc
"[-241.0, 223.0, 143.0, -189.0, 208.0]",sparse_max_continuous,-36.636350806198834,-38.52421827802893,-108.1465429215805,-87.2380420533938,-36.052027890267524,-37.809206165597956,-33.4057704893131
