situation,generating_model,sparse_max_continuous,sparse_max_discrete,sparse_lqr,lqr,nm1,nm2,hc
"[62.0, -42.0, -30.0, -140.0, -30.0]",hill_climbing,-39.283610202916506,-40.29603068268056,-77.26723441904124,-103.08876401487205,-45.664295497176454,-44.22090482246903,6.726225910333447
