situation,generating_model,sparse_max_continuous,sparse_max_discrete,sparse_lqr,lqr,nm1,nm2,hc
"[-5.0, 41.0, -22.0, 50.0, 43.0]",sparse_max_continuous,-33.70890573047272,-37.939401255662766,-111.64893192236406,-64.34289696708342,-54.57317264627477,-50.2699621892525,-32.4369172778368
