situation,generating_model,sparse_max_continuous,sparse_max_discrete,sparse_lqr,lqr,nm1,nm2,hc
"[-122.0, 71.0, -217.0, 131.0, 165.0]",hill_climbing,-56.35871769021128,-58.61764295004211,-99.45446167034652,-74.16692903291606,-65.2436608097415,-75.81125901560746,-1.7228338240680152
