situation,generating_model,sparse_max_continuous,sparse_max_discrete,sparse_lqr,lqr,nm1,nm2,hc
"[106.0, 40.0, -10.0, -191.0, 3.0]",sparse_max_discrete,6.2260538640619565,8.766034018878344,8.766034018878344,-89.21963872323987,-24.30360352652984,8.766034018878344,8.766034018878344
