situation,generating_model,sparse_max_continuous,sparse_max_discrete,sparse_lqr,lqr,nm1,nm2,hc
"[-40.0, -43.0, -35.0, 199.0, 67.0]",sparse_max_discrete,-60.62470458396392,-3.881667034938836,-112.04677387519062,-98.05532091914571,-98.12523133002529,-76.00932868386609,-52.31183408349547
