situation,generating_model,sparse_max_continuous,sparse_max_discrete,sparse_lqr,lqr,nm1,nm2,hc
"[-40.0, -43.0, -35.0, 199.0, 67.0]",sparse_max_discrete,-54.81345075084616,-18.41457977017356,-85.03490876585053,-73.51451527055531,-66.01626671226319,-72.40305175890933,-43.291425923139
