situation,generating_model,sparse_max_continuous,sparse_max_discrete,sparse_lqr,lqr,nm1,nm2,hc
"[170.0, -104.0, -133.0, -6.0, -73.0]",sparse_max_discrete,-55.33751881794326,-57.97186274520916,-99.47695327874573,-108.27912092497606,-62.6452623163649,-62.112109387834636,-63.01533343478323
