situation,generating_model,sparse_max_continuous,sparse_max_discrete,sparse_lqr,lqr,nm1,nm2,hc
"[-122.0, 71.0, -217.0, 131.0, 165.0]",sparse_max_discrete,-74.931689393393,0.7929178754966504,-113.43939301267599,-89.05772737307333,-85.1011542516807,-74.85146946881703,-66.32081031607063
