situation,generating_model,sparse_max_continuous,sparse_max_discrete,sparse_lqr,lqr,nm1,nm2,hc
"[-78.0, -67.0, -202.0, -177.0, -199.0]",hill_climbing,-86.11408888431102,-85.19826550133618,-87.51760810109668,-94.2957698246169,-75.86030265141517,-90.27954885977368,-4.868506119686996
