situation,generating_model,sparse_max_continuous,sparse_max_discrete,sparse_lqr,lqr,nm1,nm2,hc
"[157.0, 119.0, -204.0, 7.0, -35.0]",sparse_max_discrete,-37.47281502738878,6.251642542468368,-66.44616620133804,-115.55280986679051,-38.366629438415075,-50.566854780998334,-32.868823252896235
