situation,generating_model,sparse_max_continuous,sparse_max_discrete,sparse_lqr,lqr,nm1,nm2,hc
"[204.0, -158.0, 121.0, -59.0, 25.0]",sparse_max_continuous,-43.098838869218895,-38.56727313280871,-114.86124478782791,-109.12783886831923,-46.93201833628236,-48.48914555112278,-8.129708008916133
