situation,generating_model,sparse_max_continuous,sparse_max_discrete,sparse_lqr,lqr,nm1,nm2,hc
"[115.0, 61.0, 51.0, 144.0, 47.0]",sparse_max_discrete,-69.84710204681754,-16.860747566308667,-87.93501096154388,-114.00582329600377,-86.47003466348511,-87.67843573218643,-35.72732318549771
