situation,generating_model,sparse_max_continuous,sparse_max_discrete,sparse_lqr,lqr,nm1,nm2,hc
"[-140.0, 17.0, 95.0, 220.0, 85.0]",sparse_lqr,-23.747224160918677,-20.64008122437938,8.766034018878344,-87.15768334335164,-23.21174785496906,-19.761749909538562,-20.68175525382931
