situation,generating_model,sparse_max_continuous,sparse_max_discrete,sparse_lqr,lqr,nm1,nm2,hc
"[106.0, 40.0, -10.0, -191.0, 3.0]",hill_climbing,-11.644236138402903,-20.701188656159584,-41.35379067948434,-109.66487965165311,-19.502489967684205,-20.033421779401866,2.7928848829677193
