situation,generating_model,sparse_max_continuous,sparse_max_discrete,sparse_lqr,lqr,nm1,nm2,hc
"[170.0, -104.0, -133.0, -6.0, -73.0]",sparse_max_discrete,-76.21806392350265,-21.529626013779705,-107.6924875610712,-105.08852498568989,-71.98147540367725,-83.01586878154345,-72.3617381942038
