situation,generating_model,sparse_max_continuous,sparse_max_discrete,sparse_lqr,lqr,nm1,nm2,hc
"[-8.0, 40.0, 5.0, -85.0, 52.0]",sparse_max_discrete,-64.33980425282982,4.990393895956537,-102.99893324501099,-87.71602474129574,-80.15546361276634,-74.15400538754491,-44.56327972219441
