situation,generating_model,sparse_max_continuous,sparse_max_discrete,sparse_lqr,lqr,nm1,nm2,hc
"[156.0, 99.0, 38.0, -50.0, 56.0]",sparse_max_discrete,-51.71057335601584,-11.851112576453643,-88.51295263057452,-117.74270244792754,-71.71363143576008,-75.43419911546167,-58.39465604358355
