situation,generating_model,sparse_max_continuous,sparse_max_discrete,sparse_lqr,lqr,nm1,nm2,hc
"[111.0, -133.0, -75.0, 92.0, -149.0]",sparse_max_discrete,-64.53249238533391,4.875924038635591,-107.77926841411943,-104.00633742789267,-77.29716641599413,-70.62419028825154,-67.40654103808032
