situation,generating_model,sparse_max_continuous,sparse_max_discrete,sparse_lqr,lqr,nm1,nm2,hc
"[-32.0, 39.0, 75.0, 175.0, 6.0]",hill_climbing,-33.317116069411895,-46.86769658848729,-66.60828249970244,-89.85771404034537,-55.151744517310874,-57.797072971309206,6.112385167954016
