situation,generating_model,sparse_max_continuous,sparse_max_discrete,sparse_lqr,lqr,nm1,nm2,hc
"[-140.0, 17.0, 95.0, 220.0, 85.0]",sparse_max_discrete,-31.643440283716636,-30.709859939769494,-44.235755714200565,-95.91292969416868,-31.698829007941995,-31.087831798445286,-30.365078244208426
