situation,generating_model,sparse_max_continuous,sparse_max_discrete,sparse_lqr,lqr,nm1,nm2,hc
"[204.0, -158.0, 121.0, -59.0, 25.0]",sparse_max_discrete,-61.958484784216985,-38.99467584734293,-76.78971294561524,-87.7708973501614,-55.49361399560024,-60.28113850613031,-60.83954122816686
