situation,generating_model,sparse_max_continuous,sparse_max_discrete,sparse_lqr,lqr,nm1,nm2,hc
"[204.0, -158.0, 121.0, -59.0, 25.0]",sparse_lqr,8.766034018878344,8.766034018878344,8.766034018878344,-69.14750055636274,3.909077356334599,8.766034018878344,8.766034018878344
