situation,generating_model,sparse_max_continuous,sparse_max_discrete,sparse_lqr,lqr,nm1,nm2,hc
"[226.0, -240.0, -10.0, -156.0, -178.0]",sparse_max_discrete,-17.99592031791584,-27.998421758242294,-49.90642803624655,-82.97738483433665,-29.962707810411516,-31.251395444346343,-15.808745474275483
