situation,generating_model,sparse_max_continuous,sparse_max_discrete,sparse_lqr,lqr,nm1,nm2,hc
"[-40.0, -43.0, -35.0, 199.0, 67.0]",hill_climbing,-69.52157152411071,-66.51614980863016,-80.08901788962453,-81.69904738349638,-80.20750252499249,-86.43384780129641,-44.67097137807399
