situation,generating_model,sparse_max_continuous,sparse_max_discrete,sparse_lqr,lqr,nm1,nm2,hc
"[-137.0, 51.0, -244.0, 82.0, 74.0]",sparse_lqr,-74.59706271449703,-70.43103081299941,8.766034018878344,-65.0806954880287,-77.63032391803301,-82.00359589784226,-67.92330624392696
