situation,generating_model,sparse_max_continuous,sparse_max_discrete,sparse_lqr,lqr,nm1,nm2,hc
"[-137.0, 51.0, -244.0, 82.0, 74.0]",hill_climbing,-28.308809695089565,-27.581278027022485,-113.50415461004836,-72.2152935971537,-47.74542363405051,-36.27076493102928,-4.923211418390192
