situation,generating_model,sparse_max_continuous,sparse_max_discrete,sparse_lqr,lqr,nm1,nm2,hc
"[-137.0, 51.0, -244.0, 82.0, 74.0]",sparse_max_continuous,-28.00924319904736,-118.31572350437098,-142.86767269062187,-122.69613172930227,-117.44600906413945,-121.27554858429829,-117.9215041930007
