situation,generating_model,sparse_max_continuous,sparse_max_discrete,sparse_lqr,lqr,nm1,nm2,hc
"[-70.0, 30.0, 186.0, -238.0, 218.0]",sparse_max_continuous,-20.57664533563099,-28.73164714603822,-106.3568879811875,-43.13608823809161,-41.365140889265405,-41.920662972491805,-43.073872166333274
