situation,generating_model,sparse_max_continuous,sparse_max_discrete,sparse_lqr,lqr,nm1,nm2,hc
"[170.0, -104.0, -133.0, -6.0, -73.0]",sparse_max_discrete,-65.45917225531208,-26.9502297566168,-108.71649087162818,-99.26884904919649,-71.88573136528808,-70.28012220807662,-60.86042910457164
