situation,generating_model,sparse_max_continuous,sparse_max_discrete,sparse_lqr,lqr,nm1,nm2,hc
"[-7.0, -47.0, -67.0, -56.0, 11.0]",sparse_max_continuous,-19.007835365599323,-37.64573559087585,-68.19516335607253,-41.59048603175604,-41.69104141825467,-42.19976481101122,-25.806501705565367
