situation,generating_model,sparse_max_continuous,sparse_max_discrete,sparse_lqr,lqr,nm1,nm2,hc
"[-241.0, 223.0, 143.0, -189.0, 208.0]",hill_climbing,-64.54935723839282,-83.30753865606398,-108.53484538926398,-106.7622919631547,-76.7353111470506,-86.49463352419471,-25.876182760029646
