situation,generating_model,sparse_max_continuous,sparse_max_discrete,sparse_lqr,lqr,nm1,nm2,hc
"[-203.0, -241.0, 137.0, -218.0, -143.0]",sparse_lqr,-71.92089858858489,-71.76106800632584,8.766034018878344,-114.45574498189058,-55.78016312870876,-70.28771527294062,-64.3598823249153
