situation,generating_model,sparse_max_continuous,sparse_max_discrete,sparse_lqr,lqr,nm1,nm2,hc
"[117.0, -241.0, -135.0, 88.0, -100.0]",hill_climbing,-79.36798743124606,-80.28148534716506,-96.64436015189511,-101.95637447438907,-80.17936634694661,-84.42892781961405,-16.54666805211692
