situation,generating_model,sparse_max_continuous,sparse_max_discrete,sparse_lqr,lqr,nm1,nm2,hc
"[170.0, -104.0, -133.0, -6.0, -73.0]",sparse_max_discrete,-58.79560193666066,2.8996359905288984,-112.1495528836763,-112.81332971340342,-58.22824415259512,-58.355809147028324,-49.24115888638643
