situation,generating_model,sparse_max_continuous,sparse_max_discrete,sparse_lqr,lqr,nm1,nm2,hc
"[-184.0, 235.0, 38.0, -237.0, 65.0]",sparse_max_discrete,-41.89267398958641,-30.85484559828821,-106.14574626616539,-111.73144623863946,-45.350245737445334,-40.89524880764522,-25.930030488379344
