situation,generating_model,sparse_max_continuous,sparse_max_discrete,sparse_lqr,lqr,nm1,nm2,hc
"[-122.0, 71.0, -217.0, 131.0, 165.0]",sparse_max_discrete,-33.461765326434886,-31.754198417151116,-84.71985951994074,-52.34340332687451,-44.620922892778694,-45.6545526287619,-35.826744413201595
