situation,generating_model,sparse_max_continuous,sparse_max_discrete,sparse_lqr,lqr,nm1,nm2,hc
"[-8.0, 40.0, 5.0, -85.0, 52.0]",sparse_max_discrete,-40.11862433753711,4.046162051436816,-113.30553067964237,-92.37392455272435,-72.08022953556087,-56.725784308344444,-56.74294688056855
