situation,generating_model,sparse_max_continuous,sparse_max_discrete,sparse_lqr,lqr,nm1,nm2,hc
"[-140.0, 17.0, 95.0, 220.0, 85.0]",sparse_max_discrete,-40.20818424489039,-4.561569493779466,-106.18128632941881,-107.04723117979981,-83.08010315942121,-82.0266514992424,-80.05407978264081
