situation,generating_model,sparse_max_continuous,sparse_max_discrete,sparse_lqr,lqr,nm1,nm2,hc
"[-7.0, -47.0, -67.0, -56.0, 11.0]",sparse_lqr,8.766034018878344,8.766034018878344,8.766034018878344,-73.53003363939152,-25.80852159254283,8.766034018878344,8.766034018878344
