situation,generating_model,sparse_max_continuous,sparse_max_discrete,sparse_lqr,lqr,nm1,nm2,hc
"[-117.0, 249.0, 246.0, -225.0, 142.0]",sparse_max_continuous,-24.66118155257515,-37.20044462249582,-71.76268862313457,-82.55483478189984,-38.03115620844863,-33.70672456391636,-34.39342482497083
