situation,generating_model,sparse_max_continuous,sparse_max_discrete,sparse_lqr,lqr,nm1,nm2,hc
"[-32.0, 39.0, 75.0, 175.0, 6.0]",sparse_max_discrete,-32.42957037852403,-13.695429618858974,-106.95535171719175,-102.39315186021807,-50.44811864033829,-48.27369111751298,-48.37406672053453
