situation,generating_model,sparse_max_continuous,sparse_max_discrete,sparse_lqr,lqr,nm1,nm2,hc
"[-8.0, 40.0, 5.0, -85.0, 52.0]",sparse_max_discrete,-37.01236502144409,5.221282972054,-100.99112802602289,-80.12362816129651,-73.65202813539679,-52.66406689425449,-50.724276571382006
