situation,generating_model,sparse_max_continuous,sparse_max_discrete,sparse_lqr,lqr,nm1,nm2,hc
"[226.0, -240.0, -10.0, -156.0, -178.0]",sparse_max_continuous,-10.856043718050724,-22.912526859710688,-100.8509942097069,-51.742010136668696,-12.63410457514572,-16.548914193172408,-5.333822847724292
