situation,generating_model,sparse_max_continuous,sparse_max_discrete,sparse_lqr,lqr,nm1,nm2,hc
"[156.0, 99.0, 38.0, -50.0, 56.0]",hill_climbing,-59.760758882503275,-40.92222516127809,-97.02526911179132,-93.82279098967162,-58.94165312242906,-61.2078066997476,-19.903656960254274
