situation,generating_model,sparse_max_continuous,sparse_max_discrete,sparse_lqr,lqr,nm1,nm2,hc
"[-88.0, 3.0, 58.0, 82.0, 231.0]",sparse_max_discrete,-38.089959117309014,-34.05663587542899,-84.1192295887675,-59.365256660559055,-65.23826331138042,-69.46208122640932,-49.3466607225327
