situation,generating_model,sparse_max_continuous,sparse_max_discrete,sparse_lqr,lqr,nm1,nm2,hc
"[-88.0, 3.0, 58.0, 82.0, 231.0]",sparse_max_discrete,-47.679484074768844,-44.84717775505686,-75.09981304850466,-65.51274188861746,-66.86755303512277,-70.387231473288,-44.512471264583276
