situation,generating_model,sparse_max_continuous,sparse_max_discrete,sparse_lqr,lqr,nm1,nm2,hc
"[157.0, 119.0, -204.0, 7.0, -35.0]",sparse_max_discrete,-29.7012925035489,7.797984883283753,-62.03302937021485,-116.8156868321037,-33.45180282019582,-45.99220767680552,-28.016402205837906
