situation,generating_model,sparse_max_continuous,sparse_max_discrete,sparse_lqr,lqr,nm1,nm2,hc
"[106.0, 40.0, -10.0, -191.0, 3.0]",hill_climbing,-51.249903657131895,-68.74177158182601,-81.21398160914092,-89.94812925792692,-73.18317387864106,-72.49979613891836,-51.348654078823216
