situation,generating_model,sparse_max_continuous,sparse_max_discrete,sparse_lqr,lqr,nm1,nm2,hc
"[95.0, -108.0, -140.0, 62.0, -173.0]",hill_climbing,-59.91717334205999,-58.442239191331794,-91.0400281559343,-87.8877148984516,-71.46642872158655,-75.7315696265814,-27.46257681539513
