situation,generating_model,sparse_max_continuous,sparse_max_discrete,sparse_lqr,lqr,nm1,nm2,hc
"[129.0, 100.0, 39.0, -234.0, -193.0]",sparse_max_discrete,-63.171787585381864,-27.713916365980104,-116.28295362764798,-105.82712430127685,-65.12076749992279,-70.44291248928063,-51.02896082864187
