situation,generating_model,sparse_max_continuous,sparse_max_discrete,sparse_lqr,lqr,nm1,nm2,hc
"[106.0, 40.0, -10.0, -191.0, 3.0]",hill_climbing,-8.586984651018842,-19.066370008961005,-38.21282368673525,-109.24563765299541,-19.63734245980952,-18.914880934827156,-4.309438540653877
