situation,generating_model,sparse_max_continuous,sparse_max_discrete,sparse_lqr,lqr,nm1,nm2,hc
"[-70.0, 30.0, 186.0, -238.0, 218.0]",sparse_lqr,-26.19859815219376,-25.880885385894324,8.766034018878344,-97.06278651969527,-37.009820428627016,-24.566311349212214,-23.442799706780796
