situation,generating_model,sparse_max_continuous,sparse_max_discrete,sparse_lqr,lqr,nm1,nm2,hc
"[-5.0, 41.0, -22.0, 50.0, 43.0]",sparse_max_continuous,-41.91054619110178,-41.178367475809466,-111.65887969480067,-64.35243555667674,-49.174120265545085,-50.2298122184621,-34.0503125987804
