situation,generating_model,sparse_max_continuous,sparse_max_discrete,sparse_lqr,lqr,nm1,nm2,hc
"[-137.0, 51.0, -244.0, 82.0, 74.0]",hill_climbing,-52.64346581358525,-49.14606377963397,-109.54728963710102,-89.30218457068173,-45.60341509953941,-59.31830791829813,4.666100472813088
