situation,generating_model,sparse_max_continuous,sparse_max_discrete,sparse_lqr,lqr,nm1,nm2,hc
"[-5.0, 41.0, -22.0, 50.0, 43.0]",sparse_max_discrete,-41.64169815964708,-19.79566262409117,-116.82844993110645,-99.63133203827566,-72.74671577876717,-51.271306404791844,-50.7116237419099
