situation,generating_model,sparse_max_continuous,sparse_max_discrete,sparse_lqr,lqr,nm1,nm2,hc
"[117.0, -241.0, -135.0, 88.0, -100.0]",hill_climbing,-50.26241908886856,-54.93274959918465,-99.19444994264956,-106.72157865574735,-54.38703921595333,-75.61541808722333,4.551555621409271
