situation,generating_model,sparse_max_continuous,sparse_max_discrete,sparse_lqr,lqr,nm1,nm2,hc
"[241.0, -127.0, -192.0, 113.0, -224.0]",hill_climbing,-58.54262502859575,-70.94742268270377,-99.01226709673931,-101.2547290164752,-64.9793768000539,-81.46889545364743,-43.02827457992069
