situation,generating_model,sparse_max_continuous,sparse_max_discrete,sparse_lqr,lqr,nm1,nm2,hc
"[-119.0, -21.0, -59.0, 174.0, 101.0]",sparse_max_discrete,-69.49654287082512,-21.41762806670295,-100.94318200468172,-77.49157351592915,-67.97763735281913,-74.6530059627105,-21.107083719631078
