situation,generating_model,sparse_max_continuous,sparse_max_discrete,sparse_lqr,lqr,nm1,nm2,hc
"[-5.0, 41.0, -22.0, 50.0, 43.0]",hill_climbing,-67.35589911186153,-56.80469648658561,-74.54613172868,-86.67119608759998,-75.67474788907842,-70.71290406389387,-39.86334628200839
