situation,generating_model,sparse_max_continuous,sparse_max_discrete,sparse_lqr,lqr,nm1,nm2,hc
"[117.0, -241.0, -135.0, 88.0, -100.0]",hill_climbing,-41.73392901730905,-48.86369958672965,-79.76754196292359,-97.84582017067463,-42.75997131014566,-65.38370772784218,4.1164705399913135
