situation,generating_model,sparse_max_continuous,sparse_max_discrete,sparse_lqr,lqr,nm1,nm2,hc
"[-137.0, 51.0, -244.0, 82.0, 74.0]",sparse_max_continuous,-26.49993687295889,-71.20052214417065,-115.80099997833901,-89.48158799880949,-74.60481076327787,-72.05794702892248,-72.39589046513746
