situation,generating_model,sparse_max_continuous,sparse_max_discrete,sparse_lqr,lqr,nm1,nm2,hc
"[204.0, -158.0, 121.0, -59.0, 25.0]",sparse_lqr,8.766034018878344,8.766034018878344,8.766034018878344,-77.97804688513374,-3.5173429901798627,8.766034018878344,8.766034018878344
