situation,generating_model,sparse_max_continuous,sparse_max_discrete,sparse_lqr,lqr,nm1,nm2,hc
"[-88.0, 3.0, 58.0, 82.0, 231.0]",sparse_max_discrete,-36.958825316899976,-39.66671322831939,-77.64137271030339,-43.31667462271631,-46.682849805502435,-48.151046601255004,-43.9535897535078
