situation,generating_model,sparse_max_continuous,sparse_max_discrete,sparse_lqr,lqr,nm1,nm2,hc
"[-119.0, -21.0, -59.0, 174.0, 101.0]",hill_climbing,-32.16211882711987,-25.401964219232184,-111.83499046871705,-106.00607693134147,-37.008901434623354,-50.00364832476856,5.626146860883585
