situation,generating_model,sparse_max_continuous,sparse_max_discrete,sparse_lqr,lqr,nm1,nm2,hc
"[170.0, -104.0, -133.0, -6.0, -73.0]",sparse_max_discrete,-69.52467768875906,-27.609301549267606,-104.58797276677068,-112.9809330423944,-66.77298658696161,-71.29665941522191,-69.77900261155105
