situation,generating_model,sparse_max_continuous,sparse_max_discrete,sparse_lqr,lqr,nm1,nm2,hc
"[115.0, 61.0, 51.0, 144.0, 47.0]",sparse_max_continuous,-43.30627120637436,-71.03281569016367,-93.22347188076317,-110.7774791952821,-70.21949344142698,-72.26279425570907,-72.26275501917837
