situation,generating_model,sparse_max_continuous,sparse_max_discrete,sparse_lqr,lqr,nm1,nm2,hc
"[156.0, 99.0, 38.0, -50.0, 56.0]",hill_climbing,-20.033260854332816,-28.934418635833058,-98.32469773146471,-117.10914742356331,-30.520136728099473,-51.01273055486634,6.833973655772089
