situation,generating_model,sparse_max_continuous,sparse_max_discrete,sparse_lqr,lqr,nm1,nm2,hc
"[117.0, -241.0, -135.0, 88.0, -100.0]",sparse_max_discrete,8.766034018878344,8.766034018878344,8.766034018878344,-56.33695794344729,-4.114728178881883,8.766034018878344,8.766034018878344
