situation,generating_model,sparse_max_continuous,sparse_max_discrete,sparse_lqr,lqr,nm1,nm2,hc
"[-5.0, 41.0, -22.0, 50.0, 43.0]",sparse_lqr,-33.307180217991274,-33.890646407729754,8.766034018878344,-44.00704639206005,-43.15914454925231,-33.18675948669154,-33.191181447382164
