situation,generating_model,sparse_max_continuous,sparse_max_discrete,sparse_lqr,lqr,nm1,nm2,hc
"[-78.0, -67.0, -202.0, -177.0, -199.0]",sparse_max_discrete,-47.596328417765,-14.516918700500614,-123.35975874449265,-69.01838207499497,-56.30606234240097,-53.913057152381086,-53.82830467076677
