situation,generating_model,sparse_max_continuous,sparse_max_discrete,sparse_lqr,lqr,nm1,nm2,hc
"[-117.0, 249.0, 246.0, -225.0, 142.0]",hill_climbing,-66.32350295554322,-73.76946532787858,-89.70187088345611,-100.16828197017372,-83.69979769508552,-89.1215829909427,-39.18433118673978
