situation,generating_model,sparse_max_continuous,sparse_max_discrete,sparse_lqr,lqr,nm1,nm2,hc
"[-78.0, -67.0, -202.0, -177.0, -199.0]",sparse_max_discrete,-50.07641673281907,-50.549963012006856,-115.00023971616446,-94.04329577847349,-65.09700986716204,-62.26906234430111,-61.27310840055106
