situation,generating_model,sparse_max_continuous,sparse_max_discrete,sparse_lqr,lqr,nm1,nm2,hc
"[157.0, 119.0, -204.0, 7.0, -35.0]",hill_climbing,-13.705338846051223,-15.767315991538883,-55.72441510818062,-120.13960681647065,-26.825566432049264,-17.385187669728438,7.033037917709173
