situation,generating_model,sparse_max_continuous,sparse_max_discrete,sparse_lqr,lqr,nm1,nm2,hc
"[-5.0, 41.0, -22.0, 50.0, 43.0]",sparse_lqr,-34.122946566635775,-34.12987094908118,8.766034018878344,-42.93171266977456,-37.291009084573986,-34.08990352433699,-34.09285431242978
