situation,generating_model,sparse_max_continuous,sparse_max_discrete,sparse_lqr,lqr,nm1,nm2,hc
"[157.0, 119.0, -204.0, 7.0, -35.0]",sparse_max_continuous,-46.88208574170447,-74.52236069925515,-81.18422882324819,-115.11754905627629,-88.95374330452529,-84.05757216178274,-74.38907789723484
