situation,generating_model,sparse_max_continuous,sparse_max_discrete,sparse_lqr,lqr,nm1,nm2,hc
"[-184.0, 235.0, 38.0, -237.0, 65.0]",sparse_max_continuous,-46.84704789294039,-42.61883788202249,-85.60386888061286,-99.72922207743181,-85.65669116245525,-83.53740258358879,-77.99407564518776
