situation,generating_model,sparse_max_continuous,sparse_max_discrete,sparse_lqr,lqr,nm1,nm2,hc
"[-32.0, 39.0, 75.0, 175.0, 6.0]",sparse_lqr,-50.57949100319808,-48.62369128074716,8.766034018878344,-88.86332033617619,-57.9230553420707,-47.49106231823842,-33.41088114629666
