situation,generating_model,sparse_max_continuous,sparse_max_discrete,sparse_lqr,lqr,nm1,nm2,hc
"[-70.0, 30.0, 186.0, -238.0, 218.0]",sparse_max_continuous,-84.68864114703413,-139.2864404741382,-155.58576358963748,-141.1824203994711,-127.44500265551972,-146.52696236555283,-131.82952766180432
