situation,generating_model,sparse_max_continuous,sparse_max_discrete,sparse_lqr,lqr,nm1,nm2,hc
"[-88.0, 3.0, 58.0, 82.0, 231.0]",sparse_max_discrete,-33.386554845934306,-30.417827144843272,-93.77766001316994,-57.46737301278579,-48.24603812317783,-67.2092794521198,-44.090909981194045
