situation,generating_model,sparse_max_continuous,sparse_max_discrete,sparse_lqr,lqr,nm1,nm2,hc
"[-78.0, -67.0, -202.0, -177.0, -199.0]",sparse_lqr,-65.63166251568018,-74.46566344860642,8.766034018878344,-85.91447638823466,-65.2296450586632,-75.08139538496138,-66.37724680924471
