situation,generating_model,sparse_max_continuous,sparse_max_discrete,sparse_lqr,lqr,nm1,nm2,hc
"[95.0, -108.0, -140.0, 62.0, -173.0]",hill_climbing,-41.50409499778273,-32.47662713603117,-95.9061374595822,-110.63912038691822,-37.876624745182504,-51.638017183994435,0.30306954486790616
