situation,generating_model,sparse_max_continuous,sparse_max_discrete,sparse_lqr,lqr,nm1,nm2,hc
"[-137.0, 51.0, -244.0, 82.0, 74.0]",hill_climbing,-42.36760858897202,-49.60486071490573,-120.6516431040423,-69.22121393771127,-57.094064219101085,-65.2476646659164,-4.770681935543408
