situation,generating_model,sparse_max_continuous,sparse_max_discrete,sparse_lqr,lqr,nm1,nm2,hc
"[115.0, 61.0, 51.0, 144.0, 47.0]",sparse_max_discrete,-63.99296787687172,-9.144304498303669,-94.7299658645808,-107.98461407111434,-57.633847896218725,-63.977671295990504,-62.68839726460409
