situation,generating_model,sparse_max_continuous,sparse_max_discrete,sparse_lqr,lqr,nm1,nm2,hc
"[111.0, -133.0, -75.0, 92.0, -149.0]",sparse_max_discrete,-70.8572537821099,4.568376290712374,-106.28004122052512,-103.89503404541205,-71.81689021454133,-70.66158805968134,-70.79338433748077
