situation,generating_model,sparse_max_continuous,sparse_max_discrete,sparse_lqr,lqr,nm1,nm2,hc
"[-140.0, 17.0, 95.0, 220.0, 85.0]",sparse_lqr,8.766034018878344,8.766034018878344,8.766034018878344,-100.49576447089603,-6.724117690571958,8.766034018878344,8.766034018878344
