situation,generating_model,sparse_max_continuous,sparse_max_discrete,sparse_lqr,lqr,nm1,nm2,hc
"[111.0, -133.0, -75.0, 92.0, -149.0]",sparse_max_discrete,-67.33056355680634,-8.251781476758863,-110.86927689528903,-104.77749333414555,-77.5073380524343,-72.2141288945538,-70.24730067879534
