situation,generating_model,sparse_max_continuous,sparse_max_discrete,sparse_lqr,lqr,nm1,nm2,hc
"[-119.0, -21.0, -59.0, 174.0, 101.0]",hill_climbing,-30.593104816035915,-34.28729673550821,-110.62896137263081,-105.74080587998,-61.21471849427603,-58.36522629265907,4.306069368743131
