situation,generating_model,sparse_max_continuous,sparse_max_discrete,sparse_lqr,lqr,nm1,nm2,hc
"[170.0, -104.0, -133.0, -6.0, -73.0]",sparse_max_discrete,-58.04415996007427,4.4047435937530315,-93.7947005940806,-118.71212489323112,-47.93430120576549,-57.060870779811744,-57.41669562348504
