situation,generating_model,sparse_max_continuous,sparse_max_discrete,sparse_lqr,lqr,nm1,nm2,hc
"[-84.0, 219.0, 125.0, -84.0, 132.0]",sparse_max_continuous,-31.66995806777747,-42.59663053341558,-69.8071946240873,-72.00733738824744,-37.605073076574044,-40.78609799469034,-41.18961009532316
