situation,generating_model,sparse_max_continuous,sparse_max_discrete,sparse_lqr,lqr,nm1,nm2,hc
"[-7.0, -47.0, -67.0, -56.0, 11.0]",sparse_max_discrete,-27.884126309911593,-19.826375119187784,-56.55027395877231,-80.74970614174919,-46.22945298543641,-27.318380594945644,-27.68978258311075
