situation,generating_model,sparse_max_continuous,sparse_max_discrete,sparse_lqr,lqr,nm1,nm2,hc
"[-122.0, 71.0, -217.0, 131.0, 165.0]",sparse_lqr,-27.13870348259566,-35.38444973754298,8.766034018878344,-44.274689481283175,-34.6193199067184,-36.565401974686075,-29.30835541418935
