situation,generating_model,sparse_max_continuous,sparse_max_discrete,sparse_lqr,lqr,nm1,nm2,hc
"[-119.0, -21.0, -59.0, 174.0, 101.0]",sparse_max_discrete,-62.90689744760884,-28.339214322808605,-112.63447576162991,-105.11218039408794,-60.66413847811198,-65.47283494919898,-36.86147502155555
