situation,generating_model,sparse_max_continuous,sparse_max_discrete,sparse_lqr,lqr,nm1,nm2,hc
"[156.0, 99.0, 38.0, -50.0, 56.0]",hill_climbing,-3.4721654216562143,-19.279204102168514,-95.52482642221776,-117.10302853163614,-21.69669823326694,-45.284574261840504,7.942981329124483
