situation,generating_model,sparse_max_continuous,sparse_max_discrete,sparse_lqr,lqr,nm1,nm2,hc
"[111.0, -133.0, -75.0, 92.0, -149.0]",sparse_lqr,-24.18534132106697,-19.696535685486616,8.766034018878344,-108.73764736901886,-20.244757370086603,-19.449134719190027,-21.085886661368427
