situation,generating_model,sparse_max_continuous,sparse_max_discrete,sparse_lqr,lqr,nm1,nm2,hc
"[-7.0, -47.0, -67.0, -56.0, 11.0]",sparse_max_discrete,-53.824356227206664,-22.144425621436703,-78.07441362488703,-64.61353385244836,-56.8038013246574,-55.438502054463996,-51.123768243110575
