situation,generating_model,sparse_max_continuous,sparse_max_discrete,sparse_lqr,lqr,nm1,nm2,hc
"[-184.0, 235.0, 38.0, -237.0, 65.0]",sparse_max_discrete,-42.28913650975839,-36.90626774757817,-106.88518070142601,-98.76089115421243,-59.255085434165956,-59.93862408394358,-51.934837669069516
