situation,generating_model,sparse_max_continuous,sparse_max_discrete,sparse_lqr,lqr,nm1,nm2,hc
"[-88.0, 3.0, 58.0, 82.0, 231.0]",sparse_lqr,-77.13135345197314,-74.55117757628956,8.766034018878344,-77.8083970731589,-77.89673587162333,-84.02860538944131,-70.31065449081807
