situation,generating_model,sparse_max_continuous,sparse_max_discrete,sparse_lqr,lqr,nm1,nm2,hc
"[-122.0, 71.0, -217.0, 131.0, 165.0]",sparse_max_discrete,-40.5900642644539,-33.93993852709056,-78.5327363016664,-66.02941375131387,-48.52158028729403,-43.63027474554843,-38.873789899709834
