situation,generating_model,sparse_max_continuous,sparse_max_discrete,sparse_lqr,lqr,nm1,nm2,hc
"[-137.0, 51.0, -244.0, 82.0, 74.0]",sparse_lqr,-50.230236495103696,-53.4707105391286,8.766034018878344,-77.24569594954556,-63.75063964593339,-66.3409377448018,-42.626865196981846
