situation,generating_model,sparse_max_continuous,sparse_max_discrete,sparse_lqr,lqr,nm1,nm2,hc
"[106.0, 40.0, -10.0, -191.0, 3.0]",hill_climbing,-14.221104024666495,-18.190489200012877,-30.640653342222386,-111.54038543767845,-26.151891063359912,-24.199529038690542,8.242332224931218
