situation,generating_model,sparse_max_continuous,sparse_max_discrete,sparse_lqr,lqr,nm1,nm2,hc
"[157.0, 119.0, -204.0, 7.0, -35.0]",hill_climbing,-29.962176814486064,-32.60511928463167,-67.42121014695505,-121.9520084856652,-34.52692823742589,-45.591662740424,-5.350263007363029
