situation,generating_model,sparse_max_continuous,sparse_max_discrete,sparse_lqr,lqr,nm1,nm2,hc
"[-119.0, -21.0, -59.0, 174.0, 101.0]",sparse_max_discrete,-32.70062588344662,-30.520012993204553,-81.57673737877121,-30.43263556245107,-40.55658459288684,-46.3318459834758,-24.358291317127822
