situation,generating_model,sparse_max_continuous,sparse_max_discrete,sparse_lqr,lqr,nm1,nm2,hc
"[-32.0, 39.0, 75.0, 175.0, 6.0]",hill_climbing,-64.82443253307737,-61.62049098278516,-106.81603052993916,-106.04642680610196,-80.7751283990798,-70.84504362455966,-4.508011810004296
