situation,generating_model,sparse_max_continuous,sparse_max_discrete,sparse_lqr,lqr,nm1,nm2,hc
"[156.0, 99.0, 38.0, -50.0, 56.0]",hill_climbing,-14.51315442091358,-9.311558126519095,-94.06034617127274,-118.38921671238742,-28.584621126283004,-42.71130735193168,6.775021622057075
