situation,generating_model,sparse_max_continuous,sparse_max_discrete,sparse_lqr,lqr,nm1,nm2,hc
"[62.0, -42.0, -30.0, -140.0, -30.0]",sparse_lqr,7.952632871754446,8.766034018878344,8.766034018878344,-96.4777427370241,-19.043016896756573,8.766034018878344,8.766034018878344
