situation,generating_model,sparse_max_continuous,sparse_max_discrete,sparse_lqr,lqr,nm1,nm2,hc
"[106.0, 40.0, -10.0, -191.0, 3.0]",hill_climbing,-61.25580884505869,-61.278645997276726,-71.73462081232903,-96.31656789067364,-71.80299124061656,-74.03762235660466,-32.697708664514025
