situation,generating_model,sparse_max_continuous,sparse_max_discrete,sparse_lqr,lqr,nm1,nm2,hc
"[-70.0, 30.0, 186.0, -238.0, 218.0]",sparse_max_discrete,-50.45400126371786,-9.178608015295211,-107.61684667111847,-106.61150942815505,-55.52634441290746,-49.79259183556703,-48.8367491979778
