situation,generating_model,sparse_max_continuous,sparse_max_discrete,sparse_lqr,lqr,nm1,nm2,hc
"[-8.0, 40.0, 5.0, -85.0, 52.0]",sparse_lqr,-69.25858418310031,-56.078150219437816,8.766034018878344,-53.27027906704237,-66.79393689608825,-78.67624219612759,-51.49723360769483
