situation,generating_model,sparse_max_continuous,sparse_max_discrete,sparse_lqr,lqr,nm1,nm2,hc
"[-7.0, -47.0, -67.0, -56.0, 11.0]",sparse_max_discrete,-42.00622906687245,-28.25514642513939,-76.44692991854748,-71.49904432628844,-59.3960606717491,-42.027671751726956,-42.16018122628887
