situation,generating_model,sparse_max_continuous,sparse_max_discrete,sparse_lqr,lqr,nm1,nm2,hc
"[-70.0, 30.0, 186.0, -238.0, 218.0]",hill_climbing,-73.81507560796143,-78.94643100587523,-92.9086572409403,-101.13144660987052,-85.97176913872302,-90.42721796245263,-28.932451972519083
