b,exp_param,n,vm_param,pp_id,ll,AIC,agent_type
8.682778337658128,0.0195576259752321,1.280088574876889,4.863451109370319,5f35d61893a88f0023c8d60c,-82.90820836636844,173.81641673273688,null_model_1
