,exp_param,vm_param,pp_id,ll,AIC,agent_type
0,0.0072299298592879814,2.7925778375891652,5f36101b93a88f0023c90907,-101.335041,206.670082,null_model_2
