,attention_cost,exp_param,step_size,vm_param,pp_id,ll,AIC,agent_type
0,0.900525391936221,0.03754988066936089,0.025286561724734646,1.3983119106861652,5f361f5693a88f0023c90f72,-97.633606,203.267212,sparse_max_continuous
