,attention_cost,exp_param,step_size,vm_param,pp_id,ll,AIC,agent_type
0,18.603602296413552,0.07558964427435177,0.2606045722270196,3.0535154853489366,5f35e0a193a88f0023c8f986,-81.387989,170.775978,sparse_max_continuous
