,b,exp_param,n,vm_param,pp_id,ll,AIC,agent_type
0,2.5297096065591536,0.018463345777778722,3.8956104236514997,5.463927733373895,5f35d76793a88f0023c8d689,-69.63243459999998,147.26486919999996,null_model_1
