,attention_cost,exp_param,step_size,vm_param,pp_id,ll,AIC,agent_type
0,22.77992564197047,0.005079228896195784,0.009724844763637164,1.946785084200534,5f35d72493a88f0023c8d66f,-117.207403,242.414806,sparse_max_continuous
