,attention_cost,exp_param,step_size,vm_param,pp_id,ll,AIC,agent_type
0,8.180429851733027,0.02952234641855592,0.012730691226611912,9.427906800829005,5f35d6bc93a88f0023c8d64b,-38.067449,84.134898,sparse_max_continuous
