attention_cost,exp_param,vm_param,pp_id,ll,AIC,agent_type
73.23277422085144,0.0156995754538693,2.142280216744792,5f35d86c93a88f0023c8d7e9,-100.69463402442416,205.3892680488483,sparse_lqr
