attention_cost,exp_param,step_size,vm_param,pp_id,ll,AIC,agent_type
4.402676724513391,0.093246256174029,0.2793903170665063,3.4556072704304777,5f360ee993a88f0023c908e8,-87.00160765482497,182.00321530964996,sparse_max_continuous
