,attention_cost,exp_param,step_size,vm_param,pp_id,ll,AIC,agent_type
0,20.918231113108746,0.050392364446084845,0.03772008417304534,5.462717390965208,5f35e00093a88f0023c8f758,-75.431908,158.863816,sparse_max_continuous
