,attention_cost,exp_param,step_size,vm_param,pp_id,ll,AIC,agent_type
0,0.0,0.04139621095092243,0.21169375187140416,2.443638248745591,5f35d7da93a88f0023c8d703,-81.58562484791146,169.17124969582292,hill_climbing
