,exp_param,vm_param,pp_id,ll,AIC,agent_type
0,0.07998173781928737,1.5134522606659317,5f35dcae93a88f0023c8e7a3,-92.7663,189.5326,null_model_2
