,b,exp_param,n,vm_param,pp_id,ll,AIC,agent_type
0,2.756814249154097,0.017045855653641348,2.0279512780350863,2.1880801844247424,5f35d6aa93a88f0023c8d642,-105.62651449999998,219.25302899999997,null_model_1
