,attention_cost,exp_param,vm_param,pp_id,ll,AIC,agent_type
0,14.317328684998254,0.033859117997789824,0.9750402812411751,5f35d8b893a88f0023c8d833,-113.25755502963759,230.51511005927517,sparse_lqr
