,attention_cost,exp_param,step_size,vm_param,pp_id,ll,AIC,agent_type
0,0.0,0.09220488607049128,0.8154450490098036,2.7983017928784997,5f35e37d93a88f0023c8ffdc,-75.058337,156.116674,hill_climbing
