attention_cost,exp_param,step_size,vm_param,pp_id,ll,AIC,agent_type
9.69191413630524,0.0420900416989682,0.0069546564058466,8.974238413909937,5f360f1993a88f0023c908ea,-62.81932013009909,133.6386402601982,sparse_max_continuous
