,attention_cost,exp_param,step_size,vm_param,pp_id,ll,AIC,agent_type
0,0.0,0.070996673704767,0.05854130435092092,9.756741674012305,5f35d72593a88f0023c8d671,-48.64418812222977,103.28837624445954,hill_climbing
