attention_cost,exp_param,step_size,vm_param,pp_id,ll,AIC,agent_type
0.0,0.0173427862408832,0.3901358655157216,8.212479365100599,5f35d65393a88f0023c8d623,-60.48876821505408,126.97753643010816,hill_climbing
