,attention_cost,exp_param,vm_param,pp_id,ll,AIC,agent_type
0,63.803087930766225,0.06670633113773607,9.698568256358385,5f35d90b93a88f0023c8d8cf,-48.407206,102.814412,sparse_lqr
