,exp_param,vm_param,pp_id,ll,AIC,agent_type
0,0.0038665884337742615,1.3531148377842617,5f361f5693a88f0023c90f72,-124.840809,253.681618,lqr
