,exp_param,vm_param,pp_id,ll,AIC,agent_type
0,0.028627486772242368,1.9930581536938852,5f35d74293a88f0023c8d67c,-97.209391,198.418782,lqr
