,exp_param,vm_param,pp_id,ll,AIC,agent_type
0,0.0746505002402561,6.550538300745847,5f35d80393a88f0023c8d729,-56.936925,117.87385,null_model_2
