,attention_cost,exp_param,step_size,vm_param,pp_id,ll,AIC,agent_type
0,0.0,0.02405432144709468,0.3825984991065185,4.517138576482893,5f3626b693a88f0023c91063,-77.10018795644002,160.20037591288005,hill_climbing
