,exp_param,step_size,vm_param,pp_id,ll,AIC,agent_type
0,0.027409462762777104,0.23895767110650087,4.533148627647434,5f35e76793a88f0023c90491,-77.845342,161.690684,hill_climbing
