,attention_cost,exp_param,vm_param,pp_id,ll,AIC,agent_type
0,192.11705418373307,0.003528350489182021,1.6842511154892625,5f35dae093a88f0023c8de20,-120.80533451162881,245.61066902325763,sparse_lqr
