,attention_cost,exp_param,vm_param,pp_id,ll,AIC,agent_type
0,271.309908735457,0.08002813528696259,5.620983840795035,5f362dee93a88f0023c91131,-63.228884,132.457768,sparse_lqr
