,exp_param,step_size,vm_param,pp_id,ll,AIC,agent_type
0,0.01652863777051588,4.444046471734285e-09,7.659359961978118,5f35d94f93a88f0023c8d95c,-69.930023,145.860046,hill_climbing
