,attention_cost,exp_param,step_size,vm_param,pp_id,ll,AIC,agent_type
0,0.0,0.1273302953374541,1.2031337835652327,0.840819785216681,5f361f5693a88f0023c90f72,-100.2921,206.5842,hill_climbing
