attention_cost,exp_param,step_size,vm_param,pp_id,ll,AIC,agent_type
2.550024531710692,0.0187315127863636,0.2128870723401582,2.3419122069896456,5f35d9ad93a88f0023c8da5b,-91.90546612572663,191.81093225145327,sparse_max_discrete
