,exp_param,vm_param,pp_id,ll,AIC,agent_type
0,0.002277410203313964,1.3476042432401703,5f35d7a693a88f0023c8d6b2,-130.8297741804971,265.6595483609942,lqr
