,exp_param,vm_param,pp_id,ll,AIC,agent_type
0,0.03637650779031852,4.4300343771648985,5f360f1993a88f0023c908ea,-73.0791,150.1582,null_model_2
