b,exp_param,n,vm_param,pp_id,ll,AIC,agent_type
1.007942210037981,0.0166171161324959,2.3922721973683667,5.637924844445159,5f35df8293a88f0023c8f57b,-64.12093651202579,136.2418730240516,null_model_1
