,exp_param,vm_param,pp_id,ll,AIC,agent_type
0,0.04185067702187381,9.955890934978147,5f35d76793a88f0023c8d689,-50.239602,104.479204,null_model_2
