,attention_cost,exp_param,vm_param,pp_id,ll,AIC,agent_type
0,251.8461391511305,0.015034632208128212,3.4824453468768377,5f35d7f093a88f0023c8d716,-85.323939,174.647878,sparse_lqr
