,attention_cost,exp_param,step_size,vm_param,pp_id,ll,AIC,agent_type
0,0.0,0.001,0.7896117648956356,2.8417830093148995,5f35dba493a88f0023c8e193,-115.092852,238.185704,sparse_max_discrete
