attention_cost,exp_param,step_size,vm_param,pp_id,ll,AIC,agent_type
4.402676724513391,0.093246256174029,0.2793903170665063,3.4556072704304777,5f35d5d093a88f0023c8d5f7,-75.35461995127233,158.70923990254465,sparse_max_discrete
