b,exp_param,n,vm_param,pp_id,ll,AIC,agent_type
1.974126558149984,0.0271847758908415,1.1132259520831784,2.462110676030459,5f35d7f093a88f0023c8d716,-95.81586607705688,199.6317321541137,null_model_1
