,exp_param,vm_param,pp_id,ll,AIC,agent_type
0,0.003335951268314536,8.327594572265339,5f35da4f93a88f0023c8dc28,-83.08006093850005,170.1601218770001,null_model_2
