,exp_param,vm_param,pp_id,ll,AIC,agent_type
0,0.025704551995982004,3.2409190139903132,5f35e76793a88f0023c90491,-85.051879,174.103758,null_model_2
