,attention_cost,exp_param,step_size,vm_param,pp_id,ll,AIC,agent_type
0,12.494446606507498,0.041211696905387306,0.026732304120545614,9.95053642701663,5f35d77893a88f0023c8d691,-52.259276223554,112.518552447108,sparse_max_continuous
