,attention_cost,exp_param,step_size,vm_param,pp_id,ll,AIC,agent_type
0,14.284473535963706,0.014232808438059786,1.1390646949750352,2.0947876486734773,5f35e93693a88f0023c905d9,-99.7806793428536,207.5613586857072,sparse_max_discrete
