,attention_cost,exp_param,step_size,vm_param,pp_id,ll,AIC,agent_type
0,3.0170718221968422,0.3603357130187869,1.0306467003868331,1.7722526312885685,5f35dcae93a88f0023c8e7a3,-80.005208,168.010416,sparse_max_discrete
