,attention_cost,exp_param,vm_param,pp_id,ll,AIC,agent_type
0,259.991293752007,0.022478818917057403,2.309400295948063,5f35d71a93a88f0023c8d66c,-91.33767,186.67534,sparse_lqr
