,exp_param,vm_param,pp_id,ll,AIC,agent_type
0,0.02402673160507506,3.289735143004818,5f36107b93a88f0023c9090e,-84.589278,173.178556,null_model_2
