,attention_cost,exp_param,step_size,vm_param,pp_id,ll,AIC,agent_type
0,19.556528529345783,0.054458374050529806,0.042569176250691676,2.342889233817683,5f35d6b193a88f0023c8d648,-89.934571,187.869142,sparse_max_continuous
