,attention_cost,exp_param,step_size,vm_param,pp_id,ll,AIC,agent_type
0,0.0,0.09247831546506313,0.06408722736884687,3.300208217672104,5f35e00093a88f0023c8f758,-70.553912,147.107824,hill_climbing
