,attention_cost,exp_param,step_size,vm_param,pp_id,ll,AIC,agent_type
0,28.4412327088702,0.025638481949380173,0.023022918366447265,3.7321101265844403,5f3610a993a88f0023c90912,-81.540326,171.080652,sparse_max_continuous
