exp_param,vm_param,pp_id,ll,AIC,agent_type
0.0043060301378273,1.2161818359506238,5f35d82093a88f0023c8d751,-126.5248051679461,257.0496103358922,lqr
