,attention_cost,exp_param,step_size,vm_param,pp_id,ll,AIC,agent_type
0,12.094851023336782,0.014831936374855584,0.25066697705797164,6.2637204548444245,5f36107b93a88f0023c9090e,-70.285092,148.570184,sparse_max_continuous
