,attention_cost,exp_param,vm_param,pp_id,ll,AIC,agent_type
0,222.61429895089097,0.07480455016342563,2.607395381198585,5f362dee93a88f0023c91131,-80.7207361772294,165.4414723544588,sparse_lqr
