,attention_cost,exp_param,step_size,vm_param,pp_id,ll,AIC,agent_type
0,2.0330578863955493,0.0424892436844963,0.026867762507880588,8.583260626425057,5f35d64493a88f0023c8d61e,-56.233881,120.467762,sparse_max_continuous
