,exp_param,vm_param,pp_id,ll,AIC,agent_type
0,0.012330522455313055,4.002868415134774,5f35e09e93a88f0023c8f979,-86.863708,177.727416,lqr
