,attention_cost,exp_param,step_size,vm_param,pp_id,ll,AIC,agent_type
0,0.0,0.07835273465870762,0.8464084290440801,2.2268488832299127,5f35d74693a88f0023c8d67e,-83.443638,172.887276,hill_climbing
