,b,exp_param,n,vm_param,pp_id,ll,AIC,agent_type
0,0.041473117312401664,0.02869493752162067,2.426872529214911,6.063792652262501,5f360eea93a88f0023c908e9,-66.21162650000001,140.42325300000002,null_model_1
