,exp_param,vm_param,pp_id,ll,AIC,agent_type
0,0.0010757658587293053,1.1694062072103506,5f35d70093a88f0023c8d662,-141.077199,286.154398,lqr
