,attention_cost,exp_param,vm_param,pp_id,ll,AIC,agent_type
0,30.706913079186414,0.06913274591769546,8.308280123097163,5f35db9193a88f0023c8e13f,-52.31509012574688,108.63018025149375,sparse_lqr
