,attention_cost,exp_param,vm_param,pp_id,ll,AIC,agent_type
0,83.64242094537705,0.08416343199269379,7.934630670455547,5f35d6f793a88f0023c8d65f,-54.211822,114.423644,sparse_lqr
