,exp_param,vm_param,pp_id,ll,AIC,agent_type
0,0.0016042592858192173,1.5318116070333032,5f3626b693a88f0023c91063,-132.218463,268.436926,lqr
