,attention_cost,exp_param,vm_param,pp_id,ll,AIC,agent_type
0,57.67692900680317,0.05949895534270731,2.273788162133971,5f35d6f793a88f0023c8d65f,-79.0343,162.0686,sparse_lqr
