,exp_param,vm_param,pp_id,ll,AIC,agent_type
0,0.006984639994725861,2.215808067835159,5f35e94193a88f0023c905da,-107.31726032648692,218.63452065297383,null_model_2
