,attention_cost,exp_param,vm_param,pp_id,ll,AIC,agent_type
0,126.60142508597554,0.057765436012604185,1.850851173339666,5f35d71c93a88f0023c8d66e,-89.257884,184.515768,sparse_lqr
