attention_cost,exp_param,step_size,vm_param,pp_id,ll,AIC,agent_type
0.0,0.023192574916674,0.3945548680522358,4.201602453746311,5f35d5ea93a88f0023c8d5fd,-76.3429081920874,158.6858163841748,hill_climbing
