,exp_param,step_size,vm_param,pp_id,ll,AIC,agent_type
0,0.03263967756630916,0.16781332054116344,3.547813191748277,5f35d63393a88f0023c8d617,-75.652129,157.304258,hill_climbing
