,exp_param,vm_param,pp_id,ll,AIC,agent_type
0,0.01378235422512394,3.1426098297004534,5f35dc7593a88f0023c8e5d3,-91.550903,187.101806,null_model_2
