,attention_cost,exp_param,step_size,vm_param,pp_id,ll,AIC,agent_type
0,4.189961239620798,0.03119265045551171,0.011187294942133996,9.880965378046497,5f360f1993a88f0023c908ea,-65.0044,138.0088,sparse_max_continuous
