,attention_cost,exp_param,step_size,vm_param,pp_id,ll,AIC,agent_type
0,2.0030511427971898,0.0013318710415335614,0.20453120118424772,4.389233706049186,5f360ea493a88f0023c908e6,-112.66270410536067,233.32540821072135,sparse_max_discrete
