b,exp_param,n,vm_param,pp_id,ll,AIC,agent_type
2.955358227091596,0.0124023652229303,3.873646270165109,1.4951026784598076,5f35d83993a88f0023c8d78b,-105.18409749122202,218.36819498244404,null_model_1
