,exp_param,step_size,vm_param,pp_id,ll,AIC,agent_type
0,0.04915948330801821,0.13527666193059723,3.3888205448779782,5f35d70093a88f0023c8d662,-72.636265,151.27253,hill_climbing
