exp_param,vm_param,pp_id,ll,AIC,agent_type
0.0072111951940117,3.1941079127944807,5f35d7d693a88f0023c8d6f7,-97.83648660375866,199.6729732075173,lqr
