,attention_cost,exp_param,step_size,vm_param,pp_id,ll,AIC,agent_type
0,0.0,0.0529394559505833,0.8832867874378337,1.731906199720531,5f35d84893a88f0023c8d7af,-92.59237266015226,191.18474532030453,hill_climbing
