,attention_cost,exp_param,step_size,vm_param,pp_id,ll,AIC,agent_type
0,0.0,0.006750559690985009,0.07997223475599857,2.0548319376389736,5f35d7a693a88f0023c8d6b2,-114.7261,235.4522,hill_climbing
