exp_param,vm_param,pp_id,ll,AIC,agent_type
0.0184839779322648,1.957378849110789,5f35d83993a88f0023c8d78b,-100.11900604400176,204.23801208800356,null_model_2
