,attention_cost,exp_param,step_size,vm_param,pp_id,ll,AIC,agent_type
0,22.27009649023565,0.05451569550142609,0.14275205369927274,9.56883349879892,5f360f1993a88f0023c908ea,-46.197842,100.395684,sparse_max_discrete
