b,exp_param,n,vm_param,pp_id,ll,AIC,agent_type
1.0246722966400386,0.1043263368894336,4.780217566303824,2.514949207837626,5f35d73d93a88f0023c8d679,-91.26846588209489,190.53693176418977,null_model_1
