,b,exp_param,n,vm_param,pp_id,ll,AIC,agent_type
0,0.03279078457535389,0.0519989499655429,4.548741128077537,2.588807810886775,5f35d84893a88f0023c8d7af,-82.8329596,173.6659192,null_model_1
