attention_cost,exp_param,step_size,vm_param,pp_id,ll,AIC,agent_type
11.109149082588289,0.1396490905020075,0.8699310806826787,2.9837181324208557,5f361ea793a88f0023c90f71,-76.67008132666176,161.34016265332352,sparse_max_discrete
