,attention_cost,exp_param,vm_param,pp_id,ll,AIC,agent_type
0,288.91044699489555,0.002558759615512581,2.348464199269137,5f35d72493a88f0023c8d66f,-115.756057,237.512114,sparse_lqr
