,attention_cost,exp_param,vm_param,pp_id,ll,AIC,agent_type
0,26.085226237369064,0.029909953904076688,3.45680309770354,5f35d8e393a88f0023c8d887,-81.91718,167.83436,sparse_lqr
