exp_param,vm_param,pp_id,ll,AIC,agent_type
0.0126159590843552,0.3113569333941257,5f35d85593a88f0023c8d7c5,-126.06708445343624,256.1341689068725,lqr
