,exp_param,step_size,vm_param,pp_id,ll,AIC,agent_type
0,0.02053020811841592,0.0901523903240279,3.9275482161251496,5f35d76593a88f0023c8d688,-81.138309,168.276618,hill_climbing
