,attention_cost,exp_param,vm_param,pp_id,ll,AIC,agent_type
0,10.595960917420593,0.0221458131238326,0.951013591623457,5f35d8b893a88f0023c8d833,-112.95026674722347,229.90053349444693,sparse_lqr
