attention_cost,exp_param,step_size,vm_param,pp_id,ll,AIC,agent_type
0.0,0.2147731971419278,0.2723905329282496,3.422813351572901,5f35d73d93a88f0023c8d679,-65.33966106127218,136.67932212254436,hill_climbing
