,attention_cost,exp_param,step_size,vm_param,pp_id,ll,AIC,agent_type
0,26.036994387454495,0.08476633994083044,0.0035495061257257987,3.574557074373945,5f35e00093a88f0023c8f758,-72.584819,153.169638,sparse_max_discrete
