,attention_cost,exp_param,step_size,vm_param,pp_id,ll,AIC,agent_type
0,15.87366135207136,0.0827495529980277,0.03315543303629387,2.4596500293607857,5f35e00093a88f0023c8f758,-85.984105,179.96821,sparse_max_discrete
