,exp_param,step_size,vm_param,pp_id,ll,AIC,agent_type
0,0.01996595259780175,1.2404183772102076e-09,3.2183200706568282,5f35df1293a88f0023c8f3db,-86.833638,179.667276,hill_climbing
