,exp_param,vm_param,pp_id,ll,AIC,agent_type
0,0.014020019064481068,1.2316341595167057,5f35d6aa93a88f0023c8d642,-114.265056,232.530112,lqr
