,attention_cost,exp_param,step_size,vm_param,pp_id,ll,AIC,agent_type
0,7.125375807864859,0.02560262129042884,1.0324364850990988,1.469634827218298,5f35d8b893a88f0023c8d833,-105.407329,218.814658,sparse_max_discrete
