,attention_cost,exp_param,step_size,vm_param,pp_id,ll,AIC,agent_type
0,0.0,0.09695742676465034,0.4861275729209554,8.265525931910627,5f35d6f793a88f0023c8d65f,-49.126832,104.253664,hill_climbing
