,attention_cost,exp_param,step_size,vm_param,pp_id,ll,AIC,agent_type
0,0.0,0.10208158823629258,0.2577627809725997,9.765149606114436,5f35d76793a88f0023c8d689,-42.1408,90.2816,hill_climbing
