,exp_param,vm_param,pp_id,ll,AIC,agent_type
0,0.08126147508270258,9.998897961640598,5f35d97e93a88f0023c8d9d4,-28.420436,60.840872,null_model_2
