,attention_cost,exp_param,step_size,vm_param,pp_id,ll,AIC,agent_type
0,24.011170262813334,0.013591216452462255,0.11572576895535264,1.8539167335094064,5f35d6aa93a88f0023c8d642,-104.548368,217.096736,sparse_max_continuous
