,exp_param,vm_param,pp_id,ll,AIC,agent_type
0,0.056268145384660954,9.129523950237212,5f35d7d693a88f0023c8d6f7,-52.525282,109.050564,null_model_2
