,attention_cost,exp_param,vm_param,pp_id,ll,AIC,agent_type
0,30.287850942574014,0.03444313075093487,4.965758630437625,5f35d6af93a88f0023c8d646,-71.07348821929708,146.14697643859415,sparse_lqr
