,exp_param,vm_param,pp_id,ll,AIC,agent_type
0,0.006148639742370597,1.3827479670610854,5f35e0a193a88f0023c8f986,-119.591752,243.183504,lqr
