,attention_cost,exp_param,step_size,vm_param,pp_id,ll,AIC,agent_type
0,0.0,0.04509361264482944,0.37953365825163765,9.867620577986864,5f35d7d393a88f0023c8d6f4,-44.753393,95.506786,hill_climbing
