,attention_cost,exp_param,vm_param,pp_id,ll,AIC,agent_type
0,114.63781478394853,0.014338643306064294,3.453706500145163,5f35d72b93a88f0023c8d674,-85.7534,175.5068,sparse_lqr
