,attention_cost,exp_param,step_size,vm_param,pp_id,ll,AIC,agent_type
0,3.5245781013823594,0.07715293221135933,1.4307679208568636,3.312931149500261,5f362dee93a88f0023c91131,-66.903831,141.807662,sparse_max_discrete
