,attention_cost,exp_param,step_size,vm_param,pp_id,ll,AIC,agent_type
0,25.937035002218757,0.007072228090336835,0.1574846715667258,2.398174393045255,5f35d9ad93a88f0023c8da5b,-96.532101,201.064202,sparse_max_continuous
