,exp_param,vm_param,pp_id,ll,AIC,agent_type
0,0.03569895201708811,3.399180872482325,5f35d74693a88f0023c8d67e,-79.46398927663884,162.92797855327768,null_model_2
