,exp_param,step_size,vm_param,pp_id,ll,AIC,agent_type
0,0.023913323930388128,0.3701480370651667,2.3508600578248675,5f35d9ad93a88f0023c8da5b,-94.746884,195.493768,hill_climbing
