,exp_param,step_size,vm_param,pp_id,ll,AIC,agent_type
0,0.1130803695387545,0.3575133244981994,7.530899849543558,5f35d80393a88f0023c8d729,-50.241229,106.482458,hill_climbing
