,attention_cost,exp_param,step_size,vm_param,pp_id,ll,AIC,agent_type
0,28.7511399709677,0.0015487587765683798,0.8810157697892702,2.4263983665936815,5f360ea493a88f0023c908e6,-114.261422,236.522844,sparse_max_discrete
