,exp_param,vm_param,pp_id,ll,AIC,agent_type
0,0.03815949639129363,1.2995483650927364,5f35da6493a88f0023c8dc69,-103.122127,210.244254,lqr
