b,exp_param,n,vm_param,pp_id,ll,AIC,agent_type
1.974126558149984,0.0271847758908415,1.1132259520831784,2.462110676030459,5f360f1993a88f0023c908ea,-87.81337515281682,183.62675030563364,null_model_1
