,attention_cost,exp_param,step_size,vm_param,pp_id,ll,AIC,agent_type
0,18.67029263109931,0.01010537904861361,0.07307291025284846,3.4489917748537655,5f35d81193a88f0023c8d742,-85.17846,178.35692,sparse_max_discrete
