,attention_cost,exp_param,step_size,vm_param,pp_id,ll,AIC,agent_type
0,23.918816207109217,0.003587397197891671,0.7177415422036337,1.6793339356671189,5f35dae093a88f0023c8de20,-127.039427,262.078854,sparse_max_continuous
