,attention_cost,exp_param,vm_param,pp_id,ll,AIC,agent_type
0,126.17655150901022,0.07258841590170019,1.9313037203554129,5f35d71c93a88f0023c8d66e,-88.845184,183.690368,sparse_lqr
