,exp_param,step_size,vm_param,pp_id,ll,AIC,agent_type
0,0.04558214887134977,0.12960299452540153,9.952792151345779,5f360f1993a88f0023c908ea,-48.703712,103.407424,hill_climbing
