,exp_param,vm_param,pp_id,ll,AIC,agent_type
0,0.030830415746493325,1.3807792073185432,5f35d60a93a88f0023c8d608,-103.9864,211.9728,lqr
