,attention_cost,exp_param,step_size,vm_param,pp_id,ll,AIC,agent_type
0,7.357762326399771,0.02955176811956977,0.007257111661127025,9.40947813924623,5f360f1993a88f0023c908ea,-64.317584,136.635168,sparse_max_continuous
