,exp_param,vm_param,pp_id,ll,AIC,agent_type
0,0.002073358320105154,1.5205584869819255,5f35e00093a88f0023c8f758,-129.877277,263.754554,lqr
