,exp_param,vm_param,pp_id,ll,AIC,agent_type
0,0.0038299257308116786,0.6295563297354323,5f35d81193a88f0023c8d742,-136.050333,276.100666,lqr
