,attention_cost,exp_param,step_size,vm_param,pp_id,ll,AIC,agent_type
0,18.86598031475802,0.021061859750078474,0.02913313812511259,3.4513103699530245,5f35df1293a88f0023c8f3db,-86.63610164626564,181.2722032925313,sparse_max_discrete
