,exp_param,vm_param,pp_id,ll,AIC,agent_type
0,0.003609018630843121,1.174558677605253,5f35d62693a88f0023c8d611,-128.891457,261.782914,lqr
