,attention_cost,exp_param,vm_param,pp_id,ll,AIC,agent_type
0,76.46802913925987,0.09610347203324732,6.346881053427581,5f35d64493a88f0023c8d61e,-60.585258,127.170516,sparse_lqr
