,exp_param,vm_param,pp_id,ll,AIC,agent_type
0,0.017567814239581814,1.9473295626721288,5f35d94f93a88f0023c8d95c,-100.9643,205.9286,null_model_2
