attention_cost,exp_param,vm_param,pp_id,ll,AIC,agent_type
28.708959872619644,0.0310248072728727,5.621523532923243,5f35d78493a88f0023c8d69f,-68.3387447044608,140.6774894089216,sparse_lqr
