attention_cost,exp_param,step_size,vm_param,pp_id,ll,AIC,agent_type
0.0,0.0208872679022248,0.2709004511177316,8.192040606736029,5f35d90c93a88f0023c8d8d0,-56.44864670685914,118.89729341371827,hill_climbing
