,exp_param,vm_param,pp_id,ll,AIC,agent_type
0,0.27093423583623905,5.226313760393785,5f360ff993a88f0023c90904,-49.0059,102.0118,null_model_2
