,attention_cost,exp_param,step_size,vm_param,pp_id,ll,AIC,agent_type
0,0.0,0.013494523286811947,0.4854624998982806,5.776160016328246,5f35d68993a88f0023c8d637,-80.804584,167.609168,hill_climbing
