exp_param,vm_param,pp_id,ll,AIC,agent_type
0.0039865570330526,0.2324091340891321,5f35e11793a88f0023c8fa8c,-138.1926666723901,280.3853333447802,lqr
