,exp_param,vm_param,pp_id,ll,AIC,agent_type
0,0.005197594184759479,0.7977594535258947,5f35e94193a88f0023c905da,-130.83575242298244,265.6715048459649,lqr
