,attention_cost,exp_param,vm_param,pp_id,ll,AIC,agent_type
0,206.33100820147274,0.04672335892524395,9.98434826772655,5f35d88193a88f0023c8d7ff,-48.717405,103.43481,sparse_lqr
