,attention_cost,exp_param,step_size,vm_param,pp_id,ll,AIC,agent_type
0,2.661504279762651,0.004069554395945098,0.004722418018257568,9.158760907861602,5f35da4f93a88f0023c8dc28,-65.434403,138.868806,sparse_max_discrete
