,b,exp_param,n,vm_param,pp_id,ll,AIC,agent_type
0,3.8191733781643915,0.010685524917026453,1.0473057592108481,4.097113928184032,5f35d83093a88f0023c8d771,-83.42867439999999,174.85734879999998,null_model_1
