,attention_cost,exp_param,step_size,vm_param,pp_id,ll,AIC,agent_type
0,28.277186055636715,0.022143833006836887,0.018828600283535224,9.741137407564734,5f35d76593a88f0023c8d688,-61.3879,130.7758,sparse_max_discrete
