,attention_cost,exp_param,vm_param,pp_id,ll,AIC,agent_type
0,27.55456951138957,0.08266467677605503,6.728275764494272,5f35db9193a88f0023c8e13f,-52.4044,108.8088,sparse_lqr
