,attention_cost,exp_param,step_size,vm_param,pp_id,ll,AIC,agent_type
0,0.0,0.009777115686983383,0.16735137365799774,4.065107882658033,5f35d72b93a88f0023c8d674,-89.97273610947914,185.9454722189583,hill_climbing
