,attention_cost,exp_param,step_size,vm_param,pp_id,ll,AIC,agent_type
0,13.722920646159672,0.024648603977889334,0.08026778850930039,1.7722727825994478,5f35d6aa93a88f0023c8d642,-105.475342,218.950684,sparse_max_continuous
