,attention_cost,exp_param,step_size,vm_param,pp_id,ll,AIC,agent_type
0,0.0,0.03776726272222818,0.0,4.996899395758855,5f3610a993a88f0023c90912,-80.41733330326831,166.83466660653662,hill_climbing
