,b,exp_param,n,vm_param,pp_id,ll,AIC,agent_type
0,1.9741265581499838,0.027184775890841558,1.1132259520831784,2.462110676030459,5f35da2c93a88f0023c8db97,-79.44872186610648,166.89744373221296,null_model_1
