,exp_param,vm_param,pp_id,ll,AIC,agent_type
0,0.025248797600293773,0.6067840903517274,5f35e37d93a88f0023c8ffdc,-118.02504358546119,240.05008717092238,lqr
