exp_param,vm_param,pp_id,ll,AIC,agent_type
0.0041356812618002,1.960583024708391,5f35d68993a88f0023c8d637,-116.04151932675532,236.08303865351064,lqr
