,exp_param,vm_param,pp_id,ll,AIC,agent_type
0,0.0026156612195532155,1.7480136416262182,5f35df8293a88f0023c8f57b,-123.632274,251.264548,lqr
