,attention_cost,exp_param,vm_param,pp_id,ll,AIC,agent_type
0,65.70474846039438,0.013226334205673852,3.863937230333623,5f35d68993a88f0023c8d637,-88.55540882053354,181.1108176410671,sparse_lqr
