,b,exp_param,n,vm_param,pp_id,ll,AIC,agent_type
0,13.229327702389696,0.008462594247469762,1.3643483727404244,3.641848203646841,5f35dc7593a88f0023c8e5d3,-88.20024939999999,184.40049879999998,null_model_1
