,attention_cost,exp_param,step_size,vm_param,pp_id,ll,AIC,agent_type
0,4.3082099362262785,0.08411943379943967,0.5988279080286807,7.969622519799001,5f35d80393a88f0023c8d729,-57.52924509250107,123.05849018500214,sparse_max_discrete
