,attention_cost,exp_param,step_size,vm_param,pp_id,ll,AIC,agent_type
0,1.7265186098409313,0.035658129011627994,0.16186000921205268,8.966996198183791,5f35d64493a88f0023c8d61e,-54.0194,116.0388,sparse_max_continuous
