,exp_param,step_size,vm_param,pp_id,ll,AIC,agent_type
0,0.03235021942232418,0.2940513970775777,1.92472442503703,5f35d71a93a88f0023c8d66c,-95.921933,197.843866,hill_climbing
