,attention_cost,exp_param,step_size,vm_param,pp_id,ll,AIC,agent_type
0,0.0,0.005388600942216181,0.7244892565971119,1.7448785797927147,5f35d7a693a88f0023c8d6b2,-116.702879,239.405758,hill_climbing
