,attention_cost,exp_param,vm_param,pp_id,ll,AIC,agent_type
0,11.15987402556755,0.056197901401109376,3.330353939357533,5f35d7da93a88f0023c8d703,-75.596986,157.193972,sparse_lqr
