,exp_param,vm_param,pp_id,ll,AIC,agent_type
0,0.04872227635864839,1.876475450210604,5f361f5693a88f0023c90f72,-92.539396,189.078792,null_model_2
