,attention_cost,exp_param,step_size,vm_param,pp_id,ll,AIC,agent_type
0,0.0,0.03040632823539723,0.1395124829430462,3.298048276675308,5f3610a993a88f0023c90912,-84.138283,174.276566,hill_climbing
