,b,exp_param,n,vm_param,pp_id,ll,AIC,agent_type
0,29.43509740025144,0.0034550283655141495,1.0018967577944125,1.2153971109550754,5f35dae093a88f0023c8de20,-133.33356270000002,274.66712540000003,null_model_1
