,attention_cost,exp_param,step_size,vm_param,pp_id,ll,AIC,agent_type
0,0.0,0.0017958871186285997,0.9889881308125401,2.4404498547628997,5f360ea493a88f0023c908e6,-117.241146,240.482292,hill_climbing
