,attention_cost,exp_param,step_size,vm_param,pp_id,ll,AIC,agent_type
0,0.0,0.03999244727757185,0.1669191396638401,5.099123199198865,5f35d90c93a88f0023c8d8d0,-69.532982,145.065964,hill_climbing
