,exp_param,vm_param,pp_id,ll,AIC,agent_type
0,0.008083632016674277,1.3328183974531738,5f35d62993a88f0023c8d613,-119.041265,242.08253,null_model_2
