,b,exp_param,n,vm_param,pp_id,ll,AIC,agent_type
0,1.4454780604951534,0.013838657239624335,2.7483841115170966,8.56862101728193,5f35db0b93a88f0023c8ded5,-66.78107560000001,141.56215120000002,null_model_1
