,b,exp_param,n,vm_param,pp_id,ll,AIC,agent_type
0,3.576043580485824,0.011748553119650642,4.936085909123195,7.331463435400451,5f35dafe93a88f0023c8de97,-59.616516000000004,127.23303200000001,null_model_1
