,exp_param,vm_param,pp_id,ll,AIC,agent_type
0,0.004872834014713497,2.7943847089193907,5f35da2c93a88f0023c8db97,-104.097875,212.19575,lqr
