,attention_cost,exp_param,vm_param,pp_id,ll,AIC,agent_type
0,27.937389209341525,0.033553494305352774,4.046376889858893,5f35d6af93a88f0023c8d646,-71.526197,147.052394,sparse_lqr
