attention_cost,exp_param,step_size,vm_param,pp_id,ll,AIC,agent_type
24.43857543784966,0.0550595466636758,0.1957660070088989,8.424458099564136,5f35d77893a88f0023c8d691,-50.554916624245365,109.10983324849072,sparse_max_discrete
