,attention_cost,exp_param,vm_param,pp_id,ll,AIC,agent_type
0,29.832168874676768,0.115919977038196,3.734071317371953,5f35e11793a88f0023c8fa8c,-67.292213,140.584426,sparse_lqr
