,exp_param,vm_param,pp_id,ll,AIC,agent_type
0,0.09045796213964839,2.645727450871603,5f35d74293a88f0023c8d67c,-77.1281,158.2562,null_model_2
