,attention_cost,exp_param,step_size,vm_param,pp_id,ll,AIC,agent_type
0,7.854635039183696,0.16598669142844358,0.8755107647026001,2.8240234378158027,5f35d60393a88f0023c8d605,-77.384011,162.768022,sparse_max_discrete
