b,exp_param,n,vm_param,pp_id,ll,AIC,agent_type
14.010088856146906,0.0164281883108181,3.69799537664903,5.514688358127765,5f35db0c93a88f0023c8deda,-89.2370737704701,186.4741475409402,null_model_1
