,exp_param,vm_param,pp_id,ll,AIC,agent_type
0,0.021848482573659227,0.40576860542813287,5f35d5ee93a88f0023c8d5fe,-119.6951,243.3902,lqr
