,attention_cost,exp_param,step_size,vm_param,pp_id,ll,AIC,agent_type
0,0.0,0.00791361475639222,0.000563265163078086,3.3696119502278963,5f36101b93a88f0023c90907,-99.603022,205.206044,hill_climbing
