attention_cost,exp_param,step_size,vm_param,pp_id,ll,AIC,agent_type
6.941115575863595,0.0465214458073014,0.0585087471917524,2.9709219881237683,5f35d71a93a88f0023c8d66c,-86.31005463877639,180.6201092775528,sparse_max_continuous
