,b,exp_param,n,vm_param,pp_id,ll,AIC,agent_type
0,4.45656019244126,0.07439318770576321,1.0589751635997877,9.71820072977926,5f35d97e93a88f0023c8d9d4,-36.85578014048926,81.71156028097852,null_model_1
