,attention_cost,exp_param,step_size,vm_param,pp_id,ll,AIC,agent_type
0,0.0,0.04818447404121981,0.6339790427889124,3.8999733866078214,5f35d77893a88f0023c8d690,-76.891944,159.783888,hill_climbing
