,attention_cost,exp_param,vm_param,pp_id,ll,AIC,agent_type
0,178.31223747034667,0.026389098391683484,2.4404538116921035,5f35d65893a88f0023c8d625,-87.6885,179.377,sparse_lqr
