,attention_cost,exp_param,step_size,vm_param,pp_id,ll,AIC,agent_type
0,27.843411416796236,0.05983182052527306,0.06325591438850181,2.5426585396826837,5f35e0a193a88f0023c8f986,-74.81199539847847,157.62399079695695,sparse_max_continuous
