,b,exp_param,n,vm_param,pp_id,ll,AIC,agent_type
0,1.8691554293879733,0.017792266912439087,2.8046625976269093,1.5020233806898575,5f35d65d93a88f0023c8d629,-117.2271121,242.4542242,null_model_1
