,attention_cost,exp_param,step_size,vm_param,pp_id,ll,AIC,agent_type
0,16.322273951223373,0.08882656673322668,0.05960655931939757,4.331800625792078,5f35d63193a88f0023c8d616,-72.93060254649515,153.8612050929903,sparse_max_continuous
