,b,exp_param,n,vm_param,pp_id,ll,AIC,agent_type
0,10.87443172751476,0.014813645178266409,3.0268290554036468,2.975245409999573,5f35d86c93a88f0023c8d7e9,-99.12502759999998,206.25005519999996,null_model_1
