,attention_cost,exp_param,step_size,vm_param,pp_id,ll,AIC,agent_type
0,13.628199550686679,0.004007864973545128,0.3913059572911406,1.3293144536997503,5f35d7a693a88f0023c8d6b2,-116.375195,240.75039,sparse_max_continuous
