,attention_cost,exp_param,step_size,vm_param,pp_id,ll,AIC,agent_type
0,23.829047458778913,0.08946437055962694,0.003252937458081584,2.4712404808108754,5f361ea793a88f0023c90f71,-86.117139,180.234278,sparse_max_continuous
