,attention_cost,exp_param,step_size,vm_param,pp_id,ll,AIC,agent_type
0,22.333409135285887,0.0547145618342206,0.015564930245149489,9.792314447698326,5f35db9193a88f0023c8e13f,-40.130407,88.260814,sparse_max_discrete
