,attention_cost,exp_param,step_size,vm_param,pp_id,ll,AIC,agent_type
0,0.0,0.015993588332378253,0.08227854261067025,3.2847796575861423,5f35df1293a88f0023c8f3db,-86.8843663649739,179.7687327299478,hill_climbing
