,attention_cost,exp_param,step_size,vm_param,pp_id,ll,AIC,agent_type
0,0.0,0.04500564455030175,0.056616454229942825,5.915128697106607,5f35d6af93a88f0023c8d646,-64.798903,135.597806,hill_climbing
