b,exp_param,n,vm_param,pp_id,ll,AIC,agent_type
2.6842724690373045,0.0116020908758411,1.4906505201537588,4.785371862012698,5f35d7fa93a88f0023c8d725,-74.79276591696166,157.5855318339233,null_model_1
