,attention_cost,exp_param,vm_param,pp_id,ll,AIC,agent_type
0,80.15193414070966,0.06088661711013942,8.134852088506603,5f35d76793a88f0023c8d689,-51.069125,108.13825,sparse_lqr
