,exp_param,vm_param,pp_id,ll,AIC,agent_type
0,0.019193945733139893,4.113337904824068,5f35dc9193a88f0023c8e6bd,-80.6466,165.2932,null_model_2
