,attention_cost,exp_param,step_size,vm_param,pp_id,ll,AIC,agent_type
0,0.0,0.18374213858984909,0.07859481384545086,9.62152653745207,5f360ff993a88f0023c90904,-36.348345351853425,78.69669070370685,hill_climbing
