,b,exp_param,n,vm_param,pp_id,ll,AIC,agent_type
0,2.8767075287391752,0.010685524917026453,1.0473057592108481,4.097113928184032,5f35e94193a88f0023c905da,-107.41943509999999,222.83887019999997,null_model_1
