,attention_cost,exp_param,step_size,vm_param,pp_id,ll,AIC,agent_type
0,20.01792194358298,0.011678358281359894,0.31193928594752257,7.831625737966256,5f35d65393a88f0023c8d623,-70.396956,148.793912,sparse_max_discrete
