,attention_cost,exp_param,vm_param,pp_id,ll,AIC,agent_type
0,181.29856002530846,0.053018043755550866,9.94550545939923,5f35d6bc93a88f0023c8d64b,-34.9198,73.8396,sparse_lqr
