,exp_param,vm_param,pp_id,ll,AIC,agent_type
0,0.004876234315946125,1.9457515099879164,5f3612ca93a88f0023c909a0,-114.815397,233.630794,lqr
