,b,exp_param,n,vm_param,pp_id,ll,AIC,agent_type
0,1.0085403748379074,0.06651273395520887,2.183753664256003,5.790351207950605,5f35d5d093a88f0023c8d5f7,-62.056120699999994,132.1122414,null_model_1
