,exp_param,vm_param,pp_id,ll,AIC,agent_type
0,0.005286020267161692,2.8674210273439993,5f35d76593a88f0023c8d688,-105.507115,215.01423,lqr
