,exp_param,step_size,vm_param,pp_id,ll,AIC,agent_type
0,0.07764923196104354,0.1692964330359649,4.74839728265789,5f361ea793a88f0023c90f71,-65.538941,137.077882,hill_climbing
