attention_cost,exp_param,vm_param,pp_id,ll,AIC,agent_type
279.5916207590512,0.0149376214026214,2.3436208612142053,5f35d61893a88f0023c8d60c,-88.6552780002389,181.3105560004778,sparse_lqr
