,attention_cost,exp_param,step_size,vm_param,pp_id,ll,AIC,agent_type
0,17.797756071580682,0.06872642433429776,0.1669094911629898,5.713797202166044,5f35d7d693a88f0023c8d6f7,-65.115136,138.230272,sparse_max_discrete
