,attention_cost,exp_param,vm_param,pp_id,ll,AIC,agent_type
0,66.55646687732131,0.03638760934172018,3.442169062591062,5f35df8793a88f0023c8f599,-78.816637,161.633274,sparse_lqr
