b,exp_param,n,vm_param,pp_id,ll,AIC,agent_type
1.6849300019849798,0.0711142449703837,4.806070751643776,1.6489710121792378,5f35d5d093a88f0023c8d5f7,-84.22881832458076,176.45763664916151,null_model_1
