,exp_param,vm_param,pp_id,ll,AIC,agent_type
0,0.001,1.8885088053707773,5f35e70693a88f0023c90462,-223.621349,451.242698,lqr
