,attention_cost,exp_param,vm_param,pp_id,ll,AIC,agent_type
0,211.60344620060417,0.029357786047585967,4.213388377112301,5f35d65893a88f0023c8d625,-76.036446,158.072892,sparse_lqr
