,attention_cost,exp_param,step_size,vm_param,pp_id,ll,AIC,agent_type
0,0.05199545425570662,0.0424468645214686,0.6762650683110765,2.225114342743537,5f35d83993a88f0023c8d78b,-94.69714305864194,197.39428611728388,sparse_max_continuous
