,exp_param,vm_param,pp_id,ll,AIC,agent_type
0,0.018559977794511746,3.4003089832949285,5f35df1293a88f0023c8f3db,-86.772938,177.545876,null_model_2
