,attention_cost,exp_param,step_size,vm_param,pp_id,ll,AIC,agent_type
0,16.242437371151436,0.03653760407145243,0.06130970536444602,4.611867170707788,5f35d74693a88f0023c8d67e,-79.7266,167.4532,sparse_max_continuous
