,attention_cost,exp_param,vm_param,pp_id,ll,AIC,agent_type
0,237.55574902986623,0.08298811764836636,2.6388824062403824,5f35d74293a88f0023c8d67c,-77.165925,158.33185,sparse_lqr
