,exp_param,step_size,vm_param,pp_id,ll,AIC,agent_type
0,0.03491146130212378,0.4222047719141949,4.260350242828732,5f35d63393a88f0023c8d617,-75.573981,157.147962,hill_climbing
