,attention_cost,exp_param,vm_param,pp_id,ll,AIC,agent_type
0,77.9224332669626,0.021905440372916876,3.4276695739041054,5f35d83993a88f0023c8d78b,-84.597263,175.194526,sparse_lqr
