,exp_param,vm_param,pp_id,ll,AIC,agent_type
0,0.06018445506954062,2.1821620656130456,5f35d79b93a88f0023c8d6aa,-86.463193,176.926386,null_model_2
