,exp_param,vm_param,pp_id,ll,AIC,agent_type
0,0.01900919237852713,1.9598752268016129,5f35d9ad93a88f0023c8da5b,-100.0897,204.1794,null_model_2
