,attention_cost,exp_param,step_size,vm_param,pp_id,ll,AIC,agent_type
0,13.08195316673945,0.12686114728040154,1.4387549627506864,4.171729277658636,5f35d74693a88f0023c8d67e,-68.4317,144.8634,sparse_max_discrete
