,attention_cost,exp_param,step_size,vm_param,pp_id,ll,AIC,agent_type
0,0.0,0.09521829765487767,0.2602943498258288,9.95788420557307,5f35d76793a88f0023c8d689,-41.820189,89.640378,hill_climbing
