,attention_cost,exp_param,vm_param,pp_id,ll,AIC,agent_type
0,67.89580067393304,0.05146035507157335,7.294978798824622,5f362fb593a88f0023c91191,-64.2546,132.5092,sparse_lqr
