,b,exp_param,n,vm_param,pp_id,ll,AIC,agent_type
0,2.1962699100290175,0.01002998884759182,4.033204885336259,3.258821526132233,5f35df1293a88f0023c8f3db,-96.02946929999999,200.05893859999998,null_model_1
