,attention_cost,exp_param,step_size,vm_param,pp_id,ll,AIC,agent_type
0,17.56499987016317,0.10043836048162137,0.6923817807318051,2.1026099069550486,5f361ea793a88f0023c90f71,-75.029818463834,158.059636927668,sparse_max_discrete
