b,exp_param,n,vm_param,pp_id,ll,AIC,agent_type
1.0206757559687851,0.1062104508629557,2.376679946524904,2.7773786787188346,5f35dfdb93a88f0023c8f6da,-83.37489315382278,174.74978630764556,null_model_1
