,attention_cost,exp_param,step_size,vm_param,pp_id,ll,AIC,agent_type
0,0.0,0.03137988628025775,0.43879341681890904,2.0393357686500693,5f35e76793a88f0023c90491,-93.99772111980349,193.99544223960697,hill_climbing
