,attention_cost,exp_param,step_size,vm_param,pp_id,ll,AIC,agent_type
0,8.206119794409446,0.27372728078774267,1.0162906770645175,1.2741301101545381,5f35dcae93a88f0023c8e7a3,-81.36789325046784,170.7357865009357,sparse_max_discrete
