,b,exp_param,n,vm_param,pp_id,ll,AIC,agent_type
0,2.3169601936565645,0.05294325369964582,1.0952256256569592,3.8285300059932426,5f35d60a93a88f0023c8d608,-80.80946259999999,169.61892519999998,null_model_1
