,attention_cost,exp_param,step_size,vm_param,pp_id,ll,AIC,agent_type
0,0.0,0.06452687379558643,0.016527211495654948,5.672263464967453,5f35d6b193a88f0023c8d648,-65.54659807800472,137.09319615600944,hill_climbing
