,exp_param,vm_param,pp_id,ll,AIC,agent_type
0,0.038715271927756784,1.119410358199432,5f35da6493a88f0023c8dc69,-105.850964,215.701928,lqr
