,attention_cost,exp_param,step_size,vm_param,pp_id,ll,AIC,agent_type
0,19.417266187550485,0.00951728864898635,0.0233335819668804,9.991897836906887,5f35d78293a88f0023c8d697,-54.295202,116.590404,sparse_max_continuous
