,exp_param,step_size,vm_param,pp_id,ll,AIC,agent_type
0,0.014781369931209324,0.07390516564865285,2.5884109888816376,5f35d86c93a88f0023c8d7e9,-99.696069,205.392138,hill_climbing
