,exp_param,vm_param,pp_id,ll,AIC,agent_type
0,0.06657501246042048,9.99999968037416,5f35d72593a88f0023c8d671,-29.028729,62.057458,null_model_2
