,exp_param,step_size,vm_param,pp_id,ll,AIC,agent_type
0,0.07375887206856571,0.32663966295953173,9.893374307130362,5f35db9193a88f0023c8e13f,-37.130726,80.261452,hill_climbing
