,exp_param,step_size,vm_param,pp_id,ll,AIC,agent_type
0,0.07310431918755037,0.7024098721647122,1.6796453784657694,5f35d71c93a88f0023c8d66e,-90.792027,187.584054,hill_climbing
