,exp_param,vm_param,pp_id,ll,AIC,agent_type
0,0.008302880954807927,2.2296406645994815,5f35d62993a88f0023c8d613,-106.142998,216.285996,null_model_2
