,attention_cost,exp_param,step_size,vm_param,pp_id,ll,AIC,agent_type
0,28.91260193478973,0.017590820556472566,0.09177068152982243,8.31559714493341,5f35d81193a88f0023c8d742,-84.777969,177.555938,sparse_max_continuous
