,exp_param,vm_param,pp_id,ll,AIC,agent_type
0,0.0031489424691346843,8.5595571641115,5f35da4f93a88f0023c8dc28,-83.06470751302301,170.12941502604602,null_model_2
