,exp_param,vm_param,pp_id,ll,AIC,agent_type
0,0.001963913515459987,1.2255521918706669,5f362dee93a88f0023c91131,-134.163431,272.326862,lqr
