,exp_param,vm_param,pp_id,ll,AIC,agent_type
0,0.05541657730642866,5.178761570357559,5f35d7d693a88f0023c8d6f7,-65.115669,134.231338,null_model_2
