,exp_param,vm_param,pp_id,ll,AIC,agent_type
0,0.01378023384859044,0.9158640401571816,5f35d6aa93a88f0023c8d642,-119.288702,242.577404,lqr
