,b,exp_param,n,vm_param,pp_id,ll,AIC,agent_type
0,3.4892989252104267,0.042835692729696284,1.1975855385332572,1.5045502836766345,5f35d7f393a88f0023c8d71a,-86.2027423,180.4054846,null_model_1
