,attention_cost,exp_param,vm_param,pp_id,ll,AIC,agent_type
0,107.53915990541455,0.03027500228723128,4.13452870401267,5f3610a993a88f0023c90912,-81.361358,168.722716,sparse_lqr
