,b,exp_param,n,vm_param,pp_id,ll,AIC,agent_type
0,1.51980667818908,0.02819749951479252,2.617060976158723,3.0923102057429697,5f35df8293a88f0023c8f57b,-79.65931359999999,167.31862719999998,null_model_1
