,exp_param,vm_param,pp_id,ll,AIC,agent_type
0,0.013700554671751273,3.9961433254809817,5f35d81193a88f0023c8d742,-85.736254,175.472508,null_model_2
