,exp_param,vm_param,pp_id,ll,AIC,agent_type
0,0.0026197762433034333,2.062731438748954,5f35dae093a88f0023c8de20,-119.823264,243.646528,null_model_2
