,b,exp_param,n,vm_param,pp_id,ll,AIC,agent_type
0,1.9741265581499838,0.027184775890841558,1.1132259520831784,2.462110676030459,5f35d63393a88f0023c8d617,-87.49446803528846,182.98893607057693,null_model_1
