,exp_param,vm_param,pp_id,ll,AIC,agent_type
0,0.04152172938652249,2.908605412760404,5f35dfdb93a88f0023c8f6da,-82.428817,168.857634,null_model_2
