,b,exp_param,n,vm_param,pp_id,ll,AIC,agent_type
0,1.3702250078321876,0.08864114841846941,4.131093241233789,9.985018308467112,5f360ff993a88f0023c90904,-18.890962299999998,45.781924599999996,null_model_1
