attention_cost,exp_param,step_size,vm_param,pp_id,ll,AIC,agent_type
13.757514411252954,0.1142285808448228,0.0416750232730049,7.548614813904674,5f35d72593a88f0023c8d671,-48.52603522259898,105.05207044519796,sparse_max_discrete
