,attention_cost,exp_param,step_size,vm_param,pp_id,ll,AIC,agent_type
0,0.0,0.03920122291217557,0.37431406803946377,4.066926363713298,5f35e76793a88f0023c90491,-77.758752,161.517504,hill_climbing
