,attention_cost,exp_param,step_size,vm_param,pp_id,ll,AIC,agent_type
0,8.274813170124611,0.07474947071602171,0.7238071916594613,2.2944449482346982,5f35dfdb93a88f0023c8f6da,-84.1188,176.2376,sparse_max_discrete
