,attention_cost,exp_param,step_size,vm_param,pp_id,ll,AIC,agent_type
0,0.0,0.014483631923690062,0.4970992672403106,3.410202391176378,5f35d68993a88f0023c8d637,-89.949628,185.899256,hill_climbing
