,exp_param,vm_param,pp_id,ll,AIC,agent_type
0,0.05222931561025507,6.102346087635362,5f35d90b93a88f0023c8d8cf,-61.6883,127.3766,null_model_2
