,attention_cost,exp_param,step_size,vm_param,pp_id,ll,AIC,agent_type
0,26.979002102561964,0.018968380760906442,0.040964594218345474,3.080535686311464,5f35df1293a88f0023c8f3db,-86.872381,181.744762,sparse_max_discrete
