attention_cost,exp_param,vm_param,pp_id,ll,AIC,agent_type
268.52358819305755,0.0066936721664482,3.0510523650541623,5f35e93693a88f0023c905d9,-107.14114075098551,218.28228150197103,sparse_lqr
