,exp_param,vm_param,pp_id,ll,AIC,agent_type
0,0.020860253705955793,0.2621098687771928,5f35d7d393a88f0023c8d6f4,-120.842101,245.684202,lqr
