,exp_param,vm_param,pp_id,ll,AIC,agent_type
0,0.04132464474986114,9.947791476997125,5f35d76793a88f0023c8d689,-50.242833,104.485666,null_model_2
