,attention_cost,exp_param,step_size,vm_param,pp_id,ll,AIC,agent_type
0,1.9203258998596706,0.03770909726464345,0.03730306428754143,3.462008892878221,5f35d6af93a88f0023c8d646,-73.1579497017632,154.3158994035264,sparse_max_discrete
