,attention_cost,exp_param,vm_param,pp_id,ll,AIC,agent_type
0,70.7673343061668,0.08822937554224022,8.185348782407775,5f35d6f793a88f0023c8d65f,-54.329817,114.659634,sparse_lqr
