,attention_cost,exp_param,step_size,vm_param,pp_id,ll,AIC,agent_type
0,10.175021498433209,0.012665262551685031,0.02945424204494157,3.080824611332107,5f35d7f093a88f0023c8d716,-86.59636604458267,181.19273208916533,sparse_max_continuous
