,attention_cost,exp_param,step_size,vm_param,pp_id,ll,AIC,agent_type
0,0.0,0.11002666264353922,0.15365056223117554,6.598257962098761,5f35d88193a88f0023c8d7ff,-64.2792,134.5584,hill_climbing
