,exp_param,vm_param,pp_id,ll,AIC,agent_type
0,0.043021246223172833,5.870185642816224,5f35d6af93a88f0023c8d646,-65.124758,134.249516,null_model_2
