,attention_cost,exp_param,vm_param,pp_id,ll,AIC,agent_type
0,255.02229704593586,0.045905361524858815,1.7176998735043192,5f361f5693a88f0023c90f72,-91.7513,189.5026,sparse_lqr
