,attention_cost,exp_param,step_size,vm_param,pp_id,ll,AIC,agent_type
0,25.16437519622453,0.0035394709305667975,0.4807128394723125,1.9002618370368263,5f35d7a693a88f0023c8d6b2,-115.355713,238.711426,sparse_max_discrete
