,b,exp_param,n,vm_param,pp_id,ll,AIC,agent_type
0,1.0053901040137885,0.12523676532448683,2.406110020222939,7.286049431841972,5f35d60a93a88f0023c8d608,-56.3803501,120.7607002,null_model_1
