attention_cost,exp_param,step_size,vm_param,pp_id,ll,AIC,agent_type
0.0,0.0947455697406691,0.1054786803450842,2.2622285745955795,5f360eea93a88f0023c908e9,-82.87018654040455,171.7403730808091,hill_climbing
