,exp_param,vm_param,pp_id,ll,AIC,agent_type
0,0.0010036908081794346,0.9433439594437876,5f35e70693a88f0023c90462,-244.85306,493.70612,lqr
