b,exp_param,n,vm_param,pp_id,ll,AIC,agent_type
3.187526391203509,0.0355177646110799,2.125265536288278,3.9240945208868023,5f35d80393a88f0023c8d729,-70.83250240010526,149.6650048002105,null_model_1
