,exp_param,step_size,vm_param,pp_id,ll,AIC,agent_type
0,0.014591209972209269,0.17235121077919008,5.190923382089831,5f35d7f093a88f0023c8d716,-79.028819,164.057638,hill_climbing
