,b,exp_param,n,vm_param,pp_id,ll,AIC,agent_type
0,2.031103608782466,0.0782496453445516,1.1742681250814337,0.8150208639884671,5f35e37d93a88f0023c8ffdc,-101.40942999999999,210.81885999999997,null_model_1
