,attention_cost,exp_param,step_size,vm_param,pp_id,ll,AIC,agent_type
0,26.765147509510964,0.009926696681549985,0.414029342069464,6.303870284451531,5f35d81193a88f0023c8d742,-82.970507,173.941014,sparse_max_continuous
