,exp_param,step_size,vm_param,pp_id,ll,AIC,agent_type
0,0.023563916440410525,0.0,1.8136324425326071,5f35d6aa93a88f0023c8d642,-104.865364,215.730728,hill_climbing
