,attention_cost,exp_param,step_size,vm_param,pp_id,ll,AIC,agent_type
0,19.233978522983538,0.05089769795403342,1.4833788815747442,5.76900043510522,5f35d70093a88f0023c8d662,-68.709823,145.419646,sparse_max_discrete
