,attention_cost,exp_param,step_size,vm_param,pp_id,ll,AIC,agent_type
0,0.10898762009564966,0.03689926360602948,0.7291568465429019,2.981429647974534,5f35d83993a88f0023c8d78b,-79.434581,166.869162,sparse_max_continuous
