attention_cost,exp_param,step_size,vm_param,pp_id,ll,AIC,agent_type
0.5964040151938677,0.0271847758908415,0.0424597320311919,2.462110676030459,5f35d7da93a88f0023c8d703,-80.14877351189418,168.29754702378835,sparse_max_continuous
