,attention_cost,exp_param,step_size,vm_param,pp_id,ll,AIC,agent_type
0,0.0,0.011461826103293694,0.19445397869317316,5.419272100490903,5f35d7f093a88f0023c8d716,-78.969053,163.938106,hill_climbing
