,attention_cost,exp_param,step_size,vm_param,pp_id,ll,AIC,agent_type
0,4.703741839382528,0.01955762597523211,0.1050332155788335,4.8634511093703185,5f35d72b93a88f0023c8d674,-88.83638826450576,185.67277652901151,sparse_max_continuous
