,attention_cost,exp_param,step_size,vm_param,pp_id,ll,AIC,agent_type
0,14.878119294147437,0.10229491368607058,0.6932480724278098,1.765285516767413,5f35dfdb93a88f0023c8f6da,-84.334269,176.668538,sparse_max_discrete
