,attention_cost,exp_param,step_size,vm_param,pp_id,ll,AIC,agent_type
0,26.773623716166274,0.01125166060462537,0.056800983854210674,3.506813024108414,5f35d81193a88f0023c8d742,-91.64833018634272,191.29666037268544,sparse_max_discrete
