exp_param,vm_param,pp_id,ll,AIC,agent_type
0.0585783397681923,2.496415936198485,5f362dee93a88f0023c91131,-83.06609658393296,170.13219316786592,null_model_2
