,exp_param,step_size,vm_param,pp_id,ll,AIC,agent_type
0,0.07270416504679339,0.8659248902382168,2.1052395038197114,5f35d74693a88f0023c8d67e,-83.482223,172.964446,hill_climbing
