,b,exp_param,n,vm_param,pp_id,ll,AIC,agent_type
0,1.0,0.001,1.0,1.7391360764228025,5f35dae093a88f0023c8de20,-130.80681150000004,269.6136230000001,null_model_1
