,attention_cost,exp_param,vm_param,pp_id,ll,AIC,agent_type
0,95.69181543344699,0.06736243001313488,2.7244047881170452,5f35da6493a88f0023c8dc69,-78.291037,162.582074,sparse_lqr
