,b,exp_param,n,vm_param,pp_id,ll,AIC,agent_type
0,4.79450849879647,0.0035137415962985066,4.0924769045634415,2.9588095474931233,5f35d72493a88f0023c8d66f,-106.19874385236574,220.39748770473147,null_model_1
