,exp_param,vm_param,pp_id,ll,AIC,agent_type
0,0.04862291113941035,5.355371719229069,5f35d6b193a88f0023c8d648,-65.523178,135.046356,null_model_2
