,exp_param,vm_param,pp_id,ll,AIC,agent_type
0,0.0022572304785025803,1.4636790325988402,5f35d77893a88f0023c8d690,-128.408667,260.817334,lqr
