,attention_cost,exp_param,step_size,vm_param,pp_id,ll,AIC,agent_type
0,22.60013395004664,0.02626143894118146,0.0001645192489775904,4.495988794072012,5f3610a993a88f0023c90912,-78.967395,165.93479,sparse_max_continuous
