,exp_param,vm_param,pp_id,ll,AIC,agent_type
0,0.0022290256128941455,1.3267512771848156,5f35d7a693a88f0023c8d6b2,-131.503047,267.006094,lqr
