,exp_param,vm_param,pp_id,ll,AIC,agent_type
0,0.024785856555627143,4.218178722788898,5f35e76793a88f0023c90491,-77.762067,159.524134,lqr
