,attention_cost,exp_param,step_size,vm_param,pp_id,ll,AIC,agent_type
0,8.231057992149415,0.016617448860431854,0.21000385252665105,2.887009191179968,5f35db0b93a88f0023c8ded5,-81.5643,171.1286,sparse_max_discrete
