,b,exp_param,n,vm_param,pp_id,ll,AIC,agent_type
0,8.38315730625596,0.006350841081249901,2.3194949290057623,2.6563745233473437,5f35d62993a88f0023c8d613,-107.7514277,223.5028554,null_model_1
