,b,exp_param,n,vm_param,pp_id,ll,AIC,agent_type
0,0.0,0.03,1.0,2.0,5f3610a993a88f0023c90912,-85.49295499999998,178.98590999999996,null_model_1
