,attention_cost,exp_param,vm_param,pp_id,ll,AIC,agent_type
0,232.60223266836832,0.07793838715419357,2.92559037220213,5f362dee93a88f0023c91131,-80.663102,165.326204,sparse_lqr
