,attention_cost,exp_param,vm_param,pp_id,ll,AIC,agent_type
0,103.55161534656449,0.2258149178562705,5.925118687657967,5f35d60a93a88f0023c8d608,-44.000209,94.000418,sparse_lqr
