,attention_cost,exp_param,step_size,vm_param,pp_id,ll,AIC,agent_type
0,0.0,0.07424941316535989,0.031680379273757775,2.620370074595405,5f360eea93a88f0023c908e9,-84.568518,175.137036,hill_climbing
