,attention_cost,exp_param,step_size,vm_param,pp_id,ll,AIC,agent_type
0,0.0,0.001,0.08390220842127849,3.326559592506336,5f35e70693a88f0023c90462,-196.92976,399.85952,hill_climbing
