,attention_cost,exp_param,vm_param,pp_id,ll,AIC,agent_type
0,298.9358091605663,0.008470650959906815,9.05776588885551,5f35d6ae93a88f0023c8d644,-71.440013,148.880026,sparse_lqr
