,attention_cost,exp_param,step_size,vm_param,pp_id,ll,AIC,agent_type
0,28.972878914346484,0.0617161063067056,1.4688929181521868,1.5436408394786816,5f35d6b193a88f0023c8d648,-89.089375,186.17875,sparse_max_discrete
