,exp_param,vm_param,pp_id,ll,AIC,agent_type
0,0.003100373653553933,3.1142397314765846,5f35d97e93a88f0023c8d9d4,-106.289119,216.578238,lqr
