attention_cost,exp_param,step_size,vm_param,pp_id,ll,AIC,agent_type
0.0,0.0071775756746081,1.062336558529039,1.6272395501972725,5f35d62993a88f0023c8d613,-116.28650670745154,238.57301341490307,hill_climbing
