,exp_param,vm_param,pp_id,ll,AIC,agent_type
0,0.020052903416838037,3.8778348736277737,5f36121793a88f0023c9095f,-74.002763,152.005526,null_model_2
