,exp_param,vm_param,pp_id,ll,AIC,agent_type
0,0.06416885128985626,2.524561691942907,5f35d82093a88f0023c8d751,-81.86034715770089,167.72069431540177,null_model_2
