,b,exp_param,n,vm_param,pp_id,ll,AIC,agent_type
0,19.411525189748073,0.001,5.0,7.725526892011984,5f35da4f93a88f0023c8dc28,-98.87891583588433,205.75783167176866,null_model_1
