,attention_cost,exp_param,vm_param,pp_id,ll,AIC,agent_type
0,297.7828016293284,0.015076668491774404,3.0691701623058787,5f35d81193a88f0023c8d742,-86.717621,179.435242,sparse_lqr
