,attention_cost,exp_param,step_size,vm_param,pp_id,ll,AIC,agent_type
0,0.0,0.030321307174450352,0.4598053140075448,2.390451368593011,5f35e0a193a88f0023c8f986,-87.119064,180.238128,hill_climbing
