,attention_cost,exp_param,step_size,vm_param,pp_id,ll,AIC,agent_type
0,0.0,0.0035501291887176257,0.09652571146195504,2.2466611387850133,5f35d72493a88f0023c8d66f,-115.97747,237.95494,hill_climbing
