,exp_param,vm_param,pp_id,ll,AIC,agent_type
0,0.0022350957856595174,2.0979358483095956,5f35dba493a88f0023c8e193,-118.4877,240.9754,null_model_2
