,attention_cost,exp_param,step_size,vm_param,pp_id,ll,AIC,agent_type
0,29.13332025068144,0.005408301524376719,0.1621206401288382,2.8581429510140213,5f35d81193a88f0023c8d742,-83.545779,175.091558,sparse_max_continuous
