exp_param,vm_param,pp_id,ll,AIC,agent_type
0.0622844466529715,2.627613497897649,5f35d71c93a88f0023c8d66e,-81.13762023275066,166.27524046550133,null_model_2
