,exp_param,vm_param,pp_id,ll,AIC,agent_type
0,0.008282021701137541,2.2356428921614677,5f35d62993a88f0023c8d613,-106.143352,216.286704,null_model_2
