,attention_cost,exp_param,vm_param,pp_id,ll,AIC,agent_type
0,37.5708987935891,0.001,2.611993690774229,5f360ea493a88f0023c908e6,-118.024103,242.048206,sparse_lqr
