,attention_cost,exp_param,step_size,vm_param,pp_id,ll,AIC,agent_type
0,0.9254375838626061,0.038964860681906896,0.1259399145287916,5.594522991351343,5f3626b693a88f0023c91063,-79.27265427821986,166.54530855643972,sparse_max_discrete
