,attention_cost,exp_param,step_size,vm_param,pp_id,ll,AIC,agent_type
0,4.703683141621866,0.09541553524687695,0.9210983461352024,6.239066642166019,5f35d73993a88f0023c8d677,-62.051196,132.102392,sparse_max_discrete
