,attention_cost,exp_param,vm_param,pp_id,ll,AIC,agent_type
0,281.2676141627584,0.021511181689422513,4.319409413916362,5f35d63393a88f0023c8d617,-76.0072,158.0144,sparse_lqr
