,b,exp_param,n,vm_param,pp_id,ll,AIC,agent_type
0,1.0444320272381065,0.10092139578790393,4.036700885433055,1.7226268184702165,5f35d74693a88f0023c8d67e,-87.5751785,183.150357,null_model_1
