,exp_param,vm_param,pp_id,ll,AIC,agent_type
0,0.0027216936810165178,2.4787624246634046,5f35d5d093a88f0023c8d5f7,-111.05657023585039,226.11314047170077,lqr
