attention_cost,exp_param,step_size,vm_param,pp_id,ll,AIC,agent_type
20.84423090406455,0.0273633332145258,0.1324147295479724,6.728381628527972,5f35d63393a88f0023c8d617,-69.31948852221727,146.63897704443454,sparse_max_continuous
