,attention_cost,exp_param,step_size,vm_param,pp_id,ll,AIC,agent_type
0,0.0,0.08840843707822592,0.5569735312423649,5.041866981754673,5f35d82093a88f0023c8d751,-64.0793,134.1586,hill_climbing
