,attention_cost,exp_param,vm_param,pp_id,ll,AIC,agent_type
0,290.51837479541416,0.058022051211263116,9.997475240396804,5f35d6ae93a88f0023c8d644,-25.434609,56.869218,sparse_lqr
