,attention_cost,exp_param,step_size,vm_param,pp_id,ll,AIC,agent_type
0,3.4965476338098114,0.013384558614937175,0.8944328011605425,2.459977361802377,5f35d65d93a88f0023c8d629,-96.13942958129081,200.27885916258163,sparse_max_continuous
