,attention_cost,exp_param,vm_param,pp_id,ll,AIC,agent_type
0,253.5965709137246,0.01624405099288531,1.8874886261271517,5f3626b693a88f0023c91063,-95.576394,197.152788,sparse_lqr
