,attention_cost,exp_param,step_size,vm_param,pp_id,ll,AIC,agent_type
0,0.0,0.08808406247441564,0.08530685437446832,10.0,5f35d97e93a88f0023c8d9d4,-27.122452,60.244904,hill_climbing
