,exp_param,vm_param,pp_id,ll,AIC,agent_type
0,0.035163289921073794,8.539843020797726,5f35d91293a88f0023c8d8e2,-58.509285,121.01857,null_model_2
