,attention_cost,exp_param,step_size,vm_param,pp_id,ll,AIC,agent_type
0,24.456043825213378,0.1101059136519116,0.773889823890887,1.2505102100513221,5f35da6493a88f0023c8dc69,-86.762434,181.524868,sparse_max_discrete
