,attention_cost,exp_param,step_size,vm_param,pp_id,ll,AIC,agent_type
0,21.811745928354064,0.03147104494646482,0.025509160387792496,7.6578377556356125,5f35db0b93a88f0023c8ded5,-62.355807,132.711614,sparse_max_continuous
