,exp_param,vm_param,pp_id,ll,AIC,agent_type
0,0.0017473087614465767,3.7730723690973256,5f35db0c93a88f0023c8deda,-106.77943153789678,217.55886307579357,lqr
