,exp_param,vm_param,pp_id,ll,AIC,agent_type
0,0.004946986809596886,1.5219831925060279,5f35e94193a88f0023c905da,-119.033624,242.067248,lqr
