,exp_param,step_size,vm_param,pp_id,ll,AIC,agent_type
0,0.12474352405844732,0.7736904493715704,1.8602120541610512,5f361f5693a88f0023c90f72,-83.755729,173.511458,hill_climbing
