attention_cost,exp_param,vm_param,pp_id,ll,AIC,agent_type
237.87315762489428,0.0380718935081743,1.9004032109654867,5f35dab593a88f0023c8dda2,-96.17203865284608,196.34407730569217,sparse_lqr
