,attention_cost,exp_param,vm_param,pp_id,ll,AIC,agent_type
0,24.623630793078377,0.07123923692101108,2.421311062289815,5f35dfdb93a88f0023c8f6da,-88.34346301513736,180.68692603027472,sparse_lqr
