,attention_cost,exp_param,step_size,vm_param,pp_id,ll,AIC,agent_type
0,3.9665334277816955,0.01833836364124338,0.3371856466165995,2.042808984825355,5f35d65d93a88f0023c8d629,-93.926341,195.852682,sparse_max_continuous
