,exp_param,step_size,vm_param,pp_id,ll,AIC,agent_type
0,0.029348567946455285,0.0,9.910283826937768,5f35d78293a88f0023c8d697,-52.664797,111.329594,hill_climbing
