,attention_cost,exp_param,vm_param,pp_id,ll,AIC,agent_type
0,150.57236009642423,0.048060699059329005,6.382615704396828,5f35df8293a88f0023c8f57b,-64.992566,135.985132,sparse_lqr
