,exp_param,vm_param,pp_id,ll,AIC,agent_type
0,0.003996938605583485,3.073101366115222,5f35d5ea93a88f0023c8d5fd,-105.533117,215.066234,lqr
