,attention_cost,exp_param,vm_param,pp_id,ll,AIC,agent_type
0,262.64368788751807,0.06921083541917324,9.982742768610736,5f35da2c93a88f0023c8db97,-31.212571,68.425142,sparse_lqr
