,exp_param,step_size,vm_param,pp_id,ll,AIC,agent_type
0,0.09321627591687112,0.325838478637164,3.654834424129552,5f35e09e93a88f0023c8f979,-68.456283,142.912566,hill_climbing
