b,exp_param,n,vm_param,pp_id,ll,AIC,agent_type
1.98334290692892,0.001,4.471620104413424,2.4852537661739977,5f35e70693a88f0023c90462,-282.9171994248588,573.8343988497176,null_model_1
