,attention_cost,exp_param,step_size,vm_param,pp_id,ll,AIC,agent_type
0,0.0,0.028560807697224994,0.29273715727316474,3.8013682309940435,5f3612ca93a88f0023c909a0,-75.05494,156.10988,hill_climbing
