attention_cost,exp_param,vm_param,pp_id,ll,AIC,agent_type
25.58911448255474,0.0123414575997416,1.9024882672355288,5f35d6aa93a88f0023c8d642,-106.96214096393726,217.9242819278745,sparse_lqr
