,attention_cost,exp_param,vm_param,pp_id,ll,AIC,agent_type
0,264.6806129895528,0.06587190272486398,0.9473729526666264,5f35e37d93a88f0023c8ffdc,-101.961593,207.923186,sparse_lqr
