exp_param,vm_param,pp_id,ll,AIC,agent_type
0.0186623546756722,9.950052988347002,5f35d76593a88f0023c8d688,-61.20515089894401,126.41030179788802,null_model_2
