,attention_cost,exp_param,vm_param,pp_id,ll,AIC,agent_type
0,168.88637702283415,0.038803317518764424,4.002764485642341,5f3612ca93a88f0023c909a0,-75.123725,156.24745,sparse_lqr
