,attention_cost,exp_param,step_size,vm_param,pp_id,ll,AIC,agent_type
0,0.0,0.05396421465379751,0.0,2.603148390452696,5f35d60393a88f0023c8d605,-82.847,171.694,hill_climbing
