,attention_cost,exp_param,step_size,vm_param,pp_id,ll,AIC,agent_type
0,24.55504944184132,0.026408752611133814,0.6022394385061002,4.566471112404733,5f3610a993a88f0023c90912,-77.88535,163.7707,sparse_max_continuous
