,exp_param,step_size,vm_param,pp_id,ll,AIC,agent_type
0,0.016483837471570627,0.17559257663386602,3.7390812681006924,5f35d81193a88f0023c8d742,-84.930557,175.861114,hill_climbing
