,exp_param,vm_param,pp_id,ll,AIC,agent_type
0,0.029329745719774116,0.677025376053918,5f36107b93a88f0023c9090e,-114.489502,232.979004,lqr
