,attention_cost,exp_param,step_size,vm_param,pp_id,ll,AIC,agent_type
0,5.19890281667072,0.060309305147711795,0.054806673948151585,1.4507198103421837,5f35d5ee93a88f0023c8d5fe,-91.20036762447867,190.40073524895735,sparse_max_continuous
