,attention_cost,exp_param,step_size,vm_param,pp_id,ll,AIC,agent_type
0,5.983342662983192,0.037627691978796965,0.039297852612347306,2.2874334625884263,5f35d71a93a88f0023c8d66c,-87.010047,182.020094,sparse_max_continuous
