exp_param,vm_param,pp_id,ll,AIC,agent_type
0.0274726648884717,2.447350959449192,5f35d71a93a88f0023c8d66c,-91.09966276441271,186.19932552882543,null_model_2
