,attention_cost,exp_param,step_size,vm_param,pp_id,ll,AIC,agent_type
0,0.0,0.027677914686526736,0.18951872411883702,4.2760006448146095,5f35db0b93a88f0023c8ded5,-79.781986,165.563972,hill_climbing
