attention_cost,exp_param,step_size,vm_param,pp_id,ll,AIC,agent_type
29.08745355290263,0.0286280548422719,0.0441471656302234,2.575160331308879,5f35d83993a88f0023c8d78b,-92.5603055779208,193.1206111558416,sparse_max_continuous
