,exp_param,step_size,vm_param,pp_id,ll,AIC,agent_type
0,0.05664271429939252,0.44079372820581625,3.560164860311865,5f35df8793a88f0023c8f599,-78.607042,163.214084,hill_climbing
