,attention_cost,exp_param,step_size,vm_param,pp_id,ll,AIC,agent_type
0,10.925402008463657,0.0229204415534697,0.6406252063135248,3.5991223830143504,5f3626b693a88f0023c91063,-88.496614,184.993228,sparse_max_discrete
