b,exp_param,n,vm_param,pp_id,ll,AIC,agent_type
3.066364811094991,0.0175157294020074,4.004694915149375,6.209181865321812,5f35dafe93a88f0023c8de97,-65.24408778908689,138.48817557817378,null_model_1
