,attention_cost,exp_param,vm_param,pp_id,ll,AIC,agent_type
0,275.2198685617637,0.01017359588079626,4.317544315094511,5f35d7f093a88f0023c8d716,-79.737585,165.47517,sparse_lqr
