,exp_param,vm_param,pp_id,ll,AIC,agent_type
0,0.003767545895268016,0.5148763620140118,5f35d81193a88f0023c8d742,-136.096937,276.193874,lqr
