,b,exp_param,n,vm_param,pp_id,ll,AIC,agent_type
0,3.4892989252104267,0.042835692729696284,1.1975855385332572,1.5045502836766345,5f361f5693a88f0023c90f72,-94.40722849999999,196.81445699999998,null_model_1
