,exp_param,vm_param,pp_id,ll,AIC,agent_type
0,0.04013726342762016,8.144711176607853,5f35d6bc93a88f0023c8d64b,-58.593508,121.187016,null_model_2
