,exp_param,vm_param,pp_id,ll,AIC,agent_type
0,0.003932271306268449,1.2355117168211027,5f35e11793a88f0023c8fa8c,-126.898722,257.79744400000004,lqr
