,attention_cost,exp_param,step_size,vm_param,pp_id,ll,AIC,agent_type
0,0.0,0.02811630666718414,0.0,4.371828325030609,5f35d78293a88f0023c8d697,-80.449132,166.898264,hill_climbing
