,attention_cost,exp_param,vm_param,pp_id,ll,AIC,agent_type
0,289.0680105700289,0.023327922717646107,8.054388724084282,5f35d94f93a88f0023c8d95c,-67.267612,140.535224,sparse_lqr
