,attention_cost,exp_param,vm_param,pp_id,ll,AIC,agent_type
0,17.903120224683356,0.06720323144807937,9.969526716027712,5f35db9193a88f0023c8e13f,-34.314755,74.62951,sparse_lqr
