,exp_param,vm_param,pp_id,ll,AIC,agent_type
0,0.008915725303700973,1.570507343749119,5f360f4693a88f0023c908ef,-113.93711226741047,231.87422453482094,null_model_2
