,b,exp_param,n,vm_param,pp_id,ll,AIC,agent_type
0,4.107429113004119,0.002103981818900656,2.5945199771803984,1.405288410297597,5f35dba493a88f0023c8e193,-128.00952779999997,264.01905559999994,null_model_1
