,exp_param,vm_param,pp_id,ll,AIC,agent_type
0,0.007108179615798483,2.4533528584879094,5f35e94193a88f0023c905da,-104.999568,213.999136,null_model_2
