,attention_cost,exp_param,step_size,vm_param,pp_id,ll,AIC,agent_type
0,0.0,0.013998424131323215,0.07246750629924109,2.2726578760553338,5f35d86c93a88f0023c8d7e9,-98.6768,203.3536,hill_climbing
