attention_cost,exp_param,step_size,vm_param,pp_id,ll,AIC,agent_type
18.016270127978217,0.0216402618250131,0.4258253151146091,3.1584885094107005,5f35e94193a88f0023c905da,-102.73836810368852,213.47673620737703,sparse_max_continuous
