,exp_param,vm_param,pp_id,ll,AIC,agent_type
0,0.27241627270545166,9.947632803747661,5f360ff993a88f0023c90904,-34.916045,73.83209,null_model_2
