,attention_cost,exp_param,vm_param,pp_id,ll,AIC,agent_type
0,77.85995776232039,0.02332550260661814,8.71178102736027,5f35d7fa93a88f0023c8d725,-58.551107,121.102214,sparse_lqr
