attention_cost,exp_param,step_size,vm_param,pp_id,ll,AIC,agent_type
0.0,0.047889952836108,0.0,5.507863579969023,5f35d7d693a88f0023c8d6f7,-65.29328239185111,136.58656478370222,hill_climbing
