,attention_cost,exp_param,step_size,vm_param,pp_id,ll,AIC,agent_type
0,23.103965627994224,0.10640157291733744,0.8328379777970167,0.9495606980249149,5f35e37d93a88f0023c8ffdc,-96.4097,200.8194,sparse_max_discrete
