,exp_param,vm_param,pp_id,ll,AIC,agent_type
0,0.001,2.5150371356276366,5f35e70693a88f0023c90462,-219.741519,443.483038,lqr
