,attention_cost,exp_param,step_size,vm_param,pp_id,ll,AIC,agent_type
0,0.05199545425570662,0.0424468645214686,0.6762650683110765,2.225114342743537,5f35d9ad93a88f0023c8da5b,-87.73565125830773,183.47130251661545,sparse_max_continuous
