,attention_cost,exp_param,vm_param,pp_id,ll,AIC,agent_type
0,175.23272642571035,0.017703183083254692,5.655255063576252,5f35df1293a88f0023c8f3db,-76.0136675544941,156.0273351089882,sparse_lqr
