,attention_cost,exp_param,vm_param,pp_id,ll,AIC,agent_type
0,141.17093645126837,0.03730658111690014,4.235329548043309,5f3612ca93a88f0023c909a0,-75.020192,156.040384,sparse_lqr
