,b,exp_param,n,vm_param,pp_id,ll,AIC,agent_type
0,1.0806593407710785,0.04417341756869522,1.5423850332289635,4.1151396441850085,5f35d63193a88f0023c8d616,-71.61275629999999,151.22551259999997,null_model_1
