,exp_param,vm_param,pp_id,ll,AIC,agent_type
0,0.014123686893430711,1.204942275967058,5f35d6aa93a88f0023c8d642,-114.271698,232.543396,lqr
