,attention_cost,exp_param,step_size,vm_param,pp_id,ll,AIC,agent_type
0,15.374031767559998,0.011253766763264075,0.5227421247494695,7.460899786915701,5f35d65393a88f0023c8d623,-63.52344031775795,135.0468806355159,sparse_max_discrete
