,exp_param,vm_param,pp_id,ll,AIC,agent_type
0,0.06440382346397074,9.911769114077769,5f35d72593a88f0023c8d671,-48.79020859703735,101.5804171940747,null_model_2
