,exp_param,step_size,vm_param,pp_id,ll,AIC,agent_type
0,0.013753022744795774,0.5192030445433952,2.4728853155788597,5f35e94193a88f0023c905da,-99.588796,205.177592,hill_climbing
