,attention_cost,exp_param,step_size,vm_param,pp_id,ll,AIC,agent_type
0,0.0,0.03283315770519743,0.09900461207645617,4.167499384144426,5f35d63393a88f0023c8d617,-75.504263,157.008526,hill_climbing
