,exp_param,vm_param,pp_id,ll,AIC,agent_type
0,0.023069109775408565,1.3491838337996498,5f35d8b893a88f0023c8d833,-107.66789,219.33578,null_model_2
