,attention_cost,exp_param,vm_param,pp_id,ll,AIC,agent_type
0,62.78356809456675,0.0074491868876815906,1.763886435164389,5f35d7a693a88f0023c8d6b2,-115.88216,235.76432,sparse_lqr
