,exp_param,vm_param,pp_id,ll,AIC,agent_type
0,0.027121432906676096,1.6571451943051863,5f35e76793a88f0023c90491,-102.61069832648121,209.22139665296243,null_model_2
