exp_param,vm_param,pp_id,ll,AIC,agent_type
0.0285967188418942,2.897987013157466,5f35d7da93a88f0023c8d703,-86.22284151222632,176.44568302445265,null_model_2
