,attention_cost,exp_param,vm_param,pp_id,ll,AIC,agent_type
0,277.8220538470214,0.008365298446213424,8.66483952678177,5f35d72593a88f0023c8d671,-74.4078,152.8156,sparse_lqr
