,attention_cost,exp_param,step_size,vm_param,pp_id,ll,AIC,agent_type
0,17.887314016492766,0.0036048271481947903,0.17778631015606877,2.568973146726985,5f35d72493a88f0023c8d66f,-114.638723,237.277446,sparse_max_discrete
