,attention_cost,exp_param,step_size,vm_param,pp_id,ll,AIC,agent_type
0,0.9141039230856829,0.020369859381028747,0.03601093106081438,6.8374296674442006,5f35d7da93a88f0023c8d703,-77.156155,162.31231,sparse_max_continuous
