,attention_cost,exp_param,vm_param,pp_id,ll,AIC,agent_type
0,30.40370571780463,0.03245542575646493,1.9191434409327301,5f35d84893a88f0023c8d7af,-97.617213,199.234426,sparse_lqr
