,attention_cost,exp_param,step_size,vm_param,pp_id,ll,AIC,agent_type
0,25.442047010825558,0.07730247594626526,0.45509335347233093,1.9694697197918443,5f35d71c93a88f0023c8d66e,-85.287976,178.575952,sparse_max_discrete
