,attention_cost,exp_param,step_size,vm_param,pp_id,ll,AIC,agent_type
0,0.0,0.10160944564468188,0.7841540193226473,2.7772946821008517,5f35d71c93a88f0023c8d66e,-77.878174,161.756348,hill_climbing
