,attention_cost,exp_param,step_size,vm_param,pp_id,ll,AIC,agent_type
0,8.513885555764084,0.02307182955916773,0.034361371373609784,3.4214655514580783,5f35d70093a88f0023c8d662,-74.781721,157.563442,sparse_max_continuous
