,b,exp_param,n,vm_param,pp_id,ll,AIC,agent_type
0,2.7749428801639313,0.059554259175413335,4.27695584976429,1.6023863465031252,5f361ea793a88f0023c90f71,-86.6229237894178,181.2458475788356,null_model_1
