,attention_cost,exp_param,step_size,vm_param,pp_id,ll,AIC,agent_type
0,0.0,0.04285889927650181,0.18726484874063182,4.360475050837537,5f360f1993a88f0023c908ea,-70.634823,147.269646,hill_climbing
