exp_param,vm_param,pp_id,ll,AIC,agent_type
0.0958864478353749,1.7089531725646567,5f35d80893a88f0023c8d735,-88.02367738811813,180.04735477623626,null_model_2
