,attention_cost,exp_param,vm_param,pp_id,ll,AIC,agent_type
0,288.2296006639521,0.031239450895482242,4.22247255343467,5f35d78493a88f0023c8d69f,-74.801658,155.603316,sparse_lqr
