b,exp_param,n,vm_param,pp_id,ll,AIC,agent_type
4.741504806060515,0.0092140526257237,2.3106089021580707,2.672236459675834,5f35d78293a88f0023c8d697,-91.86616376186494,191.73232752372988,null_model_1
