,attention_cost,exp_param,vm_param,pp_id,ll,AIC,agent_type
0,143.94654532832604,0.0031728285749192606,1.1945913888450876,5f35d65d93a88f0023c8d629,-125.453618,256.907236,sparse_lqr
