,attention_cost,exp_param,step_size,vm_param,pp_id,ll,AIC,agent_type
0,0.0,0.002247282471550846,0.9394930783181052,2.481911644254664,5f360ea493a88f0023c908e6,-117.126569,240.253138,hill_climbing
