,attention_cost,exp_param,vm_param,pp_id,ll,AIC,agent_type
0,11.95797799063577,0.13565832484271836,1.9341639901491836,5f361f5693a88f0023c90f72,-90.856622,187.713244,sparse_lqr
