,attention_cost,exp_param,step_size,vm_param,pp_id,ll,AIC,agent_type
0,0.7364844133037681,0.32914510849936646,1.171825880590644,1.296873888245641,5f361f5693a88f0023c90f72,-87.636501,183.273002,sparse_max_discrete
