,attention_cost,exp_param,step_size,vm_param,pp_id,ll,AIC,agent_type
0,0.0,0.04427591370198438,0.0,3.6741913516988762,5f3610a993a88f0023c90912,-81.109523,168.219046,hill_climbing
