,attention_cost,exp_param,vm_param,pp_id,ll,AIC,agent_type
0,239.61123737522345,0.009804788947181672,1.5842821819992714,5f360f4693a88f0023c908ef,-107.646641,221.293282,sparse_lqr
