attention_cost,exp_param,step_size,vm_param,pp_id,ll,AIC,agent_type
6.165945524369997,0.0225583821736666,0.1425733384883328,9.111428418049329,5f35d7fa93a88f0023c8d725,-58.35067838223546,124.70135676447092,sparse_max_discrete
