,exp_param,vm_param,pp_id,ll,AIC,agent_type
0,0.007208529896053575,2.6469453086242067,5f36101b93a88f0023c90907,-101.365365,206.73073,null_model_2
