,attention_cost,exp_param,step_size,vm_param,pp_id,ll,AIC,agent_type
0,9.498358794285805,0.08054716672339314,0.10761573674607622,5.699004190922966,5f35d5d093a88f0023c8d5f7,-57.278963,122.557926,sparse_max_discrete
