,exp_param,vm_param,pp_id,ll,AIC,agent_type
0,0.0064206526844724065,2.266704317501629,5f35e93693a88f0023c905d9,-108.04558643475659,220.09117286951317,null_model_2
