,attention_cost,exp_param,step_size,vm_param,pp_id,ll,AIC,agent_type
0,0.0,0.012226288466775405,0.4438004267175034,2.12755037893415,5f35e94193a88f0023c905da,-99.042446,204.084892,hill_climbing
