,attention_cost,exp_param,step_size,vm_param,pp_id,ll,AIC,agent_type
0,21.787520189567967,0.011924457209969687,0.44415373559333937,1.8883222643270248,5f35dc7593a88f0023c8e5d3,-109.395839,226.791678,sparse_max_discrete
