attention_cost,exp_param,step_size,vm_param,pp_id,ll,AIC,agent_type
3.734520596550837,0.0452965277907993,0.0678935802718161,4.039925955058949,5f35d6af93a88f0023c8d646,-72.69277179697593,153.3855435939519,sparse_max_discrete
