,b,exp_param,n,vm_param,pp_id,ll,AIC,agent_type
0,17.94982727620328,0.001,5.0,9.09223331904102,5f35da4f93a88f0023c8dc28,-98.7505941,205.5011882,null_model_1
