,exp_param,vm_param,pp_id,ll,AIC,agent_type
0,0.038060761297895276,2.038406174712528,5f35d7da93a88f0023c8d703,-92.88586,189.77172,lqr
