,b,exp_param,n,vm_param,pp_id,ll,AIC,agent_type
0,0.5822307673009397,0.03814238815757987,2.266117933056723,9.634099923467787,5f360f1993a88f0023c908ea,-52.70656699999999,113.41313399999999,null_model_1
