,attention_cost,exp_param,step_size,vm_param,pp_id,ll,AIC,agent_type
0,5.606145129263252,0.01596491313828621,0.299391983986123,4.247476672821278,5f35d9ad93a88f0023c8da5b,-93.30734548889204,194.61469097778408,sparse_max_discrete
