,attention_cost,exp_param,vm_param,pp_id,ll,AIC,agent_type
0,233.664899408121,0.01630560138729564,1.5231545861320495,5f35d62993a88f0023c8d613,-120.04798801736683,244.09597603473367,sparse_lqr
