,attention_cost,exp_param,vm_param,pp_id,ll,AIC,agent_type
0,91.73623540392198,0.11396095850379852,1.10038085325596,5f35d7f393a88f0023c8d71a,-93.09372959282453,190.18745918564906,sparse_lqr
