,attention_cost,exp_param,step_size,vm_param,pp_id,ll,AIC,agent_type
0,25.4656132613924,0.08962475868785312,0.5333774348472051,1.6814501610280808,5f35d5ee93a88f0023c8d5fe,-88.42556,184.85112,sparse_max_discrete
