,exp_param,vm_param,pp_id,ll,AIC,agent_type
0,0.03836241591461733,1.2786141144533658,5f35da6493a88f0023c8dc69,-103.128088,210.256176,lqr
