,exp_param,vm_param,pp_id,ll,AIC,agent_type
0,0.002584224111719061,2.072967594237377,5f35dae093a88f0023c8de20,-119.816763,243.633526,null_model_2
