,attention_cost,exp_param,step_size,vm_param,pp_id,ll,AIC,agent_type
0,0.0,0.006470650816390104,0.7360892669579517,1.5862990721239734,5f35d62993a88f0023c8d613,-114.980307,235.960614,hill_climbing
