,b,exp_param,n,vm_param,pp_id,ll,AIC,agent_type
0,1.4753304437368915,0.022889432936395972,2.7446199100612896,1.6882703720769088,5f35e76793a88f0023c90491,-108.22541584507425,224.4508316901485,null_model_1
