,attention_cost,exp_param,step_size,vm_param,pp_id,ll,AIC,agent_type
0,0.0,0.007231159033489465,0.6326623743475202,1.9870798688148983,5f360f4693a88f0023c908ef,-104.408,214.816,hill_climbing
