,attention_cost,exp_param,vm_param,pp_id,ll,AIC,agent_type
0,279.15310527506875,0.01342307806037395,9.925176619568491,5f35d78293a88f0023c8d697,-52.393954,110.787908,sparse_lqr
