,attention_cost,exp_param,step_size,vm_param,pp_id,ll,AIC,agent_type
0,0.0,0.38271682034600046,0.0,4.797814358078116,5f360ff993a88f0023c90904,-49.74189610232191,107.48379220464382,sparse_max_continuous
