,attention_cost,exp_param,step_size,vm_param,pp_id,ll,AIC,agent_type
0,22.915089050001175,0.023606858493320077,0.031166754911050476,6.1186999476321455,5f35d7fa93a88f0023c8d725,-49.690328,107.380656,sparse_max_continuous
