,exp_param,vm_param,pp_id,ll,AIC,agent_type
0,0.002756863799009003,1.4479546315457703,5f35df8293a88f0023c8f57b,-126.898462,257.796924,lqr
