,attention_cost,exp_param,step_size,vm_param,pp_id,ll,AIC,agent_type
0,0.3859961987820456,0.001,0.0,1.7566576607792357,5f35dae093a88f0023c8de20,-127.13612396707808,262.27224793415616,sparse_max_continuous
