,attention_cost,exp_param,step_size,vm_param,pp_id,ll,AIC,agent_type
0,27.469080522271014,0.017771320177220527,1.1039011950010735,2.5006460999676783,5f35d8e393a88f0023c8d887,-78.83716030690724,165.67432061381447,sparse_max_discrete
