,attention_cost,exp_param,step_size,vm_param,pp_id,ll,AIC,agent_type
0,1.5670259311048673,0.10138128402941907,0.08141830964443164,4.186659505394888,5f35d97e93a88f0023c8d9d4,-54.091833,116.183666,sparse_max_continuous
