,attention_cost,exp_param,step_size,vm_param,pp_id,ll,AIC,agent_type
0,9.200154650239,0.010862910442505865,0.4115637299807668,7.579906605115196,5f35d65393a88f0023c8d623,-71.121994,150.243988,sparse_max_discrete
