,attention_cost,exp_param,step_size,vm_param,pp_id,ll,AIC,agent_type
0,23.653234230405687,0.02699602246174265,0.5253232104472112,2.740900217554878,5f35dab593a88f0023c8dda2,-88.51311,185.02622,sparse_max_continuous
