attention_cost,exp_param,vm_param,pp_id,ll,AIC,agent_type
61.14670635648854,0.0409596642741377,6.111871250855358,5f35d7d393a88f0023c8d6f4,-68.24342632524949,140.48685265049895,sparse_lqr
