,attention_cost,exp_param,step_size,vm_param,pp_id,ll,AIC,agent_type
0,0.0,0.12296149150899478,0.6125498335647007,9.402737720886924,5f35d72f93a88f0023c8d675,-40.4309,86.8618,hill_climbing
