,attention_cost,exp_param,step_size,vm_param,pp_id,ll,AIC,agent_type
0,12.18427407883594,0.02279994049132998,0.011026387967641105,3.3179569587411875,5f35d71c93a88f0023c8d66e,-79.703212,167.406424,sparse_max_continuous
