,attention_cost,exp_param,vm_param,pp_id,ll,AIC,agent_type
0,62.27232326505911,0.05711161050173339,1.6881912777738928,5f35d5ee93a88f0023c8d5fe,-92.14689248864724,188.29378497729448,sparse_lqr
