,attention_cost,exp_param,step_size,vm_param,pp_id,ll,AIC,agent_type
0,9.052283091498275,0.003124062484426117,0.05712430710494004,1.8557627479766425,5f35d6aa93a88f0023c8d642,-110.488014,228.976028,sparse_max_continuous
