,attention_cost,exp_param,step_size,vm_param,pp_id,ll,AIC,agent_type
0,21.194890518075518,0.02394328270611764,0.0048350164166370835,2.089856706380008,5f35d94f93a88f0023c8d95c,-101.44637067376243,210.89274134752486,sparse_max_continuous
