,attention_cost,exp_param,step_size,vm_param,pp_id,ll,AIC,agent_type
0,0.5936446426556008,0.3857902198257558,1.1856452560901867,1.1514863818322587,5f361f5693a88f0023c90f72,-88.72930019352751,185.45860038705501,sparse_max_discrete
