,attention_cost,exp_param,step_size,vm_param,pp_id,ll,AIC,agent_type
0,29.15299812457227,0.04693036510612466,0.024864444906383454,9.081685524483415,5f35d77893a88f0023c8d691,-52.465831,112.931662,sparse_max_continuous
