attention_cost,exp_param,vm_param,pp_id,ll,AIC,agent_type
221.34640632587104,0.0652951618133905,5.428948961627055,5f35d64493a88f0023c8d61e,-62.76218677949906,129.52437355899812,sparse_lqr
