,exp_param,vm_param,pp_id,ll,AIC,agent_type
0,0.040350789128262926,5.988463345094903,5f362fb593a88f0023c91191,-65.317736,134.635472,null_model_2
