,exp_param,vm_param,pp_id,ll,AIC,agent_type
0,0.0019139336424381142,1.7361684414177025,5f35dc9193a88f0023c8e6bd,-126.698325,257.39665,lqr
