,attention_cost,exp_param,vm_param,pp_id,ll,AIC,agent_type
0,26.026398070214228,0.07530986338568033,2.3642135103769735,5f35e09e93a88f0023c8f979,-75.788673,155.577346,sparse_lqr
