,exp_param,vm_param,pp_id,ll,AIC,agent_type
0,0.003783077632060983,2.7524593769795858,5f35d78293a88f0023c8d697,-106.5950845421157,217.1901690842314,lqr
