b,exp_param,n,vm_param,pp_id,ll,AIC,agent_type
8.682778337658128,0.0195576259752321,1.280088574876889,4.863451109370319,5f35d73b93a88f0023c8d678,-76.44820883642008,160.89641767284016,null_model_1
