,attention_cost,exp_param,step_size,vm_param,pp_id,ll,AIC,agent_type
0,19.81795067785796,0.09054106822853454,0.3161564131305281,5.028243835184045,5f35d93793a88f0023c8d930,-66.116474,140.232948,sparse_max_continuous
