,attention_cost,exp_param,step_size,vm_param,pp_id,ll,AIC,agent_type
0,0.0,0.04918774711332011,0.3708242347870598,3.9596771194982416,5f35d84893a88f0023c8d7af,-77.113747,160.227494,hill_climbing
