attention_cost,exp_param,step_size,vm_param,pp_id,ll,AIC,agent_type
25.833477405723997,0.019776062614691,0.3172146027826276,5.09682176277649,5f35dc9193a88f0023c8e6bd,-71.49417113352925,150.9883422670585,sparse_max_discrete
