,attention_cost,exp_param,step_size,vm_param,pp_id,ll,AIC,agent_type
0,0.0,0.03270400178632377,0.151911568037099,6.92670077698203,5f35d90c93a88f0023c8d8d0,-69.139979,144.279958,hill_climbing
