,attention_cost,exp_param,vm_param,pp_id,ll,AIC,agent_type
0,279.08723301332515,0.015940418141253066,9.994705022067226,5f35d7d393a88f0023c8d6f4,-53.857061,113.714122,sparse_lqr
