,attention_cost,exp_param,vm_param,pp_id,ll,AIC,agent_type
0,40.93656769820551,0.06085777182269945,1.2134345574073735,5f361f5693a88f0023c90f72,-99.3323,202.6646,sparse_lqr
