,b,exp_param,n,vm_param,pp_id,ll,AIC,agent_type
0,2.0791683896679465,0.03183680416660286,1.57407341954314,3.669179713478395,5f35d6f793a88f0023c8d65f,-78.58089,165.16178,null_model_1
