,attention_cost,exp_param,step_size,vm_param,pp_id,ll,AIC,agent_type
0,0.37384049919788354,0.2543115836193759,0.8480785871501629,1.9692820721339253,5f35d7f393a88f0023c8d71a,-78.40842320025729,164.81684640051458,sparse_max_discrete
