,exp_param,vm_param,pp_id,ll,AIC,agent_type
0,0.03546372118851338,2.1558869283960993,5f35d74693a88f0023c8d67e,-92.032519,188.065038,null_model_2
