,attention_cost,exp_param,vm_param,pp_id,ll,AIC,agent_type
0,83.7318978991606,0.07638727004521666,8.071490244946084,5f35d6f793a88f0023c8d65f,-54.146057,114.292114,sparse_lqr
