,attention_cost,exp_param,step_size,vm_param,pp_id,ll,AIC,agent_type
0,0.0,0.1192676824870011,0.2634584237382359,4.916074557612474,5f35d63193a88f0023c8d616,-59.061521,124.123042,hill_climbing
