,attention_cost,exp_param,vm_param,pp_id,ll,AIC,agent_type
0,253.82677560857445,0.01605448898221822,2.262174560219382,5f35d68993a88f0023c8d637,-98.69612,203.39224,sparse_lqr
