,exp_param,vm_param,pp_id,ll,AIC,agent_type
0,0.011357605355598877,2.380457267191136,5f35d6aa93a88f0023c8d642,-100.524892,205.049784,null_model_2
