,b,exp_param,n,vm_param,pp_id,ll,AIC,agent_type
0,4.7310325685684385,0.029699197211662982,3.2944793720387477,2.7522409539204484,5f35d61893a88f0023c8d60c,-82.38503,172.77006,null_model_1
