,attention_cost,exp_param,vm_param,pp_id,ll,AIC,agent_type
0,18.321675174984776,0.0545394317683789,4.007808734824519,5f35d73993a88f0023c8d677,-73.696916,153.393832,sparse_lqr
