,attention_cost,exp_param,step_size,vm_param,pp_id,ll,AIC,agent_type
0,9.47984616763312,0.005780376302435723,0.04287161200179279,1.7408214219652018,5f35d65d93a88f0023c8d629,-110.923636,229.847272,sparse_max_continuous
