,attention_cost,exp_param,step_size,vm_param,pp_id,ll,AIC,agent_type
0,1.1918612004925444,0.07126310817390971,0.7110094349820819,3.4916741295707734,5f35d71a93a88f0023c8d66c,-85.61466087085851,179.22932174171703,sparse_max_discrete
