,b,exp_param,n,vm_param,pp_id,ll,AIC,agent_type
0,1.570064769224306,0.046858938489894635,2.3534512643585046,5.6609319654110415,5f35d60a93a88f0023c8d608,-55.0864629,118.1729258,null_model_1
