,attention_cost,exp_param,step_size,vm_param,pp_id,ll,AIC,agent_type
0,0.0,0.034212005103852354,0.557461059753628,5.237585325142822,5f35d77893a88f0023c8d691,-69.601436,145.202872,hill_climbing
