,attention_cost,exp_param,step_size,vm_param,pp_id,ll,AIC,agent_type
0,7.048641291430422,0.002123501275871429,0.02864930353208517,8.734164762291268,5f35da4f93a88f0023c8dc28,-66.40416737187688,140.80833474375376,sparse_max_continuous
