,exp_param,vm_param,pp_id,ll,AIC,agent_type
0,0.002629167228717629,2.0079307931708437,5f35d7f093a88f0023c8d716,-120.757711,245.515422,lqr
