,attention_cost,exp_param,step_size,vm_param,pp_id,ll,AIC,agent_type
0,4.206931237513375,0.00917483616277523,0.013236531254918471,1.9600818346588766,5f35d86c93a88f0023c8d7e9,-100.91319,209.82638,sparse_max_continuous
