attention_cost,exp_param,step_size,vm_param,pp_id,ll,AIC,agent_type
14.69482302446766,0.0647239524602933,0.6347877024026733,2.661420092482933,5f360eea93a88f0023c908e9,-78.6793867015752,165.3587734031504,sparse_max_discrete
