,attention_cost,exp_param,vm_param,pp_id,ll,AIC,agent_type
0,146.2187334567578,0.03896256671696259,6.7075171640725015,5f35df8293a88f0023c8f57b,-65.2739,136.5478,sparse_lqr
