,b,exp_param,n,vm_param,pp_id,ll,AIC,agent_type
0,0.7260239598260831,0.02663589530426857,3.406358884383822,6.985491327646519,5f35d61893a88f0023c8d60c,-56.7211233,121.4422466,null_model_1
