,attention_cost,exp_param,step_size,vm_param,pp_id,ll,AIC,agent_type
0,11.070452685906552,0.04229937026151877,0.011463213683177542,5.271258151721119,5f35d70093a88f0023c8d662,-74.678809,157.357618,sparse_max_continuous
