,attention_cost,exp_param,step_size,vm_param,pp_id,ll,AIC,agent_type
0,0.0,0.04323976075344552,0.13723533674359772,2.665228473288501,5f35d7da93a88f0023c8d703,-86.5261,179.0522,hill_climbing
