,b,exp_param,n,vm_param,pp_id,ll,AIC,agent_type
0,15.321502020377787,0.013773418746808878,3.616276727765471,5.098862761704903,5f35d7fa93a88f0023c8d725,-73.73777196730553,155.47554393461107,null_model_1
