,attention_cost,exp_param,step_size,vm_param,pp_id,ll,AIC,agent_type
0,0.0,0.04358928423187109,0.0,2.0699493647670026,5f35d85593a88f0023c8d7c5,-95.63167794793962,197.26335589587924,hill_climbing
