,attention_cost,exp_param,vm_param,pp_id,ll,AIC,agent_type
0,180.05740555664005,0.002666630860185399,2.114693022774441,5f35dae093a88f0023c8de20,-117.28233996369613,238.56467992739226,sparse_lqr
