,exp_param,vm_param,pp_id,ll,AIC,agent_type
0,0.017510553172552443,0.641976940234027,5f35d8e393a88f0023c8d887,-120.0494506112656,244.0989012225312,lqr
