,exp_param,vm_param,pp_id,ll,AIC,agent_type
0,0.0192141312195892,4.620118474583678,5f35d8e393a88f0023c8d887,-77.891574,159.783148,null_model_2
