,attention_cost,exp_param,step_size,vm_param,pp_id,ll,AIC,agent_type
0,2.0235102657768023,0.0311265348806845,0.00032221297051177045,3.0569617073181297,5f3612ca93a88f0023c909a0,-77.863686,163.727372,sparse_max_discrete
