,attention_cost,exp_param,step_size,vm_param,pp_id,ll,AIC,agent_type
0,0.019674470745212336,0.0519989499655429,1.3307779230290762,2.588807810886775,5f35d77893a88f0023c8d690,-99.926416,207.852832,sparse_max_continuous
