attention_cost,exp_param,step_size,vm_param,pp_id,ll,AIC,agent_type
0.0,0.027565907360714,0.0,5.300580532422658,5f35d7d393a88f0023c8d6f4,-69.62653252063612,145.25306504127224,hill_climbing
