,exp_param,vm_param,pp_id,ll,AIC,agent_type
0,0.004263978335052217,1.6878490213380548,5f35d68993a88f0023c8d637,-119.596488,243.192976,lqr
