,exp_param,step_size,vm_param,pp_id,ll,AIC,agent_type
0,0.06384561660533661,0.03781441081268333,9.970675989160165,5f35d72593a88f0023c8d671,-28.907971,63.815942,hill_climbing
