,attention_cost,exp_param,vm_param,pp_id,ll,AIC,agent_type
0,71.7947122312514,0.1216464171249205,2.2028398779372758,5f35d7f393a88f0023c8d71a,-79.36092,164.72184,sparse_lqr
