,attention_cost,exp_param,step_size,vm_param,pp_id,ll,AIC,agent_type
0,3.401903614098015,0.07692323290008826,0.036187454038834055,6.859652175982726,5f35d80393a88f0023c8d729,-52.701619,113.403238,sparse_max_continuous
