,b,exp_param,n,vm_param,pp_id,ll,AIC,agent_type
0,0.4578477902151934,0.005744712743241695,4.759584276200075,2.1855888115186337,5f36101b93a88f0023c90907,-102.1474779,212.2949558,null_model_1
