,b,exp_param,n,vm_param,pp_id,ll,AIC,agent_type
0,3.620886506986059,0.023552106257935617,2.7262067037990327,6.478583779682792,5f35d76793a88f0023c8d689,-69.77334379999999,147.54668759999998,null_model_1
