,attention_cost,exp_param,step_size,vm_param,pp_id,ll,AIC,agent_type
0,19.560512065495285,0.04651538890829147,1.0510706509088263,2.150589743125934,5f35d5ee93a88f0023c8d5fe,-87.432711,182.865422,sparse_max_continuous
