,attention_cost,exp_param,step_size,vm_param,pp_id,ll,AIC,agent_type
0,7.851193499357758,0.12968282514368906,0.49488268093239135,1.7050637290884427,5f35d71c93a88f0023c8d66e,-85.058054,178.116108,sparse_max_discrete
