,attention_cost,exp_param,step_size,vm_param,pp_id,ll,AIC,agent_type
0,0.0,0.04321804255332582,0.5027530980869013,2.074262403622999,5f35d77893a88f0023c8d690,-90.972957,187.945914,hill_climbing
