,b,exp_param,n,vm_param,pp_id,ll,AIC,agent_type
0,1.689442578760028,0.012057423694805471,1.3065901441313388,4.330835944214475,5f36121793a88f0023c9095f,-81.8857259021887,171.7714518043774,null_model_1
