,exp_param,step_size,vm_param,pp_id,ll,AIC,agent_type
0,0.04794703918842632,0.172025721963329,6.1492606211777465,5f35d6af93a88f0023c8d646,-64.699943,135.399886,hill_climbing
