,attention_cost,exp_param,step_size,vm_param,pp_id,ll,AIC,agent_type
0,0.0,0.05609065749985885,0.17344312909581214,9.955584781288449,5f35d90b93a88f0023c8d8cf,-45.3329447240863,96.6658894481726,hill_climbing
