,exp_param,vm_param,pp_id,ll,AIC,agent_type
0,0.008315575462233816,4.056652937287187,5f35d72f93a88f0023c8d675,-89.586584,183.173168,lqr
