,attention_cost,exp_param,step_size,vm_param,pp_id,ll,AIC,agent_type
0,0.0,0.0010000487008417856,0.0,2.0392275177929244,5f35dae093a88f0023c8de20,-127.441702,260.88340400000004,hill_climbing
