exp_param,vm_param,pp_id,ll,AIC,agent_type
0.0327909273195698,3.1131809159606947,5f3612ca93a88f0023c909a0,-83.50060381943723,171.00120763887446,null_model_2
