,attention_cost,exp_param,step_size,vm_param,pp_id,ll,AIC,agent_type
0,21.194890518075518,0.02394328270611764,0.0048350164166370835,2.089856706380008,5f35d83993a88f0023c8d78b,-100.37554,208.75108,sparse_max_continuous
