,attention_cost,exp_param,vm_param,pp_id,ll,AIC,agent_type
0,279.5916207590512,0.014937621402621417,2.3436208612142053,5f35df1293a88f0023c8f3db,-98.0942,202.1884,sparse_lqr
