,exp_param,step_size,vm_param,pp_id,ll,AIC,agent_type
0,0.054143718522520166,0.27614064403959565,2.8003363384128366,5f35d7da93a88f0023c8d703,-81.885362,169.770724,hill_climbing
