b,exp_param,n,vm_param,pp_id,ll,AIC,agent_type
1.974126558149984,0.0271847758908415,1.1132259520831784,2.462110676030459,5f36107b93a88f0023c9090e,-98.9944984077303,205.9889968154606,null_model_1
