,attention_cost,exp_param,step_size,vm_param,pp_id,ll,AIC,agent_type
0,17.247988396651802,0.08408638968767101,0.7147300390039442,3.9687943841308417,5f361ea793a88f0023c90f71,-58.090751,124.181502,sparse_max_discrete
