,attention_cost,exp_param,step_size,vm_param,pp_id,ll,AIC,agent_type
0,25.20849948530275,0.06457347332021793,0.4459533639695601,7.591296535134893,5f36107b93a88f0023c9090e,-71.893224,151.786448,sparse_max_continuous
