,exp_param,step_size,vm_param,pp_id,ll,AIC,agent_type
0,0.04757617893960491,0.163453880079919,4.016163622302331,5f35d70093a88f0023c8d662,-72.416336,150.832672,hill_climbing
