,exp_param,vm_param,pp_id,ll,AIC,agent_type
0,0.008302673957369684,0.9968491217134945,5f35d6af93a88f0023c8d646,-122.989463,249.978926,lqr
