attention_cost,exp_param,step_size,vm_param,pp_id,ll,AIC,agent_type
7.800555095258767,0.3108870993415906,0.9884405884514345,1.88997700657722,5f35dcae93a88f0023c8e7a3,-81.39961608971512,170.79923217943025,sparse_max_discrete
