,attention_cost,exp_param,vm_param,pp_id,ll,AIC,agent_type
0,106.34514596725492,0.09339093364187621,5.144177467165743,5f35d64493a88f0023c8d61e,-60.394113,126.788226,sparse_lqr
