,exp_param,vm_param,pp_id,ll,AIC,agent_type
0,0.0034893574574592816,1.3206584617477979,5f35d62693a88f0023c8d611,-126.486639,256.973278,lqr
