,exp_param,vm_param,pp_id,ll,AIC,agent_type
0,0.0010004207058512003,3.3399221365168117,5f35e70693a88f0023c90462,-191.6236,387.2472,null_model_2
