,b,exp_param,n,vm_param,pp_id,ll,AIC,agent_type
0,4.864919066487968,0.01886359126476601,3.7595792911880994,4.634725052473323,5f35df8793a88f0023c8f599,-80.6742446,169.3484892,null_model_1
