,attention_cost,exp_param,vm_param,pp_id,ll,AIC,agent_type
0,44.73890310138506,0.054363583894767926,1.8886297332745239,5f35dfdb93a88f0023c8f6da,-89.9765,183.953,sparse_lqr
