,b,exp_param,n,vm_param,pp_id,ll,AIC,agent_type
0,1.0,0.36636895484202087,1.9945336291854918,6.7993912235345695,5f360ff993a88f0023c90904,-48.228790000000004,104.45758000000001,null_model_1
