,exp_param,vm_param,pp_id,ll,AIC,agent_type
0,0.0029951149700444797,1.935536609750469,5f35dc7593a88f0023c8e5d3,-121.11632548748341,246.23265097496682,lqr
