,exp_param,step_size,vm_param,pp_id,ll,AIC,agent_type
0,0.11456351573954543,0.7855510361418292,1.842122184727526,5f361f5693a88f0023c90f72,-83.809677,173.619354,hill_climbing
