,attention_cost,exp_param,vm_param,pp_id,ll,AIC,agent_type
0,189.97676259032232,0.006920784698589453,2.0172360595730456,5f35d7a693a88f0023c8d6b2,-109.545737,225.091474,sparse_lqr
