,attention_cost,exp_param,step_size,vm_param,pp_id,ll,AIC,agent_type
0,10.550790125795386,0.026399061913178486,0.41152382544564986,5.284181506517069,5f35d63393a88f0023c8d617,-71.121667,150.243334,sparse_max_discrete
