,b,exp_param,n,vm_param,pp_id,ll,AIC,agent_type
0,1.1561050524242966,0.009142905893151775,3.081012312102955,2.758396276852364,5f3626b693a88f0023c91063,-96.80083230560851,201.60166461121702,null_model_1
