,attention_cost,exp_param,vm_param,pp_id,ll,AIC,agent_type
0,205.0001152338097,0.033788591162396873,2.0054230786677953,5f35d62693a88f0023c8d611,-92.636142,191.272284,sparse_lqr
