attention_cost,exp_param,step_size,vm_param,pp_id,ll,AIC,agent_type
18.76625985747532,0.0083248859702513,1.126505817078766,2.365791183872703,5f360f4693a88f0023c908ef,-100.89950387069806,209.7990077413961,sparse_max_continuous
