,attention_cost,exp_param,step_size,vm_param,pp_id,ll,AIC,agent_type
0,0.0,0.02796575252983043,0.3764794348085702,2.0007814836651674,5f35d9ad93a88f0023c8da5b,-94.864285,195.72857,hill_climbing
