,attention_cost,exp_param,vm_param,pp_id,ll,AIC,agent_type
0,298.03746059381126,0.06291256511109843,9.862629433559,5f35d6ae93a88f0023c8d644,-25.232,54.464,sparse_lqr
