,attention_cost,exp_param,vm_param,pp_id,ll,AIC,agent_type
0,104.91738103370626,0.052920963427545965,6.659270823251378,5f35d6af93a88f0023c8d646,-61.521616,129.043232,sparse_lqr
