,exp_param,vm_param,pp_id,ll,AIC,agent_type
0,0.002756863799009003,1.4479546315457703,5f360f1993a88f0023c908ea,-126.584809,257.169618,lqr
