exp_param,vm_param,pp_id,ll,AIC,agent_type
0.0061631935203254,1.3070767765445046,5f35e0a193a88f0023c8f986,-122.1329036744921,248.2658073489842,lqr
