,attention_cost,exp_param,vm_param,pp_id,ll,AIC,agent_type
0,168.50317171971895,0.04369404179468039,3.088814865908321,5f35d63193a88f0023c8d616,-80.5909,165.1818,sparse_lqr
