,attention_cost,exp_param,step_size,vm_param,pp_id,ll,AIC,agent_type
0,0.0,0.023565484085899525,0.47253241854363565,1.7953199093348682,5f35d8b893a88f0023c8d833,-98.8879,203.7758,hill_climbing
