exp_param,vm_param,pp_id,ll,AIC,agent_type
0.0418506770218738,9.955890934978148,5f35d76793a88f0023c8d689,-50.23960095420726,104.47920190841452,null_model_2
