,attention_cost,exp_param,vm_param,pp_id,ll,AIC,agent_type
0,97.53876321564898,0.0122617784658705,3.397092564830493,5f3626b693a88f0023c91063,-88.41791570335911,180.83583140671823,sparse_lqr
