,attention_cost,exp_param,step_size,vm_param,pp_id,ll,AIC,agent_type
0,0.0,0.12142083120822666,0.6064787370793421,7.240975827622778,5f35d64493a88f0023c8d61e,-48.9758,103.9516,hill_climbing
