,attention_cost,exp_param,step_size,vm_param,pp_id,ll,AIC,agent_type
0,0.0,0.03203111468349548,0.0023577081930722388,6.4631886613318255,5f35d93793a88f0023c8d930,-61.834305,129.66861,hill_climbing
