,exp_param,vm_param,pp_id,ll,AIC,agent_type
0,0.011452335532413961,2.3929562606744117,5f35d6aa93a88f0023c8d642,-100.524213,205.048426,null_model_2
