,attention_cost,exp_param,step_size,vm_param,pp_id,ll,AIC,agent_type
0,4.170009489260598,0.0022796990461218117,0.019596872335007676,8.964634011894152,5f35da4f93a88f0023c8dc28,-66.029502,140.059004,sparse_max_continuous
