,attention_cost,exp_param,vm_param,pp_id,ll,AIC,agent_type
0,79.47586729884281,0.06726849959401313,3.700841979141063,5f35e09e93a88f0023c8f979,-71.548893,149.097786,sparse_lqr
