,b,exp_param,n,vm_param,pp_id,ll,AIC,agent_type
0,0.0,0.03,1.0,2.0,5f35d93793a88f0023c8d930,-98.67910739999999,205.35821479999998,null_model_1
