,exp_param,vm_param,pp_id,ll,AIC,agent_type
0,0.003354874151266556,1.5646165912773469,5f35df8793a88f0023c8f599,-124.029613,252.059226,lqr
