,attention_cost,exp_param,step_size,vm_param,pp_id,ll,AIC,agent_type
0,21.902734905787636,0.025826282344263297,0.6397996171074358,4.926242662141816,5f35d85593a88f0023c8d7c5,-76.929033,161.858066,sparse_max_continuous
