,exp_param,vm_param,pp_id,ll,AIC,agent_type
0,0.001386990856797732,1.9752836779760663,5f35d90c93a88f0023c8d8d0,-126.642,257.284,lqr
