,exp_param,vm_param,pp_id,ll,AIC,agent_type
0,0.004010359370857427,4.460223215061086,5f35d94f93a88f0023c8d95c,-96.406515,196.81303,lqr
