attention_cost,exp_param,step_size,vm_param,pp_id,ll,AIC,agent_type
0.0,0.044903531862917,0.0010690736191708,3.62858220051232,5f3612ca93a88f0023c909a0,-84.49669234913935,174.9933846982787,hill_climbing
