,attention_cost,exp_param,step_size,vm_param,pp_id,ll,AIC,agent_type
0,2.0668904853367853,0.001,0.624059022935348,3.552437743235307,5f35dba493a88f0023c8e193,-106.793186,221.586372,sparse_max_continuous
