,attention_cost,exp_param,step_size,vm_param,pp_id,ll,AIC,agent_type
0,0.6811773208216809,0.10045278274406637,0.7699114445555774,2.5935374722348383,5f35e37d93a88f0023c8ffdc,-78.311357,164.622714,sparse_max_discrete
