attention_cost,exp_param,vm_param,pp_id,ll,AIC,agent_type
100.28292149814789,0.0899092226015555,1.849055902784084,5f35d79b93a88f0023c8d6aa,-89.11354596413625,182.2270919282725,sparse_lqr
