,b,exp_param,n,vm_param,pp_id,ll,AIC,agent_type
0,4.315891226034431,0.038302747908351344,4.830059555760016,3.2104369919270557,5f35d88193a88f0023c8d7ff,-83.1863739,174.3727478,null_model_1
