,exp_param,vm_param,pp_id,ll,AIC,agent_type
0,0.09245615390351293,6.082419157611605,5f35d60a93a88f0023c8d608,-56.386342,116.772684,null_model_2
