,exp_param,vm_param,pp_id,ll,AIC,agent_type
0,0.012540989496518488,0.6307430964449912,5f35d85593a88f0023c8d7c5,-124.280755,252.56151,lqr
