,b,exp_param,n,vm_param,pp_id,ll,AIC,agent_type
0,4.681299140338013,0.008978160199170016,1.3439348247281284,3.8247632609541373,5f35d6aa93a88f0023c8d642,-102.92752879999998,213.85505759999995,null_model_1
