,exp_param,vm_param,pp_id,ll,AIC,agent_type
0,0.004787349081413435,2.210343784963759,5f35d76593a88f0023c8d688,-111.41442116155082,226.82884232310164,lqr
