,b,exp_param,n,vm_param,pp_id,ll,AIC,agent_type
0,1.3326113522160465,0.027964142040014277,2.259996487722409,2.9051277020813817,5f35d8e393a88f0023c8d887,-78.66746900000001,165.33493800000002,null_model_1
