,attention_cost,exp_param,step_size,vm_param,pp_id,ll,AIC,agent_type
0,1.4976715145180797,0.28197810821137276,1.5,1.405948143432313,5f361f5693a88f0023c90f72,-85.10548345508309,178.21096691016618,sparse_max_discrete
