,exp_param,vm_param,pp_id,ll,AIC,agent_type
0,0.01830061997895399,1.0054703015610578,5f35d7f393a88f0023c8d71a,-115.171362,234.342724,lqr
