,attention_cost,exp_param,vm_param,pp_id,ll,AIC,agent_type
0,72.5101307758513,0.05194721013664404,8.086061735005456,5f35d7d693a88f0023c8d6f7,-51.503291,109.006582,sparse_lqr
