exp_param,vm_param,pp_id,ll,AIC,agent_type
0.1018684020036171,9.999489347823898,5f35d6ae93a88f0023c8d644,-24.437898782483717,52.87579756496743,null_model_2
