attention_cost,exp_param,step_size,vm_param,pp_id,ll,AIC,agent_type
0.0,0.014650290278652,0.5351082597691086,4.066436230064475,5f35dc9193a88f0023c8e6bd,-79.23112086487734,164.46224172975468,hill_climbing
