,exp_param,step_size,vm_param,pp_id,ll,AIC,agent_type
0,0.04488500241123013,0.02858516510325332,7.845504657181693,5f35d6bc93a88f0023c8d64b,-57.890678,121.781356,hill_climbing
