,attention_cost,exp_param,step_size,vm_param,pp_id,ll,AIC,agent_type
0,0.0,0.020122246656812465,0.004588265282011839,6.875026378281949,5f35d76593a88f0023c8d688,-62.721139617916435,131.44227923583287,hill_climbing
