,b,exp_param,n,vm_param,pp_id,ll,AIC,agent_type
0,13.087895324003489,0.022734953023719442,1.1238528508627055,7.892405315643397,5f35d6ae93a88f0023c8d644,-61.38863665032363,130.77727330064727,null_model_1
