,attention_cost,exp_param,vm_param,pp_id,ll,AIC,agent_type
0,272.2746216614858,0.018742445160619785,5.101804918485055,5f35dc9193a88f0023c8e6bd,-81.105899,166.211798,sparse_lqr
