,exp_param,step_size,vm_param,pp_id,ll,AIC,agent_type
0,0.007395342554392645,0.10295174027437409,2.6352363327851847,5f36101b93a88f0023c90907,-100.492932,206.985864,hill_climbing
