,attention_cost,exp_param,step_size,vm_param,pp_id,ll,AIC,agent_type
0,29.547530169248684,0.030558629748113054,0.3647488264110503,4.355564786901826,5f35d63393a88f0023c8d617,-72.890602,153.781204,sparse_max_discrete
