,b,exp_param,n,vm_param,pp_id,ll,AIC,agent_type
0,3.555988105014631,0.004483655839934163,3.227803241348032,2.046503949250791,5f35d62993a88f0023c8d613,-108.2080617,224.4161234,null_model_1
