,b,exp_param,n,vm_param,pp_id,ll,AIC,agent_type
0,4.09134944356404,0.018604298946753646,3.70583366935751,3.0327359114271424,5f35d81193a88f0023c8d742,-91.0501199,190.1002398,null_model_1
