,attention_cost,exp_param,vm_param,pp_id,ll,AIC,agent_type
0,234.7772274026312,0.001,1.7056955623704448,5f35d72493a88f0023c8d66f,-128.092897,262.185794,sparse_lqr
