attention_cost,exp_param,step_size,vm_param,pp_id,ll,AIC,agent_type
0.0,0.0490039864420359,1.127332729654899,3.966154902190402,5f35d83993a88f0023c8d78b,-88.99596573480738,183.9919314696148,hill_climbing
