attention_cost,exp_param,step_size,vm_param,pp_id,ll,AIC,agent_type
14.705859367326951,0.0464366635246237,0.417492196270353,6.399745691089123,5f362fb593a88f0023c91191,-59.53488145799932,127.06976291599864,sparse_max_discrete
