,exp_param,vm_param,pp_id,ll,AIC,agent_type
0,0.009677458293543786,1.9423720230727648,5f35db9193a88f0023c8e13f,-107.100577,218.201154,lqr
