,attention_cost,exp_param,vm_param,pp_id,ll,AIC,agent_type
0,270.05202223834516,0.01715110495019501,3.782735455671553,5f35d5ea93a88f0023c8d5fd,-85.812471,177.624942,sparse_lqr
