,attention_cost,exp_param,step_size,vm_param,pp_id,ll,AIC,agent_type
0,0.0,0.08020330290856059,0.002748683580454825,3.624572537609747,5f35d79293a88f0023c8d6a1,-70.77938194885576,147.55876389771151,hill_climbing
