,exp_param,step_size,vm_param,pp_id,ll,AIC,agent_type
0,0.366997074722002,0.4956347988525922,3.9683056781952186,5f35d74293a88f0023c8d67c,-52.294083,110.588166,hill_climbing
