,attention_cost,exp_param,vm_param,pp_id,ll,AIC,agent_type
0,244.70471691526262,0.038727176586809534,3.3736018777128107,5f35d70093a88f0023c8d662,-74.557837,155.115674,sparse_lqr
