,attention_cost,exp_param,step_size,vm_param,pp_id,ll,AIC,agent_type
0,0.0,0.09565714893019045,0.17708460959040898,2.428866088417947,5f35d60393a88f0023c8d605,-83.3547110736979,172.7094221473958,hill_climbing
