,attention_cost,exp_param,vm_param,pp_id,ll,AIC,agent_type
0,24.70989557626232,0.021387041625817223,9.02385650380782,5f35d76793a88f0023c8d689,-44.4665,92.933,sparse_lqr
