,exp_param,vm_param,pp_id,ll,AIC,agent_type
0,0.0013985813577874508,2.070152389878146,5f360ea493a88f0023c908e6,-125.311818,254.623636,lqr
