,attention_cost,exp_param,step_size,vm_param,pp_id,ll,AIC,agent_type
0,0.0,0.046432448894501065,0.27580642433750135,9.964255549362568,5f35d77893a88f0023c8d691,-46.56915569905459,99.13831139810918,hill_climbing
