,attention_cost,exp_param,step_size,vm_param,pp_id,ll,AIC,agent_type
0,23.03650906784445,0.03938734346417261,0.6918461629827859,4.313083707844292,5f3610a993a88f0023c90912,-76.82397230368903,161.64794460737807,sparse_max_continuous
