,exp_param,step_size,vm_param,pp_id,ll,AIC,agent_type
0,0.001,0.0,3.048282202485567,5f35e70693a88f0023c90462,-195.387401,396.774802,hill_climbing
