,attention_cost,exp_param,step_size,vm_param,pp_id,ll,AIC,agent_type
0,9.595342596720336,0.0980016867116554,0.012433361898835649,3.498419108817845,5f35d60a93a88f0023c8d608,-71.82567934676527,151.65135869353054,sparse_max_discrete
