,attention_cost,exp_param,step_size,vm_param,pp_id,ll,AIC,agent_type
0,9.948452214335639,0.06011478491500212,0.017413538000641604,4.32123399634401,5f35e00093a88f0023c8f758,-74.949056,157.898112,sparse_max_continuous
