,attention_cost,exp_param,step_size,vm_param,pp_id,ll,AIC,agent_type
0,0.0,0.0025506080571049737,0.843092242737254,1.5351429967095331,5f35dba493a88f0023c8e193,-124.928641,255.857282,hill_climbing
