,attention_cost,exp_param,step_size,vm_param,pp_id,ll,AIC,agent_type
0,8.240527316779936,0.06417143730205019,0.03040913850807042,3.114442180047269,5f35d70093a88f0023c8d662,-74.613416,157.226832,sparse_max_continuous
