,attention_cost,exp_param,step_size,vm_param,pp_id,ll,AIC,agent_type
0,19.81795067785796,0.09054106822853454,0.3161564131305281,5.028243835184045,5f362dee93a88f0023c91131,-61.477503,130.955006,sparse_max_discrete
