,attention_cost,exp_param,step_size,vm_param,pp_id,ll,AIC,agent_type
0,6.704771066557028,0.1168871241789182,0.0826803240273537,6.969057655451369,5f35d73b93a88f0023c8d678,-54.572476,117.144952,sparse_max_discrete
