,attention_cost,exp_param,step_size,vm_param,pp_id,ll,AIC,agent_type
0,16.265065440681383,0.2709781765056761,0.0,10.0,5f360ff993a88f0023c90904,-34.916419,77.832838,sparse_max_discrete
