,exp_param,step_size,vm_param,pp_id,ll,AIC,agent_type
0,0.011925064257825083,0.4787166685758966,2.6609328377479113,5f35e94193a88f0023c905da,-98.841569,203.683138,hill_climbing
