,exp_param,step_size,vm_param,pp_id,ll,AIC,agent_type
0,0.04680458245289575,0.0,2.503670336268114,5f35d85593a88f0023c8d7c5,-84.145056,174.290112,hill_climbing
