attention_cost,exp_param,step_size,vm_param,pp_id,ll,AIC,agent_type
24.21981363707048,0.0150782758586228,0.0136846522248818,5.941397776679408,5f35d7f093a88f0023c8d716,-87.8550514265875,183.710102853175,sparse_max_continuous
