,attention_cost,exp_param,vm_param,pp_id,ll,AIC,agent_type
0,73.13465782822742,0.029286827572182872,2.5277102857303078,5f35d62693a88f0023c8d611,-93.243725,192.48745,sparse_lqr
