,attention_cost,exp_param,step_size,vm_param,pp_id,ll,AIC,agent_type
0,0.0,0.02606769772022758,0.12398799392710164,4.943729455609107,5f35d63393a88f0023c8d617,-73.14559100426696,152.29118200853392,hill_climbing
