attention_cost,exp_param,step_size,vm_param,pp_id,ll,AIC,agent_type
5.265122680529104,0.001,0.0,3.8727920963380007,5f35e70693a88f0023c90462,-191.37172238501137,390.74344477002273,sparse_max_continuous
