,attention_cost,exp_param,step_size,vm_param,pp_id,ll,AIC,agent_type
0,4.689205329005412,0.04060431883722933,0.07067929063893452,7.833667475130564,5f35d73b93a88f0023c8d678,-53.56704651081885,115.1340930216377,sparse_max_discrete
