attention_cost,exp_param,step_size,vm_param,pp_id,ll,AIC,agent_type
19.484565342377824,0.0204336631520389,0.0729979818278772,2.9333018911966517,5f35d81193a88f0023c8d742,-86.24852939239969,180.49705878479935,sparse_max_discrete
