exp_param,vm_param,pp_id,ll,AIC,agent_type
0.1080808911841857,1.2255194457891372,5f35d7f393a88f0023c8d71a,-94.03109836211318,192.0621967242264,null_model_2
