,attention_cost,exp_param,vm_param,pp_id,ll,AIC,agent_type
0,85.38716430208264,0.06197564443855142,7.035193311050811,5f35d5d093a88f0023c8d5f7,-57.377996,120.755992,sparse_lqr
