,exp_param,vm_param,pp_id,ll,AIC,agent_type
0,0.019636830618412433,2.6622545078764115,5f35d76793a88f0023c8d689,-92.219679,188.439358,lqr
