b,exp_param,n,vm_param,pp_id,ll,AIC,agent_type
22.804309975062043,0.0102399005097501,1.17992338294906,1.971939853413588,5f35d81193a88f0023c8d742,-100.92516901251028,209.85033802502056,null_model_1
