,exp_param,step_size,vm_param,pp_id,ll,AIC,agent_type
0,0.03128669714897212,0.034986214690140516,9.62692631433747,5f35d61893a88f0023c8d60c,-53.222895,112.44579,hill_climbing
