,exp_param,vm_param,pp_id,ll,AIC,agent_type
0,0.030645221146647004,2.334828152642734,5f35d77893a88f0023c8d690,-91.407733,186.815466,null_model_2
