b,exp_param,n,vm_param,pp_id,ll,AIC,agent_type
20.17239556028656,0.0053774775509746,3.025612993805366,2.7219661861652824,5f36101b93a88f0023c90907,-104.3529330647331,216.7058661294662,null_model_1
