,attention_cost,exp_param,step_size,vm_param,pp_id,ll,AIC,agent_type
0,6.43397405149062,0.01440789914879765,0.06481095322787672,6.760548743626094,5f35db0c93a88f0023c8deda,-78.651215,165.30243,sparse_max_continuous
