,b,exp_param,n,vm_param,pp_id,ll,AIC,agent_type
0,4.519489032616905,0.01640308383528281,3.4943187602550307,3.2688901772648817,5f35d68993a88f0023c8d637,-94.84273602000118,197.68547204000237,null_model_1
