,attention_cost,exp_param,step_size,vm_param,pp_id,ll,AIC,agent_type
0,28.94846052107502,0.05974504108030848,1.0247970224383982,2.2158420493412367,5f35d8e393a88f0023c8d887,-75.618746,159.237492,sparse_max_discrete
