exp_param,vm_param,pp_id,ll,AIC,agent_type
0.0035337790082255,1.3615051624740817,5f35df8793a88f0023c8f599,-125.6039387821932,255.2078775643864,lqr
