,b,exp_param,n,vm_param,pp_id,ll,AIC,agent_type
0,8.275100822367701,0.05057784877811122,3.5798567099656236,0.8763999681581569,5f35d8b893a88f0023c8d833,-113.82760666108793,235.65521332217585,null_model_1
