,attention_cost,exp_param,vm_param,pp_id,ll,AIC,agent_type
0,278.0183516275702,0.011765651677265013,2.4113973230172614,5f35e94193a88f0023c905da,-102.888448,211.776896,sparse_lqr
