,attention_cost,exp_param,step_size,vm_param,pp_id,ll,AIC,agent_type
0,0.0,0.061485392568290775,0.18580862347362087,2.4510498811716106,5f35d5ee93a88f0023c8d5fe,-86.088514,178.177028,hill_climbing
