,attention_cost,exp_param,vm_param,pp_id,ll,AIC,agent_type
0,277.5082466385668,0.017995796294138635,3.214362508335263,5f35dc7593a88f0023c8e5d3,-90.914038,185.828076,sparse_lqr
