,exp_param,step_size,vm_param,pp_id,ll,AIC,agent_type
0,0.013087903549438909,0.394607647293848,1.6938580951460402,5f35dc7593a88f0023c8e5d3,-108.054969,222.109938,hill_climbing
