,attention_cost,exp_param,step_size,vm_param,pp_id,ll,AIC,agent_type
0,22.954273236633437,0.09551708078695548,0.8063878554374102,5.457036715850826,5f35e11793a88f0023c8fa8c,-58.893697,125.787394,sparse_max_discrete
