,exp_param,step_size,vm_param,pp_id,ll,AIC,agent_type
0,0.09900158492208004,0.10731767850072682,9.999486184033813,5f35d97e93a88f0023c8d9d4,-27.159455,60.31891,hill_climbing
