,b,exp_param,n,vm_param,pp_id,ll,AIC,agent_type
0,2.600975184711957,0.03305584957623575,1.8849932647648981,7.594206884955249,5f35da2c93a88f0023c8db97,-49.75646910000001,107.51293820000002,null_model_1
