,attention_cost,exp_param,vm_param,pp_id,ll,AIC,agent_type
0,218.1351139565826,0.01656439748740474,2.0387546720400596,5f35d86c93a88f0023c8d7e9,-96.935606,199.871212,sparse_lqr
