,attention_cost,exp_param,vm_param,pp_id,ll,AIC,agent_type
0,251.82343346388492,0.005181252580087231,2.020609913085453,5f35db0c93a88f0023c8deda,-106.932056,219.864112,sparse_lqr
