b,exp_param,n,vm_param,pp_id,ll,AIC,agent_type
14.875912240989704,0.0202433679416406,1.0476747273208438,2.712290803210131,5f35d72b93a88f0023c8d674,-93.6744663568348,195.34893271366963,null_model_1
