,attention_cost,exp_param,step_size,vm_param,pp_id,ll,AIC,agent_type
0,28.665859938502425,0.060965289851348366,0.09429228674448648,3.641087500174133,5f35d60a93a88f0023c8d608,-72.6818,153.3636,sparse_max_continuous
