,b,exp_param,n,vm_param,pp_id,ll,AIC,agent_type
0,2.301975536736204,0.019878198029575692,2.5954570698654873,8.811571343717468,5f35d76793a88f0023c8d689,-57.8700365861662,123.7400731723324,null_model_1
