,attention_cost,exp_param,step_size,vm_param,pp_id,ll,AIC,agent_type
0,0.0,0.017076014810789866,0.46930886021472684,4.900495220482682,5f35dc7593a88f0023c8e5d3,-79.435116,164.870232,hill_climbing
