,exp_param,vm_param,pp_id,ll,AIC,agent_type
0,0.0011690254943430606,1.5075047203770198,5f35d65393a88f0023c8d623,-135.6675851829014,275.3351703658028,lqr
