,attention_cost,exp_param,vm_param,pp_id,ll,AIC,agent_type
0,75.20073218721038,0.023000690881866247,2.143245705150897,5f35d9ad93a88f0023c8da5b,-99.961453,203.922906,sparse_lqr
