attention_cost,exp_param,step_size,vm_param,pp_id,ll,AIC,agent_type
4.402676724513391,0.093246256174029,0.2793903170665063,3.4556072704304777,5f35e09e93a88f0023c8f979,-70.77545143571129,149.55090287142258,sparse_max_discrete
