,attention_cost,exp_param,vm_param,pp_id,ll,AIC,agent_type
0,246.72442634251766,0.02748611493486857,2.174309576374709,5f35d71a93a88f0023c8d66c,-91.28995075500191,186.57990151000382,sparse_lqr
