,attention_cost,exp_param,step_size,vm_param,pp_id,ll,AIC,agent_type
0,0.0,0.051314346494819786,0.4337393607842801,7.169266944422068,5f35d65893a88f0023c8d625,-61.539229,129.078458,hill_climbing
