,attention_cost,exp_param,vm_param,pp_id,ll,AIC,agent_type
0,226.85168243885093,0.012442834536228228,3.7867774498976514,5f35df1293a88f0023c8f3db,-86.502106,179.004212,sparse_lqr
