,attention_cost,exp_param,step_size,vm_param,pp_id,ll,AIC,agent_type
0,16.53475939172295,0.00731148784705774,0.245797061571551,3.143979698781174,5f35e94193a88f0023c905da,-102.842063,213.684126,sparse_max_discrete
