,exp_param,vm_param,pp_id,ll,AIC,agent_type
0,0.0385485643070524,1.7947622403230357,5f35d7da93a88f0023c8d703,-95.190739,194.381478,lqr
