,attention_cost,exp_param,step_size,vm_param,pp_id,ll,AIC,agent_type
0,0.0,0.0909893916482096,0.8356870346257408,2.957562194073016,5f35d71c93a88f0023c8d66e,-77.86438317526792,161.72876635053584,hill_climbing
