,attention_cost,exp_param,vm_param,pp_id,ll,AIC,agent_type
0,48.09158575179361,0.018696134154505353,4.207639990015291,5f35d72b93a88f0023c8d674,-85.3157,174.6314,sparse_lqr
