,attention_cost,exp_param,vm_param,pp_id,ll,AIC,agent_type
0,19.67497947013156,0.05032593474347039,4.067201254864969,5f35d73993a88f0023c8d677,-73.607148,153.214296,sparse_lqr
