attention_cost,exp_param,step_size,vm_param,pp_id,ll,AIC,agent_type
1.5741963523083022,0.2556359640315394,1.5,1.4541053701496778,5f361f5693a88f0023c90f72,-84.86448077777209,177.72896155554417,sparse_max_discrete
