,attention_cost,exp_param,step_size,vm_param,pp_id,ll,AIC,agent_type
0,0.006891531426203024,0.07458802891378116,0.39922728099837235,2.0239334888392504,5f35dcae93a88f0023c8e7a3,-88.926986,185.853972,sparse_max_continuous
