,b,exp_param,n,vm_param,pp_id,ll,AIC,agent_type
0,1.5555640124900978,0.5014046250386278,1.4524281768421747,0.7489541893541724,5f35da6493a88f0023c8dc69,-96.5258142,201.0516284,null_model_1
