,attention_cost,exp_param,step_size,vm_param,pp_id,ll,AIC,agent_type
0,1.2601333370115764,0.05798647534868577,0.036816747469705646,7.7441881212004535,5f35d73b93a88f0023c8d678,-53.902,115.804,sparse_max_discrete
