,attention_cost,exp_param,vm_param,pp_id,ll,AIC,agent_type
0,63.24483591943183,0.0683402953107725,8.098249685323761,5f35d82093a88f0023c8d751,-41.992999,89.985998,sparse_lqr
