attention_cost,exp_param,step_size,vm_param,pp_id,ll,AIC,agent_type
0.8324443732521636,0.0203818305317802,0.1001072935952184,8.710732614020525,5f35d78493a88f0023c8d69f,-54.46283823868104,116.92567647736207,sparse_max_continuous
