,b,exp_param,n,vm_param,pp_id,ll,AIC,agent_type
0,1.942733673606356,0.46539009509688484,1.003727201456186,1.0201197219140345,5f35da6493a88f0023c8dc69,-94.31202576982491,196.62405153964983,null_model_1
