,exp_param,step_size,vm_param,pp_id,ll,AIC,agent_type
0,0.009376304670917754,1.0379120256913752,2.1133104073778473,5f35e93693a88f0023c905d9,-109.223551,224.447102,hill_climbing
