,attention_cost,exp_param,step_size,vm_param,pp_id,ll,AIC,agent_type
0,0.0,0.09363300619523517,0.3610735761315467,3.8109436612439156,5f35e09e93a88f0023c8f979,-70.02065080650326,146.0413016130065,hill_climbing
