,exp_param,step_size,vm_param,pp_id,ll,AIC,agent_type
0,0.08987344218064651,0.4505803770264058,9.131938255890574,5f35d6f793a88f0023c8d65f,-49.078066,104.156132,hill_climbing
