,attention_cost,exp_param,vm_param,pp_id,ll,AIC,agent_type
0,30.3913840104434,0.003115366619161912,4.249363509208588,5f35dae093a88f0023c8de20,-107.287936,220.575872,sparse_lqr
