,attention_cost,exp_param,step_size,vm_param,pp_id,ll,AIC,agent_type
0,2.046644727116542,0.04636658828549385,0.5377137602840139,7.741656663589897,5f35d63193a88f0023c8d616,-59.55675768589715,127.1135153717943,sparse_max_discrete
