b,exp_param,n,vm_param,pp_id,ll,AIC,agent_type
4.171416293803301,0.0103218214612539,3.3315966976853124,2.191365440018913,5f35d86c93a88f0023c8d7e9,-101.4297860480299,210.8595720960598,null_model_1
