,attention_cost,exp_param,step_size,vm_param,pp_id,ll,AIC,agent_type
0,0.0,0.03987152327617268,0.12813970822511372,8.926228859432129,5f362fb593a88f0023c91191,-57.276984,120.553968,hill_climbing
