b,exp_param,n,vm_param,pp_id,ll,AIC,agent_type
4.634962708360311,0.0273876678368104,1.0024918181871234,4.734102846495906,5f35e0a193a88f0023c8f986,-73.66452083947541,155.32904167895083,null_model_1
