attention_cost,exp_param,step_size,vm_param,pp_id,ll,AIC,agent_type
4.837049188451312,0.0988080427180653,0.105894188679003,9.887611555330215,5f35d76793a88f0023c8d689,-45.969239806506366,99.93847961301272,sparse_max_continuous
