,exp_param,vm_param,pp_id,ll,AIC,agent_type
0,0.010331695714487079,3.8549357572134166,5f35db9193a88f0023c8e13f,-89.064986,182.129972,lqr
