,attention_cost,exp_param,step_size,vm_param,pp_id,ll,AIC,agent_type
0,0.0,0.09785043578770095,0.08200826031460795,3.312927963553709,5f35d60a93a88f0023c8d608,-71.0957,148.1914,hill_climbing
