,attention_cost,exp_param,step_size,vm_param,pp_id,ll,AIC,agent_type
0,6.453020357552083,0.22013252572956737,0.39260528483726576,8.956735593244945,5f35d79293a88f0023c8d6a1,-36.897084,81.794168,sparse_max_discrete
