,attention_cost,exp_param,step_size,vm_param,pp_id,ll,AIC,agent_type
0,21.605270042839432,0.06406845443911921,0.021674518582427638,3.027883588836774,5f35e00093a88f0023c8f758,-72.721734,153.443468,sparse_max_discrete
