,exp_param,vm_param,pp_id,ll,AIC,agent_type
0,0.03304457852696627,2.93569320744288,5f3612ca93a88f0023c909a0,-83.51119108991011,171.02238217982023,null_model_2
