,attention_cost,exp_param,vm_param,pp_id,ll,AIC,agent_type
0,131.717949117353,0.04036159789514377,4.116569289226202,5f3612ca93a88f0023c909a0,-74.950252,155.900504,sparse_lqr
