attention_cost,exp_param,vm_param,pp_id,ll,AIC,agent_type
243.56227713420023,0.001,2.844697192282565,5f360ea493a88f0023c908e6,-119.0751293699876,242.1502587399752,sparse_lqr
