,attention_cost,exp_param,step_size,vm_param,pp_id,ll,AIC,agent_type
0,29.144771795581896,0.03828643572476912,0.08591360541927989,2.653634311879954,5f3612ca93a88f0023c909a0,-81.412026,170.824052,sparse_max_continuous
