,attention_cost,exp_param,step_size,vm_param,pp_id,ll,AIC,agent_type
0,0.0,0.02259562516788199,0.021200972802171314,4.955323904165025,5f35d8e393a88f0023c8d887,-77.970828,161.941656,hill_climbing
