,exp_param,step_size,vm_param,pp_id,ll,AIC,agent_type
0,0.03485399499680457,0.4670721257799479,1.6522580565047562,5f35d67e93a88f0023c8d634,-106.858626,219.717252,hill_climbing
