,attention_cost,exp_param,step_size,vm_param,pp_id,ll,AIC,agent_type
0,0.421963508035863,0.01936000244395017,0.141337811392245,4.8512781252319535,5f35d65893a88f0023c8d625,-69.101774,146.203548,sparse_max_continuous
