,attention_cost,exp_param,step_size,vm_param,pp_id,ll,AIC,agent_type
0,28.45205797414846,0.044342735229184124,0.7080253395551233,3.2709141021826715,5f35dfdb93a88f0023c8f6da,-85.37163573231751,178.74327146463503,sparse_max_discrete
