,attention_cost,exp_param,step_size,vm_param,pp_id,ll,AIC,agent_type
0,8.359801190290456,0.005640262816969365,0.04016924059371202,2.210874664676923,5f360f4693a88f0023c908ef,-107.195975,222.39195,sparse_max_continuous
