,attention_cost,exp_param,step_size,vm_param,pp_id,ll,AIC,agent_type
0,28.772888707613834,0.021125537164902675,0.11342777072901022,4.253190382031215,5f35d7f093a88f0023c8d716,-78.891355,165.78271,sparse_max_continuous
