,attention_cost,exp_param,step_size,vm_param,pp_id,ll,AIC,agent_type
0,13.708190085124944,0.04002011098177081,0.1128966154453735,1.6249645458303419,5f35d74693a88f0023c8d67e,-91.457672,190.915344,sparse_max_continuous
