,exp_param,step_size,vm_param,pp_id,ll,AIC,agent_type
0,0.058644909654179976,0.1499372825102293,9.668333518880276,5f35d7d693a88f0023c8d6f7,-52.084971,110.169942,hill_climbing
