exp_param,vm_param,pp_id,ll,AIC,agent_type
0.0279767848647706,1.8714634161039043,5f35dab593a88f0023c8dda2,-98.29802575770763,200.5960515154153,null_model_2
