,attention_cost,exp_param,step_size,vm_param,pp_id,ll,AIC,agent_type
0,24.746678210799782,0.03131196828776597,0.1173760353267822,4.355051374891723,5f35d73993a88f0023c8d677,-74.113819,156.227638,sparse_max_continuous
