,attention_cost,exp_param,vm_param,pp_id,ll,AIC,agent_type
0,172.45654555200895,0.03804234211503017,9.975247266905319,5f35d6bc93a88f0023c8d64b,-35.16059845361054,74.32119690722108,sparse_lqr
