,attention_cost,exp_param,step_size,vm_param,pp_id,ll,AIC,agent_type
0,0.0,0.021345939486775028,0.6222113674015961,3.8612647133714972,5f35d5ea93a88f0023c8d5fd,-76.0431947129423,158.0863894258846,hill_climbing
