,attention_cost,exp_param,step_size,vm_param,pp_id,ll,AIC,agent_type
0,0.0,0.033604035905737725,0.4077495729415979,4.237307296070546,5f35df8793a88f0023c8f599,-77.875518,161.751036,hill_climbing
