,exp_param,vm_param,pp_id,ll,AIC,agent_type
0,0.002659167010820958,2.3287312522102943,5f35d7f093a88f0023c8d716,-116.60359,237.20718,lqr
