,b,exp_param,n,vm_param,pp_id,ll,AIC,agent_type
0,5.2293255166319454,0.029680842629730378,4.946820783085028,1.3521784071572962,5f35d84893a88f0023c8d7af,-100.76234310000001,209.52468620000002,null_model_1
