attention_cost,exp_param,step_size,vm_param,pp_id,ll,AIC,agent_type
23.654469908417724,0.0233032269895448,0.13774453621755,2.755718714419767,5f35e0a193a88f0023c8f986,-77.68418248188911,163.36836496377822,sparse_max_continuous
