,attention_cost,exp_param,vm_param,pp_id,ll,AIC,agent_type
0,203.74309908699217,0.023472070104395348,4.316348805190606,5f3610a993a88f0023c90912,-78.88033333060314,161.76066666120627,sparse_lqr
