,attention_cost,exp_param,step_size,vm_param,pp_id,ll,AIC,agent_type
0,0.0,0.010165522884395442,0.7785585932443881,2.667161578724043,5f35d65d93a88f0023c8d629,-96.472744,198.945488,hill_climbing
