,attention_cost,exp_param,step_size,vm_param,pp_id,ll,AIC,agent_type
0,29.05728685147654,0.009326471841057546,0.616280666184644,1.9177312149312686,5f35e93693a88f0023c905d9,-105.4733,218.9466,sparse_max_continuous
