,attention_cost,exp_param,step_size,vm_param,pp_id,ll,AIC,agent_type
0,27.578612595140495,0.013229684083664879,0.776255520686153,2.7324161692350657,5f35d93793a88f0023c8d930,-79.887443,167.774886,sparse_max_continuous
