,exp_param,step_size,vm_param,pp_id,ll,AIC,agent_type
0,0.01699260246451201,0.49217263649247955,2.381119828862764,5f35e94193a88f0023c905da,-99.835581,205.671162,hill_climbing
