,exp_param,vm_param,pp_id,ll,AIC,agent_type
0,0.001354510870857895,1.7209329044526478,5f35d90c93a88f0023c8d8d0,-130.435796,264.871592,lqr
