,b,exp_param,n,vm_param,pp_id,ll,AIC,agent_type
0,4.419512946706218,0.042835692729696284,1.1975855385332572,1.5045502836766345,5f35d85593a88f0023c8d7c5,-112.94362000000001,233.88724000000002,null_model_1
