,exp_param,vm_param,pp_id,ll,AIC,agent_type
0,0.008564451214485933,1.8060414728819318,5f35db0b93a88f0023c8ded5,-110.396598,224.793196,lqr
