,exp_param,step_size,vm_param,pp_id,ll,AIC,agent_type
0,0.09056680201184901,0.17869277828412616,6.187793765056119,5f35d5d093a88f0023c8d5f7,-57.763187,121.526374,hill_climbing
