b,exp_param,n,vm_param,pp_id,ll,AIC,agent_type
1.974126558149984,0.0271847758908415,1.1132259520831784,2.462110676030459,5f35d6af93a88f0023c8d646,-84.57878504108197,177.15757008216394,null_model_1
