,attention_cost,exp_param,step_size,vm_param,pp_id,ll,AIC,agent_type
0,8.062781264845961,0.03914747500805259,0.5072455292739207,5.108666780986298,5f35d63193a88f0023c8d616,-63.100798,134.201596,sparse_max_discrete
