attention_cost,exp_param,vm_param,pp_id,ll,AIC,agent_type
13.365563563428518,0.1083866349769868,2.257093386078547,5f360eea93a88f0023c908e9,-82.11206012178562,168.22412024357124,sparse_lqr
