,exp_param,vm_param,pp_id,ll,AIC,agent_type
0,0.01981065114018855,2.2731919839421657,5f35d76793a88f0023c8d689,-96.950105,197.90021,lqr
