,attention_cost,exp_param,vm_param,pp_id,ll,AIC,agent_type
0,167.6779699047582,0.00796897696337243,3.713863902863878,5f35db0c93a88f0023c8deda,-92.331689,188.663378,sparse_lqr
