,b,exp_param,n,vm_param,pp_id,ll,AIC,agent_type
0,5.1311316572550645,0.04193181054119862,3.9995099580302345,7.145326544432336,5f35d90b93a88f0023c8d8cf,-68.420992059467,144.841984118934,null_model_1
