,exp_param,vm_param,pp_id,ll,AIC,agent_type
0,0.005527520419831956,1.5059761957658102,5f35d63393a88f0023c8d617,-118.555003,241.110006,lqr
