,exp_param,vm_param,pp_id,ll,AIC,agent_type
0,0.004835185652076924,2.223360222979215,5f35d76593a88f0023c8d688,-111.4147,226.8294,lqr
