,attention_cost,exp_param,vm_param,pp_id,ll,AIC,agent_type
0,74.3682063439614,0.028804946761382413,2.445179319116917,5f3626b693a88f0023c91063,-87.9855,179.971,sparse_lqr
