,exp_param,vm_param,pp_id,ll,AIC,agent_type
0,0.024146846601946097,9.877660952943257,5f35dafe93a88f0023c8de97,-40.240278,84.480556,null_model_2
