,exp_param,step_size,vm_param,pp_id,ll,AIC,agent_type
0,0.1922256719052915,0.016981493668299874,9.709648078025415,5f360ff993a88f0023c90904,-15.525539,37.051078000000004,hill_climbing
