,attention_cost,exp_param,vm_param,pp_id,ll,AIC,agent_type
0,131.242635530764,0.02919003911224575,2.402478058766083,5f35d77893a88f0023c8d690,-90.426888,186.853776,sparse_lqr
