,exp_param,step_size,vm_param,pp_id,ll,AIC,agent_type
0,0.03355070343464054,0.27119493957175334,9.746957920261286,5f35d7fa93a88f0023c8d725,-41.157023,88.314046,hill_climbing
