exp_param,vm_param,pp_id,ll,AIC,agent_type
0.0392148668568669,5.959422753826856,5f362fb593a88f0023c91191,-65.31755210943427,134.63510421886855,null_model_2
