,attention_cost,exp_param,step_size,vm_param,pp_id,ll,AIC,agent_type
0,0.0,0.0385263266430299,0.5226941666881059,2.3284856827473455,5f35d71a93a88f0023c8d66c,-83.149624,172.299248,hill_climbing
