,exp_param,vm_param,pp_id,ll,AIC,agent_type
0,0.008225054916513552,1.0013016598286106,5f35d6af93a88f0023c8d646,-122.98966471633196,249.97932943266392,lqr
