,attention_cost,exp_param,vm_param,pp_id,ll,AIC,agent_type
0,75.26347496312515,0.0342420094338349,9.964473092644912,5f35d7d393a88f0023c8d6f4,-42.321614,90.643228,sparse_lqr
