,exp_param,vm_param,pp_id,ll,AIC,agent_type
0,0.003363389081493174,3.848277975278939,5f35d72593a88f0023c8d671,-100.146266,204.292532,lqr
