,exp_param,vm_param,pp_id,ll,AIC,agent_type
0,0.019166298197374847,1.9612552352048351,5f35dc9193a88f0023c8e6bd,-100.389775,204.77955,null_model_2
