,exp_param,vm_param,pp_id,ll,AIC,agent_type
0,0.004237352464798987,1.6084802849507895,5f35d72b93a88f0023c8d674,-118.711548,241.423096,lqr
