,attention_cost,exp_param,step_size,vm_param,pp_id,ll,AIC,agent_type
0,29.822593805364146,0.04663254711416954,0.20103900691986282,3.242579919593539,5f35d71c93a88f0023c8d66e,-81.90846595095809,171.81693190191618,sparse_max_continuous
