,b,exp_param,n,vm_param,pp_id,ll,AIC,agent_type
0,4.302838313172875,0.001,4.999999997771663,1.6900954171226434,5f35e70693a88f0023c90462,-286.2118579,580.4237158,null_model_1
