,attention_cost,exp_param,step_size,vm_param,pp_id,ll,AIC,agent_type
0,8.646047934075598,0.07763331513196232,0.5731234475561022,2.669284690379871,5f35d60393a88f0023c8d605,-74.257623,156.515246,sparse_max_discrete
