attention_cost,exp_param,step_size,vm_param,pp_id,ll,AIC,agent_type
2.091033091961424,0.0205794118940617,0.300538136120763,5.913570313584514,5f35d7da93a88f0023c8d703,-78.93462627511613,165.86925255023226,sparse_max_discrete
