,b,exp_param,n,vm_param,pp_id,ll,AIC,agent_type
0,8.69587296154259,0.009681939584695768,1.5817796608621455,9.7943475396001,5f35d90c93a88f0023c8d8d0,-61.19344778011505,130.3868955602301,null_model_1
