,exp_param,vm_param,pp_id,ll,AIC,agent_type
0,0.011406886884849261,1.9414007651690235,5f35d6aa93a88f0023c8d642,-106.01586270899134,216.03172541798267,null_model_2
