,exp_param,step_size,vm_param,pp_id,ll,AIC,agent_type
0,0.0309011671101494,0.2464960952652271,1.787328475723903,5f35d71a93a88f0023c8d66c,-96.009459,198.018918,hill_climbing
