,exp_param,step_size,vm_param,pp_id,ll,AIC,agent_type
0,0.04984381462590651,0.1524319757025459,9.927520913274778,5f360f1993a88f0023c908ea,-48.644924,103.289848,hill_climbing
