,attention_cost,exp_param,step_size,vm_param,pp_id,ll,AIC,agent_type
0,26.16699379622833,0.0842965971680023,0.11978805534218862,5.789308153765411,5f361ea793a88f0023c90f71,-62.288079,132.57615800000002,sparse_max_continuous
