,attention_cost,exp_param,vm_param,pp_id,ll,AIC,agent_type
0,127.51011017191347,0.023595545003996975,4.642666878426509,5f35d76593a88f0023c8d688,-78.147651,162.295302,sparse_lqr
