,exp_param,step_size,vm_param,pp_id,ll,AIC,agent_type
0,0.04143608549373666,0.4632285983655825,4.985430214001474,5f35d78493a88f0023c8d69f,-69.647181,145.294362,hill_climbing
