,attention_cost,exp_param,vm_param,pp_id,ll,AIC,agent_type
0,269.4519206157402,0.06199245074396333,4.964656587075655,5f362dee93a88f0023c91131,-63.176839,132.353678,sparse_lqr
