attention_cost,exp_param,vm_param,pp_id,ll,AIC,agent_type
179.87495062831687,0.0059962476817762,1.8003722787399756,5f35dae093a88f0023c8de20,-119.5612460116758,243.1224920233516,sparse_lqr
