,b,exp_param,n,vm_param,pp_id,ll,AIC,agent_type
0,2.3390668231747904,0.018876706521587974,1.0663421120897598,6.533473945920985,5f35d65393a88f0023c8d623,-75.06411460000001,158.12822920000002,null_model_1
