,attention_cost,exp_param,step_size,vm_param,pp_id,ll,AIC,agent_type
0,0.0,0.014092106486650203,0.2799038664906163,1.3718432424200167,5f35dc7593a88f0023c8e5d3,-108.291419,222.582838,hill_climbing
