,attention_cost,exp_param,vm_param,pp_id,ll,AIC,agent_type
0,32.984521711686874,0.11903197720892038,7.690229088818603,5f35d72f93a88f0023c8d675,-47.37419292643232,98.74838585286464,sparse_lqr
