attention_cost,exp_param,vm_param,pp_id,ll,AIC,agent_type
26.57777737977853,0.0239712885443068,3.169989926114788,5f35d8e393a88f0023c8d887,-82.10175810291231,168.20351620582463,sparse_lqr
