,attention_cost,exp_param,step_size,vm_param,pp_id,ll,AIC,agent_type
0,7.800555095258767,0.31088709934159064,0.9884405884514343,1.8899770065772201,5f35dcae93a88f0023c8e7a3,-81.39961608971512,170.79923217943025,sparse_max_discrete
