,attention_cost,exp_param,step_size,vm_param,pp_id,ll,AIC,agent_type
0,29.99028618069996,0.007726792375859811,0.057710676288375506,2.8386911485598243,5f36101b93a88f0023c90907,-100.574986,209.149972,sparse_max_discrete
