,exp_param,vm_param,pp_id,ll,AIC,agent_type
0,0.0025825357391533995,1.0390007919463518,5f35d93793a88f0023c8d930,-134.548009,273.096018,lqr
