,attention_cost,exp_param,vm_param,pp_id,ll,AIC,agent_type
0,21.89450739165504,0.05882921596391233,4.075742276647862,5f35d97e93a88f0023c8d9d4,-56.465867,116.931734,sparse_lqr
