,exp_param,vm_param,pp_id,ll,AIC,agent_type
0,0.021120396808545272,3.2117958194869822,5f35dafe93a88f0023c8de97,-86.396644,176.793288,lqr
