,attention_cost,exp_param,step_size,vm_param,pp_id,ll,AIC,agent_type
0,4.290329120241381,0.037067120448664316,0.022065788829278232,2.0182001794390647,5f35d6f793a88f0023c8d65f,-78.417402,164.834804,sparse_max_continuous
