,attention_cost,exp_param,vm_param,pp_id,ll,AIC,agent_type
0,75.46492282649007,0.0956097758989053,1.59671140686516,5f35da6493a88f0023c8dc69,-88.608041,181.216082,sparse_lqr
