,exp_param,vm_param,pp_id,ll,AIC,agent_type
0,0.003611233970487453,0.48248204725869326,5f35d81193a88f0023c8d742,-136.1613322325918,276.3226644651836,lqr
