,b,exp_param,n,vm_param,pp_id,ll,AIC,agent_type
0,1.6771637580262233,0.02342999751308558,2.444982736331127,8.435310209936674,5f35d7d393a88f0023c8d6f4,-49.139427,106.278854,null_model_1
