,exp_param,vm_param,pp_id,ll,AIC,agent_type
0,0.02810444377917107,2.3974564714707727,5f35d84893a88f0023c8d7af,-91.528868,187.057736,null_model_2
