,exp_param,vm_param,pp_id,ll,AIC,agent_type
0,0.014323526186003407,1.6921410819772653,5f35d73d93a88f0023c8d679,-108.875894,221.751788,lqr
