,attention_cost,exp_param,step_size,vm_param,pp_id,ll,AIC,agent_type
0,0.0,0.017147542624929703,0.004675484120448381,3.1268772879999696,5f35df1293a88f0023c8f3db,-86.620312,179.240624,hill_climbing
