,b,exp_param,n,vm_param,pp_id,ll,AIC,agent_type
0,0.6346799881617016,0.007367448597285484,2.5937079276539388,3.576369922484485,5f35d81193a88f0023c8d742,-87.04723390000001,182.09446780000002,null_model_1
