,b,exp_param,n,vm_param,pp_id,ll,AIC,agent_type
0,2.4600090070309264,0.005353752555900095,1.035851690412796,6.467287998010845,5f35dafe93a88f0023c8de97,-61.89527636291943,131.79055272583886,null_model_1
