,exp_param,vm_param,pp_id,ll,AIC,agent_type
0,0.004306030137827302,1.2161818359506238,5f35d82093a88f0023c8d751,-126.5238,257.0476,lqr
