,attention_cost,exp_param,step_size,vm_param,pp_id,ll,AIC,agent_type
0,18.869080536687495,0.049264435206335236,0.06895953563290086,1.576911283160768,5f35d79b93a88f0023c8d6aa,-89.765746,187.531492,sparse_max_continuous
