,b,exp_param,n,vm_param,pp_id,ll,AIC,agent_type
0,30.898257514510185,0.0036174477790967417,2.1903613282937813,1.2901296250406202,5f35e93693a88f0023c905d9,-122.1519680753169,252.3039361506338,null_model_1
