,attention_cost,exp_param,vm_param,pp_id,ll,AIC,agent_type
0,296.1482817599187,0.022841274991107666,2.240992037994686,5f35d9ad93a88f0023c8da5b,-96.731539,199.463078,sparse_lqr
