,exp_param,vm_param,pp_id,ll,AIC,agent_type
0,0.003825946128399497,3.0716391340776585,5f35d78293a88f0023c8d697,-104.794,213.588,lqr
