,attention_cost,exp_param,vm_param,pp_id,ll,AIC,agent_type
0,296.1723905093265,0.02355257689101432,1.7146192289304885,5f35d72b93a88f0023c8d674,-96.65405,199.3081,sparse_lqr
