,attention_cost,exp_param,vm_param,pp_id,ll,AIC,agent_type
0,156.9440952196674,0.030617172794858327,1.4729283872216536,5f35d8b893a88f0023c8d833,-107.63722,221.27444,sparse_lqr
