attention_cost,exp_param,vm_param,pp_id,ll,AIC,agent_type
6.365734750777385,0.0600578644923757,3.702881483056771,5f35d7da93a88f0023c8d703,-78.05577004352779,160.11154008705557,sparse_lqr
