attention_cost,exp_param,step_size,vm_param,pp_id,ll,AIC,agent_type
20.733044957975324,0.02245720009709,0.434474813454577,2.9482886591690205,5f3612ca93a88f0023c909a0,-82.35662426910662,172.71324853821324,sparse_max_discrete
