attention_cost,exp_param,step_size,vm_param,pp_id,ll,AIC,agent_type
3.697167426506361,0.0860369938008399,0.0605944221877414,6.914508365719186,5f35d72f93a88f0023c8d675,-51.78842992211176,111.57685984422352,sparse_max_discrete
