,attention_cost,exp_param,vm_param,pp_id,ll,AIC,agent_type
0,242.23421395490783,0.03657968458066979,9.528045943521226,5f35d76793a88f0023c8d689,-57.471559,120.943118,sparse_lqr
