,exp_param,vm_param,pp_id,ll,AIC,agent_type
0,0.07297165970418378,9.999432362153692,5f35da2c93a88f0023c8db97,-32.375086,68.750172,null_model_2
