,attention_cost,exp_param,vm_param,pp_id,ll,AIC,agent_type
0,21.110741577583745,0.03631087397216365,2.485906072791917,5f35e09e93a88f0023c8f979,-78.54388929885639,161.08777859771277,sparse_lqr
