attention_cost,exp_param,step_size,vm_param,pp_id,ll,AIC,agent_type
29.547199796379747,0.0209890688132818,0.0099090934688816,3.1713473538210204,5f35df1293a88f0023c8f3db,-86.68429721654951,181.36859443309905,sparse_max_discrete
