,attention_cost,exp_param,vm_param,pp_id,ll,AIC,agent_type
0,77.13548813465886,0.11178040944328517,1.9296273201911285,5f35d80893a88f0023c8d735,-84.077189,174.154378,sparse_lqr
