,attention_cost,exp_param,vm_param,pp_id,ll,AIC,agent_type
0,260.99772415356483,0.016789096928682683,3.287773411771946,5f35d5ea93a88f0023c8d5fd,-85.728975,177.45795,sparse_lqr
