,exp_param,vm_param,pp_id,ll,AIC,agent_type
0,0.030722747409243033,3.466256792530796,5f35d73993a88f0023c8d677,-80.789351,165.578702,null_model_2
