,attention_cost,exp_param,step_size,vm_param,pp_id,ll,AIC,agent_type
0,0.0,0.20253325913033685,0.09079147778457013,8.274709311287138,5f360ff993a88f0023c90904,-36.76808774935803,79.53617549871606,hill_climbing
