b,exp_param,n,vm_param,pp_id,ll,AIC,agent_type
1.901523137854325,0.0061757764190571,1.0614011611186247,4.317379296926599,5f36121793a88f0023c9095f,-86.56579076809228,181.13158153618457,null_model_1
