,attention_cost,exp_param,step_size,vm_param,pp_id,ll,AIC,agent_type
0,19.062642905406353,0.0040365308732090086,0.12639215918516417,1.564435306567965,5f35d72493a88f0023c8d66f,-117.617092,243.234184,sparse_max_continuous
