,attention_cost,exp_param,vm_param,pp_id,ll,AIC,agent_type
0,79.47586729884281,0.06726849959401313,3.700841979141063,5f35d63193a88f0023c8d616,-72.919241,151.838482,sparse_lqr
