,b,exp_param,n,vm_param,pp_id,ll,AIC,agent_type
0,7.783171543425441,0.005323014118670676,3.794995914724382,1.5913920978959728,5f35e93693a88f0023c905d9,-121.73256148153826,251.4651229630765,null_model_1
