,attention_cost,exp_param,step_size,vm_param,pp_id,ll,AIC,agent_type
0,0.8065864990621274,0.06511883050205652,0.6427685625482589,1.3626288605522563,5f35d84893a88f0023c8d7af,-98.236743,204.473486,sparse_max_continuous
