,attention_cost,exp_param,vm_param,pp_id,ll,AIC,agent_type
0,5.527580330126058,0.0385485643070524,1.7947622403230357,5f35dab593a88f0023c8dda2,-92.056284,190.112568,sparse_lqr
