,exp_param,vm_param,pp_id,ll,AIC,agent_type
0,0.018719388712130303,1.9823149402818019,5f35d9ad93a88f0023c8da5b,-100.807878,205.615756,null_model_2
