,exp_param,vm_param,pp_id,ll,AIC,agent_type
0,0.04308348776143333,4.082179036406373,5f35d6af93a88f0023c8d646,-73.174095,150.34819,null_model_2
