,attention_cost,exp_param,vm_param,pp_id,ll,AIC,agent_type
0,282.9831112146865,0.002447126688120993,3.9107231531840614,5f35d72493a88f0023c8d66f,-102.01465159925345,208.0293031985069,sparse_lqr
