,attention_cost,exp_param,step_size,vm_param,pp_id,ll,AIC,agent_type
0,0.0,0.0914757251908248,0.2507728825039502,9.987231342059456,5f35d76793a88f0023c8d689,-42.283903,90.567806,hill_climbing
