,exp_param,vm_param,pp_id,ll,AIC,agent_type
0,0.021270019302696515,2.8953929789997312,5f35dafe93a88f0023c8de97,-88.63324,181.26648,lqr
