,attention_cost,exp_param,step_size,vm_param,pp_id,ll,AIC,agent_type
0,28.921524016769254,0.023150290577106717,0.003186297164915197,3.572105410848848,5f35df1293a88f0023c8f3db,-86.864078,181.728156,sparse_max_discrete
