,b,exp_param,n,vm_param,pp_id,ll,AIC,agent_type
0,0.3494245648717642,0.03055607696148844,4.987757623546388,3.2227277532592535,5f362fb593a88f0023c91191,-67.1455759,142.2911518,null_model_1
