,attention_cost,exp_param,vm_param,pp_id,ll,AIC,agent_type
0,100.69914034939494,0.05326063349103927,6.051167805003662,5f35df8293a88f0023c8f57b,-64.35100500653752,132.70201001307504,sparse_lqr
