,attention_cost,exp_param,step_size,vm_param,pp_id,ll,AIC,agent_type
0,2.3127436110454447,0.08914829842632274,0.019417414040311276,6.442920437075568,5f35d97e93a88f0023c8d9d4,-61.188052,130.376104,sparse_max_discrete
