,attention_cost,exp_param,vm_param,pp_id,ll,AIC,agent_type
0,108.56450086285265,0.018798176628059108,4.6029157503641995,5f35d78293a88f0023c8d697,-78.998897,161.997794,sparse_lqr
