,attention_cost,exp_param,step_size,vm_param,pp_id,ll,AIC,agent_type
0,6.797664750105179,0.04076443536750277,0.06266110033381456,9.988809296430748,5f35dafe93a88f0023c8de97,-55.23038,118.46076,sparse_max_continuous
