,attention_cost,exp_param,step_size,vm_param,pp_id,ll,AIC,agent_type
0,0.0,0.07695092536095602,0.3093124713675884,9.924003859779788,5f35db9193a88f0023c8e13f,-37.082184,80.164368,hill_climbing
