,attention_cost,exp_param,step_size,vm_param,pp_id,ll,AIC,agent_type
0,19.059453582053305,0.014725985557810326,0.6326544478469789,5.053501037144655,5f35d72b93a88f0023c8d674,-84.67172331118911,177.34344662237822,sparse_max_discrete
