,exp_param,step_size,vm_param,pp_id,ll,AIC,agent_type
0,0.08607855719867563,0.06378121761868488,3.3375860383015086,5f35e00093a88f0023c8f758,-70.540383,147.080766,hill_climbing
