,exp_param,step_size,vm_param,pp_id,ll,AIC,agent_type
0,0.045291146244329554,0.0,9.618358631179728,5f362fb593a88f0023c91191,-53.001893,112.003786,hill_climbing
