,attention_cost,exp_param,step_size,vm_param,pp_id,ll,AIC,agent_type
0,0.0,0.04382537634573814,0.7633040687584247,1.5515510279641178,5f35d8b893a88f0023c8d833,-103.046376,212.092752,hill_climbing
