,exp_param,step_size,vm_param,pp_id,ll,AIC,agent_type
0,0.03088208751089655,0.0,2.3190289687452865,5f35d93793a88f0023c8d930,-89.084334,184.168668,hill_climbing
