,b,exp_param,n,vm_param,pp_id,ll,AIC,agent_type
0,0.0,0.03,1.0,2.0,5f35d5ee93a88f0023c8d5fe,-97.24117900000002,202.48235800000003,null_model_1
