,attention_cost,exp_param,step_size,vm_param,pp_id,ll,AIC,agent_type
0,0.0,0.003303088205280278,0.021008530230144762,9.909992285785815,5f35da4f93a88f0023c8dc28,-63.937869,133.875738,hill_climbing
