,exp_param,vm_param,pp_id,ll,AIC,agent_type
0,0.01876015098883215,6.810445643826313,5f35d94f93a88f0023c8d95c,-69.858359,143.716718,null_model_2
