,b,exp_param,n,vm_param,pp_id,ll,AIC,agent_type
0,3.59332564876792,0.01334911756015219,3.342822719638547,2.524120541771352,5f35d72b93a88f0023c8d674,-98.4962379,204.9924758,null_model_1
