,attention_cost,exp_param,vm_param,pp_id,ll,AIC,agent_type
0,273.11192143101624,0.016504027407668143,4.297981247876262,5f35dafe93a88f0023c8de97,-76.138657,158.277314,sparse_lqr
