,exp_param,vm_param,pp_id,ll,AIC,agent_type
0,0.003441651691036762,1.863290552187914,5f35d64493a88f0023c8d61e,-117.64704,239.29408,lqr
