,b,exp_param,n,vm_param,pp_id,ll,AIC,agent_type
0,0.15266624472418666,0.0366884217134513,3.2180385792532,4.834851374443504,5f360eea93a88f0023c908e9,-63.788822700000004,135.5776454,null_model_1
