,attention_cost,exp_param,vm_param,pp_id,ll,AIC,agent_type
0,101.18842169897883,0.001,6.609930760308756,5f35e70693a88f0023c90462,-209.338928,424.677856,sparse_lqr
