,attention_cost,exp_param,step_size,vm_param,pp_id,ll,AIC,agent_type
0,4.4907136472939415,0.1136341388967294,0.4740830355876367,5.621265639658905,5f35d64493a88f0023c8d61e,-58.760582,125.521164,sparse_max_discrete
