attention_cost,exp_param,vm_param,pp_id,ll,AIC,agent_type
143.06470005635802,0.0141232205661491,3.530060855418248,5f35d72b93a88f0023c8d674,-88.22215903535518,180.44431807071035,sparse_lqr
