,b,exp_param,n,vm_param,pp_id,ll,AIC,agent_type
0,3.402091449187309,0.06991847139864651,1.2649555226418254,1.032540032337973,5f35e37d93a88f0023c8ffdc,-103.63906359397247,215.27812718794493,null_model_1
