,exp_param,vm_param,pp_id,ll,AIC,agent_type
0,0.027845521463152004,2.1732796094531714,5f35dab593a88f0023c8dda2,-95.202702,194.405404,null_model_2
