,attention_cost,exp_param,vm_param,pp_id,ll,AIC,agent_type
0,31.200003855325786,0.07710135441177396,9.762376587382825,5f35d79293a88f0023c8d6a1,-41.847748,89.695496,sparse_lqr
