,attention_cost,exp_param,vm_param,pp_id,ll,AIC,agent_type
0,260.5838512820708,0.031858288623222715,4.33857584176943,5f35d78493a88f0023c8d69f,-74.793528,155.587056,sparse_lqr
