,attention_cost,exp_param,step_size,vm_param,pp_id,ll,AIC,agent_type
0,11.434153513272138,0.015407975417007752,0.4241451892461738,8.458815644883702,5f35d65393a88f0023c8d623,-62.4272,132.8544,sparse_max_discrete
