,exp_param,vm_param,pp_id,ll,AIC,agent_type
0,0.005033933690192746,1.5109859951024784,5f35d78493a88f0023c8d69f,-118.937018,241.874036,lqr
