attention_cost,exp_param,step_size,vm_param,pp_id,ll,AIC,agent_type
2.712291470843958,0.1298470081581338,0.1578937899941803,1.7272746332288005,5f361f5693a88f0023c90f72,-97.69793954387907,203.39587908775812,sparse_max_continuous
