,exp_param,vm_param,pp_id,ll,AIC,agent_type
0,0.0019254045886984055,1.612866160567702,5f35d64293a88f0023c8d61c,-128.833584,261.667168,lqr
