,attention_cost,exp_param,vm_param,pp_id,ll,AIC,agent_type
0,44.705556495024304,0.07734702141920875,9.947017356609155,5f35d79293a88f0023c8d6a1,-41.503158,89.006316,sparse_lqr
