,attention_cost,exp_param,step_size,vm_param,pp_id,ll,AIC,agent_type
0,0.0,0.08973637316346404,0.08760946077079543,10.0,5f35d97e93a88f0023c8d9d4,-27.116549,60.233098,hill_climbing
