,attention_cost,exp_param,step_size,vm_param,pp_id,ll,AIC,agent_type
0,21.46995167149828,0.001,0.0,3.2749834478887307,5f35e70693a88f0023c90462,-195.321752,398.643504,sparse_max_continuous
