exp_param,vm_param,pp_id,ll,AIC,agent_type
0.0029951149700444,1.935536609750469,5f35dc7593a88f0023c8e5d3,-121.1163254874834,246.2326509749668,lqr
