b,exp_param,n,vm_param,pp_id,ll,AIC,agent_type
14.156517877582594,0.0163819030028954,1.1425532792406772,6.728183088829152,5f35d6ae93a88f0023c8d644,-63.310348881822094,134.6206977636442,null_model_1
