,b,exp_param,n,vm_param,pp_id,ll,AIC,agent_type
0,3.625543994158635,0.001,1.1526708556760186,3.738154581626915,5f35e70693a88f0023c90462,-195.1790648,398.3581296,null_model_1
