,attention_cost,exp_param,vm_param,pp_id,ll,AIC,agent_type
0,3.810707685263137,0.04058696496777202,1.3676437611257086,5f35e37d93a88f0023c8ffdc,-100.22981,204.45962,sparse_lqr
