,attention_cost,exp_param,step_size,vm_param,pp_id,ll,AIC,agent_type
0,0.0,0.029902441360214378,0.4925947067599023,2.199259501008526,5f35d83093a88f0023c8d771,-100.187117,206.374234,hill_climbing
