,exp_param,step_size,vm_param,pp_id,ll,AIC,agent_type
0,0.0019494807245273682,0.8035886233911227,2.6894695076494224,5f360ea493a88f0023c908e6,-117.969782,241.939564,hill_climbing
