,attention_cost,exp_param,vm_param,pp_id,ll,AIC,agent_type
0,116.17955020560933,0.005491577251454303,2.455753601114745,5f35e93693a88f0023c905d9,-109.216936,224.433872,sparse_lqr
