b,exp_param,n,vm_param,pp_id,ll,AIC,agent_type
2.515899369325667,0.0420983329099348,1.3878049745097738,3.705998406109401,5f35d72593a88f0023c8d671,-75.68593329384719,159.37186658769437,null_model_1
