,attention_cost,exp_param,vm_param,pp_id,ll,AIC,agent_type
0,101.7920495700727,0.02956330220349485,2.477926310097991,5f35e0a193a88f0023c8f986,-89.670494,185.340988,sparse_lqr
