attention_cost,exp_param,step_size,vm_param,pp_id,ll,AIC,agent_type
0.0,0.1202157508013655,0.0025610164384162,4.045837494203642,5f35d79293a88f0023c8d6a1,-71.65237411278409,149.30474822556818,hill_climbing
