,attention_cost,exp_param,vm_param,pp_id,ll,AIC,agent_type
0,26.114667394589574,0.01668464361426129,9.873606643389826,5f35d76793a88f0023c8d689,-44.088,92.176,sparse_lqr
