,attention_cost,exp_param,vm_param,pp_id,ll,AIC,agent_type
0,106.7719930849192,0.3044822959546899,7.973714592161337,5f35d60a93a88f0023c8d608,-42.713413,91.426826,sparse_lqr
