,attention_cost,exp_param,step_size,vm_param,pp_id,ll,AIC,agent_type
0,0.37668237893338397,0.12885750803508472,0.46699853389861423,2.113259456132827,5f35d80893a88f0023c8d735,-75.842772,159.685544,sparse_max_discrete
