,exp_param,vm_param,pp_id,ll,AIC,agent_type
0,0.006404617634142846,1.221819210596381,5f35e0a193a88f0023c8f986,-122.353544,248.707088,lqr
