,attention_cost,exp_param,vm_param,pp_id,ll,AIC,agent_type
0,15.469164163768633,0.05492482562075692,1.980115573387593,5f35e11793a88f0023c8fa8c,-86.872773,177.745546,sparse_lqr
