,attention_cost,exp_param,step_size,vm_param,pp_id,ll,AIC,agent_type
0,6.348222847995108,0.23116695650880337,0.3966063819291306,3.753686251759186,5f35d79293a88f0023c8d6a1,-64.699616,137.399232,sparse_max_discrete
