,b,exp_param,n,vm_param,pp_id,ll,AIC,agent_type
0,4.713161123637283,0.02261073448184416,4.531848432175151,7.517407096105275,5f35d6ae93a88f0023c8d644,-62.48544879999999,132.9708976,null_model_1
