,attention_cost,exp_param,vm_param,pp_id,ll,AIC,agent_type
0,91.67510552939808,0.03566828979595304,7.383016663672493,5f35df8293a88f0023c8f57b,-65.450907,136.901814,sparse_lqr
