,attention_cost,exp_param,vm_param,pp_id,ll,AIC,agent_type
0,14.980578151799918,0.03468645234839128,4.481220748051491,5f36107b93a88f0023c9090e,-71.2374,146.4748,sparse_lqr
