,attention_cost,exp_param,vm_param,pp_id,ll,AIC,agent_type
0,83.59000723897574,0.04233110172463156,4.458501764334758,5f360f1993a88f0023c908ea,-71.0798,146.1596,sparse_lqr
