attention_cost,exp_param,step_size,vm_param,pp_id,ll,AIC,agent_type
22.79421440202878,0.0069800441234926,0.0406470637123541,1.5929048344481556,5f35d7a693a88f0023c8d6b2,-114.44928626289928,236.89857252579856,sparse_max_continuous
