,attention_cost,exp_param,vm_param,pp_id,ll,AIC,agent_type
0,244.90524094957578,0.009381775419228501,3.4080359357648504,5f35e94193a88f0023c905da,-101.50497,209.00994,sparse_lqr
