,exp_param,vm_param,pp_id,ll,AIC,agent_type
0,0.003677000789557174,2.7268382925316104,5f35d78293a88f0023c8d697,-106.60978980837838,217.21957961675676,lqr
