,attention_cost,exp_param,step_size,vm_param,pp_id,ll,AIC,agent_type
0,16.731360511643363,0.03326079488122941,0.21892497975315317,3.3463386439676093,5f35d73993a88f0023c8d677,-75.7131553790688,159.4263107581376,sparse_max_continuous
