,b,exp_param,n,vm_param,pp_id,ll,AIC,agent_type
0,1.134453118032571,0.0470136517162577,4.961350453022421,2.0953376526254597,5f35d8b893a88f0023c8d833,-116.67058131737865,241.3411626347573,null_model_1
