,attention_cost,exp_param,step_size,vm_param,pp_id,ll,AIC,agent_type
0,0.0,0.009715382986897749,0.27368381389631546,3.5065049001811044,5f35db0c93a88f0023c8deda,-87.58659525146268,181.17319050292537,hill_climbing
