,attention_cost,exp_param,vm_param,pp_id,ll,AIC,agent_type
0,78.88080372679609,0.001,4.247303992102089,5f35da4f93a88f0023c8dc28,-113.801399,231.602798,sparse_lqr
