attention_cost,exp_param,vm_param,pp_id,ll,AIC,agent_type
103.51475878315304,0.0285251726781016,9.020713688808442,5f35d7fa93a88f0023c8d725,-59.066985044315786,122.13397008863156,sparse_lqr
