,exp_param,vm_param,pp_id,ll,AIC,agent_type
0,0.02706281706226265,2.588965627393499,5f35d79293a88f0023c8d6a1,-89.885733,183.771466,lqr
