,attention_cost,exp_param,step_size,vm_param,pp_id,ll,AIC,agent_type
0,11.501574341730741,0.006872039116447137,0.703100595885128,3.774822616560991,5f35e93693a88f0023c905d9,-97.854316,203.708632,sparse_max_discrete
