b,exp_param,n,vm_param,pp_id,ll,AIC,agent_type
7.745474306334555,0.0118778450696755,4.033113041907985,3.199528380776784,5f35df8793a88f0023c8f599,-83.27031258927691,174.54062517855382,null_model_1
