,b,exp_param,n,vm_param,pp_id,ll,AIC,agent_type
0,6.934199671879314,0.031162427455633954,4.972564633348288,4.914383494379119,5f35d5ea93a88f0023c8d5fd,-84.80577939999999,177.61155879999998,null_model_1
