,exp_param,vm_param,pp_id,ll,AIC,agent_type
0,0.09051966512142019,1.71528714721344,5f35da6493a88f0023c8dc69,-88.5355,181.071,null_model_2
