attention_cost,exp_param,step_size,vm_param,pp_id,ll,AIC,agent_type
0.0,0.0787255269415176,0.0025025533533041,2.4433329742903287,5f35d74293a88f0023c8d67c,-77.2357252169181,160.4714504338362,hill_climbing
