,exp_param,vm_param,pp_id,ll,AIC,agent_type
0,0.014968363446083308,2.451676797452136,5f360eea93a88f0023c908e9,-96.68403932272966,197.36807864545932,lqr
