,attention_cost,exp_param,step_size,vm_param,pp_id,ll,AIC,agent_type
0,4.901003765053952,0.01930690218744723,0.6815074336546244,2.734449610275216,5f35d71a93a88f0023c8d66c,-83.5288408719976,175.0576817439952,sparse_max_discrete
