attention_cost,exp_param,step_size,vm_param,pp_id,ll,AIC,agent_type
17.564748902202574,0.0220346914819589,0.0886767480819396,6.420692296014549,5f35d5ea93a88f0023c8d5fd,-65.3424758849845,138.684951769969,sparse_max_continuous
