attention_cost,exp_param,step_size,vm_param,pp_id,ll,AIC,agent_type
6.264941568648189,0.0272033771102602,0.1018333557697167,4.432633131581477,5f35d6af93a88f0023c8d646,-73.31288029491557,154.62576058983117,sparse_max_continuous
