,exp_param,vm_param,pp_id,ll,AIC,agent_type
0,0.005731059306121462,1.7232604871238055,5f35d7a693a88f0023c8d6b2,-115.8478,235.6956,null_model_2
