,attention_cost,exp_param,step_size,vm_param,pp_id,ll,AIC,agent_type
0,6.335518014240641,0.034492695941908014,0.1253447867934987,2.15918481689239,5f35e76793a88f0023c90491,-98.207643,204.415286,sparse_max_continuous
