,attention_cost,exp_param,step_size,vm_param,pp_id,ll,AIC,agent_type
0,0.0,0.05131563228762646,0.7113073780700088,4.652741323674489,5f35d63193a88f0023c8d616,-66.847169,139.694338,hill_climbing
