attention_cost,exp_param,vm_param,pp_id,ll,AIC,agent_type
67.17429028336487,0.011930916292413,3.540423404659209,5f35d94f93a88f0023c8d95c,-86.71297228718038,177.42594457436076,sparse_lqr
