,b,exp_param,n,vm_param,pp_id,ll,AIC,agent_type
0,11.437198891404801,0.020242205119173576,2.517581995133378,3.66822758846551,5f35d5ea93a88f0023c8d5fd,-85.87132,179.74264,null_model_1
