,exp_param,vm_param,pp_id,ll,AIC,agent_type
0,0.0014251265431943156,1.2147012190864181,5f35d90c93a88f0023c8d8d0,-138.029698,280.059396,lqr
