,attention_cost,exp_param,step_size,vm_param,pp_id,ll,AIC,agent_type
0,0.0,0.03801918311641841,0.20365381980540137,7.72556725645257,5f35d90c93a88f0023c8d8d0,-68.135341,142.270682,hill_climbing
