exp_param,vm_param,pp_id,ll,AIC,agent_type
0.0425307977010924,4.018575554914708,5f35d6af93a88f0023c8d646,-73.17990580967808,150.35981161935615,null_model_2
