,exp_param,vm_param,pp_id,ll,AIC,agent_type
0,0.04332198497031942,8.431885208934935,5f35d73b93a88f0023c8d678,-56.546686,117.093372,null_model_2
