b,exp_param,n,vm_param,pp_id,ll,AIC,agent_type
1.4753304437368917,0.0228894329363959,2.7446199100612896,1.6882703720769088,5f35d8b893a88f0023c8d833,-114.0049670478964,236.00993409579283,null_model_1
