,exp_param,vm_param,pp_id,ll,AIC,agent_type
0,0.018372637068614205,3.3276476564121795,5f35df1293a88f0023c8f3db,-86.53201756010661,177.06403512021322,null_model_2
