,exp_param,step_size,vm_param,pp_id,ll,AIC,agent_type
0,0.06038065326597542,0.6968876732348752,3.194338849431456,5f35d73993a88f0023c8d677,-76.147255,158.29451,hill_climbing
