,exp_param,vm_param,pp_id,ll,AIC,agent_type
0,0.05571810359209398,7.5511659276405005,5f35db9193a88f0023c8e13f,-56.75272171662789,117.50544343325578,null_model_2
