exp_param,vm_param,pp_id,ll,AIC,agent_type
0.0028801915139849,0.9914303131959824,5f35d74693a88f0023c8d67e,-135.10733175216473,274.21466350432945,lqr
