,attention_cost,exp_param,step_size,vm_param,pp_id,ll,AIC,agent_type
0,0.0,0.19736403262025323,0.8857481888331571,1.4790516302498735,5f35d7f393a88f0023c8d71a,-83.57297615350797,173.14595230701593,hill_climbing
