,attention_cost,exp_param,vm_param,pp_id,ll,AIC,agent_type
0,115.00010201980949,0.024869441287803506,3.472118454164239,5f35d83993a88f0023c8d78b,-84.631197,175.262394,sparse_lqr
