attention_cost,exp_param,step_size,vm_param,pp_id,ll,AIC,agent_type
5.485431323171039,0.0521631557369347,0.0059491440861868,9.211394410038457,5f35d72593a88f0023c8d671,-49.03591780441559,106.07183560883118,sparse_max_continuous
