,attention_cost,exp_param,vm_param,pp_id,ll,AIC,agent_type
0,232.72566485848319,0.050539203345790956,2.932565912553585,5f35d63193a88f0023c8d616,-80.58669928715236,165.1733985743047,sparse_lqr
