,exp_param,vm_param,pp_id,ll,AIC,agent_type
0,0.08107824869459039,5.2417715044146815,5f35d97e93a88f0023c8d9d4,-61.08005352874879,126.16010705749758,null_model_2
