,exp_param,vm_param,pp_id,ll,AIC,agent_type
0,0.025428790516035946,1.4607872160377955,5f35e37d93a88f0023c8ffdc,-104.207313,212.414626,lqr
