,attention_cost,exp_param,vm_param,pp_id,ll,AIC,agent_type
0,100.69914034939494,0.05326063349103927,6.051167805003662,5f35d7d693a88f0023c8d6f7,-61.898707,129.797414,sparse_lqr
