,attention_cost,exp_param,vm_param,pp_id,ll,AIC,agent_type
0,10.353573119360016,0.024401710332634885,1.7170134543781101,5f35d8b893a88f0023c8d833,-107.323776,220.647552,sparse_lqr
