,attention_cost,exp_param,vm_param,pp_id,ll,AIC,agent_type
0,47.5379358896314,0.029082579110787033,4.3637894396669825,5f35d63393a88f0023c8d617,-75.208692,156.417384,sparse_lqr
