,attention_cost,exp_param,step_size,vm_param,pp_id,ll,AIC,agent_type
0,1.6318704544442209,0.10730260356543382,0.31698912961837505,6.77165560102032,5f35d64493a88f0023c8d61e,-50.84633162794634,109.69266325589268,sparse_max_discrete
