,attention_cost,exp_param,vm_param,pp_id,ll,AIC,agent_type
0,189.13327604954625,0.004810979549823925,2.1923710329411303,5f35dae093a88f0023c8de20,-115.426346,236.852692,sparse_lqr
