,attention_cost,exp_param,step_size,vm_param,pp_id,ll,AIC,agent_type
0,0.0,0.03601580556134282,0.4778012365073656,2.254850719323389,5f35e76793a88f0023c90491,-90.09050080879338,186.18100161758676,hill_climbing
