b,exp_param,n,vm_param,pp_id,ll,AIC,agent_type
3.174502744552338,0.0046739048429712,3.372616735065073,1.8472666176335408,5f35d7a693a88f0023c8d6b2,-120.87242004360816,249.74484008721635,null_model_1
