,b,exp_param,n,vm_param,pp_id,ll,AIC,agent_type
0,1.1237448709524034,0.03773165335935701,3.85819237772527,5.217735612500547,5f35d65893a88f0023c8d625,-73.0475127,154.0950254,null_model_1
