,b,exp_param,n,vm_param,pp_id,ll,AIC,agent_type
0,0.8142327978837738,0.013440673593796165,3.297595363997961,3.2668209526769107,5f36121793a88f0023c9095f,-76.8925947,161.7851894,null_model_1
