,b,exp_param,n,vm_param,pp_id,ll,AIC,agent_type
0,4.032012453127834,0.031436255498220225,4.558059285111333,3.102844700275237,5f35d65893a88f0023c8d625,-74.32607139999999,156.65214279999998,null_model_1
