b,exp_param,n,vm_param,pp_id,ll,AIC,agent_type
2.3985526859137023,0.0269260615047804,1.0399561558933672,6.646565381751018,5f35d7d693a88f0023c8d6f7,-74.57464267628808,157.14928535257616,null_model_1
