,exp_param,vm_param,pp_id,ll,AIC,agent_type
0,0.022560429050657145,2.907106079102657,5f35d62693a88f0023c8d611,-88.843638,181.687276,null_model_2
