,exp_param,vm_param,pp_id,ll,AIC,agent_type
0,0.00948775543121291,1.6238912507190606,5f35d65d93a88f0023c8d629,-112.439123,228.878246,null_model_2
