,attention_cost,exp_param,step_size,vm_param,pp_id,ll,AIC,agent_type
0,1.7685813147450524,0.36053694037119954,0.8369025818898593,1.4841651495421015,5f35d7f393a88f0023c8d71a,-81.564184,171.128368,sparse_max_discrete
