,exp_param,vm_param,pp_id,ll,AIC,agent_type
0,0.008373285488097895,2.4603880876802977,5f35db0b93a88f0023c8ded5,-102.374161,208.748322,lqr
