,b,exp_param,n,vm_param,pp_id,ll,AIC,agent_type
0,0.21244002961672281,0.021800889378748266,3.481290605149468,4.441758333035986,5f35d6af93a88f0023c8d646,-67.74149200000001,143.48298400000002,null_model_1
