,b,exp_param,n,vm_param,pp_id,ll,AIC,agent_type
0,10.730983649642386,0.02645075954304148,3.9175907930246106,7.249167472191191,5f35d65393a88f0023c8d623,-66.28035943992373,140.56071887984746,null_model_1
