,attention_cost,exp_param,vm_param,pp_id,ll,AIC,agent_type
0,64.384230183294,0.04570465113418682,5.20707277817582,5f360f1993a88f0023c908ea,-70.743047,145.486094,sparse_lqr
