,attention_cost,exp_param,vm_param,pp_id,ll,AIC,agent_type
0,285.7939321995586,0.016219775315966304,6.348081122815871,5f35d94f93a88f0023c8d95c,-67.573248,141.146496,sparse_lqr
