,exp_param,vm_param,pp_id,ll,AIC,agent_type
0,0.031063222334635106,2.63899451758883,5f35d60a93a88f0023c8d608,-87.427464,178.854928,lqr
