,attention_cost,exp_param,step_size,vm_param,pp_id,ll,AIC,agent_type
0,10.323651317514578,0.0029122769555315563,0.01410515151420616,9.34501613655051,5f35da4f93a88f0023c8dc28,-64.677075,137.35415,sparse_max_continuous
