,exp_param,step_size,vm_param,pp_id,ll,AIC,agent_type
0,0.08328333049284098,0.7096914332577385,1.7010919676261793,5f35d71c93a88f0023c8d66e,-90.335449,186.670898,hill_climbing
