,attention_cost,exp_param,vm_param,pp_id,ll,AIC,agent_type
0,80.11562237426573,0.00869395546460593,1.073915194726478,5f35d7a693a88f0023c8d6b2,-118.647896,243.295792,sparse_lqr
