,attention_cost,exp_param,vm_param,pp_id,ll,AIC,agent_type
0,78.20423485818844,0.06172243156150418,1.078493176063614,5f35e37d93a88f0023c8ffdc,-101.8723291862756,207.7446583725512,sparse_lqr
