,exp_param,vm_param,pp_id,ll,AIC,agent_type
0,0.040693021337306914,1.273438806683872,5f360ee993a88f0023c908e8,-103.10402254425084,210.20804508850168,lqr
