,attention_cost,exp_param,step_size,vm_param,pp_id,ll,AIC,agent_type
0,8.769412861178512,0.19673601455249315,0.13190802565590498,8.699761802716075,5f35d97e93a88f0023c8d9d4,-50.20154823039235,108.4030964607847,sparse_max_discrete
