,exp_param,step_size,vm_param,pp_id,ll,AIC,agent_type
0,0.023183099872821238,0.15754701641953944,4.45443148726457,5f35d8e393a88f0023c8d887,-77.705561,161.411122,hill_climbing
