,b,exp_param,n,vm_param,pp_id,ll,AIC,agent_type
0,3.795067533575014,0.010499341379171443,1.0230460037771731,3.1186982380463513,5f35d81193a88f0023c8d742,-102.34994830000001,212.69989660000002,null_model_1
