,exp_param,vm_param,pp_id,ll,AIC,agent_type
0,0.0025375803252832264,0.8868178077329858,5f35d93793a88f0023c8d930,-136.317855,276.63571,lqr
