,exp_param,vm_param,pp_id,ll,AIC,agent_type
0,0.004238780026137614,1.9233088245528829,5f35d82093a88f0023c8d751,-116.794654,237.589308,lqr
