,attention_cost,exp_param,vm_param,pp_id,ll,AIC,agent_type
0,26.10785742311814,0.03693397429695784,9.219264170610906,5f35d76793a88f0023c8d689,-43.777627,91.555254,sparse_lqr
