,b,exp_param,n,vm_param,pp_id,ll,AIC,agent_type
0,3.739805361183234,0.004589216855332756,4.948946814237349,2.028482196455789,5f36101b93a88f0023c90907,-107.896946,223.793892,null_model_1
