,attention_cost,exp_param,step_size,vm_param,pp_id,ll,AIC,agent_type
0,25.128271423275052,0.016120089933566506,0.47154800403438807,4.448187768685776,5f35d81193a88f0023c8d742,-81.859928,171.719856,sparse_max_discrete
