attention_cost,exp_param,step_size,vm_param,pp_id,ll,AIC,agent_type
16.8309065776713,0.01962864208357,1.2009490090209245,2.3297427384102045,5f35d83993a88f0023c8d78b,-87.35117283468793,182.70234566937583,sparse_max_discrete
