,exp_param,vm_param,pp_id,ll,AIC,agent_type
0,0.004022648398796375,1.3632330356982958,5f35d91293a88f0023c8d8e2,-125.1267,254.2534,lqr
