,exp_param,vm_param,pp_id,ll,AIC,agent_type
0,0.07110001828782445,2.5708750614621345,5f35d5d093a88f0023c8d5f7,-80.3251,164.6502,null_model_2
