,attention_cost,exp_param,step_size,vm_param,pp_id,ll,AIC,agent_type
0,10.245133598807731,0.01986674377309156,0.2964003311321935,3.354875136081957,5f35d6aa93a88f0023c8d642,-103.35639407938604,214.71278815877207,sparse_max_discrete
