attention_cost,exp_param,step_size,vm_param,pp_id,ll,AIC,agent_type
2.712291470843958,0.1298470081581338,0.1578937899941803,1.7272746332288005,5f35d7f393a88f0023c8d71a,-89.24948554411225,186.4989710882245,sparse_max_continuous
