,b,exp_param,n,vm_param,pp_id,ll,AIC,agent_type
0,0.0,0.03,1.0,2.0,5f35d60393a88f0023c8d605,-88.93025069999999,185.86050139999998,null_model_1
