,attention_cost,exp_param,step_size,vm_param,pp_id,ll,AIC,agent_type
0,2.6918257961846037,0.031508440481733575,0.07686504820089224,7.96270785583927,5f35d82093a88f0023c8d751,-48.686615,105.37323,sparse_max_discrete
