,b,exp_param,n,vm_param,pp_id,ll,AIC,agent_type
0,2.328056243262759,0.001,2.199707561282133,2.626455686708723,5f35e70693a88f0023c90462,-282.8052477,573.6104954,null_model_1
