,attention_cost,exp_param,vm_param,pp_id,ll,AIC,agent_type
0,105.91810126242939,0.04302226230334153,9.793350646020501,5f360f1993a88f0023c908ea,-50.88193,107.76386,sparse_lqr
