,attention_cost,exp_param,step_size,vm_param,pp_id,ll,AIC,agent_type
0,18.58653714846222,0.008268677810299583,0.0082013364914571,1.6791492561477184,5f36101b93a88f0023c90907,-104.344653,216.689306,sparse_max_continuous
