,exp_param,vm_param,pp_id,ll,AIC,agent_type
0,0.0571318645894668,7.102114266182539,5f35d6f793a88f0023c8d65f,-57.671773,119.343546,null_model_2
