b,exp_param,n,vm_param,pp_id,ll,AIC,agent_type
1.974126558149984,0.0271847758908415,1.1132259520831784,2.462110676030459,5f35e09e93a88f0023c8f979,-90.39804258624808,188.7960851724961,null_model_1
