,b,exp_param,n,vm_param,pp_id,ll,AIC,agent_type
0,6.824962623892283,0.007028136724155045,2.4547006990236606,2.3052496229657127,5f35e94193a88f0023c905da,-107.35479289999998,222.70958579999996,null_model_1
