,attention_cost,exp_param,vm_param,pp_id,ll,AIC,agent_type
0,34.285999504481865,0.07160841936384449,1.2979533464133552,5f35dcae93a88f0023c8e7a3,-91.86928104213632,187.73856208427264,sparse_lqr
