,attention_cost,exp_param,vm_param,pp_id,ll,AIC,agent_type
0,90.34771121563871,0.027526231141687275,3.5767743733130897,5f3610a993a88f0023c90912,-81.101462,168.202924,sparse_lqr
