,exp_param,vm_param,pp_id,ll,AIC,agent_type
0,0.0031220739118335214,3.572105410848848,5f360ff993a88f0023c90904,-100.50817008941502,205.01634017883003,lqr
