attention_cost,exp_param,step_size,vm_param,pp_id,ll,AIC,agent_type
18.21229338411804,0.0018758390518125,0.0225824447993659,2.260497042674258,5f35dae093a88f0023c8de20,-125.22940287642864,258.4588057528573,sparse_max_discrete
