attention_cost,exp_param,step_size,vm_param,pp_id,ll,AIC,agent_type
0.8951312019141544,0.1456043512312622,0.2987231213466305,5.652131730864573,5f35d64493a88f0023c8d61e,-55.42981518916447,118.85963037832894,sparse_max_continuous
