,attention_cost,exp_param,step_size,vm_param,pp_id,ll,AIC,agent_type
0,0.0,0.03047896487018338,0.176745171026844,6.977804209918368,5f35db0b93a88f0023c8ded5,-63.380521,132.761042,hill_climbing
