,attention_cost,exp_param,step_size,vm_param,pp_id,ll,AIC,agent_type
0,10.851433561635684,0.02968917048923796,0.3999840567482859,2.808618434532427,5f3610a993a88f0023c90912,-79.637471,167.274942,sparse_max_discrete
