,exp_param,vm_param,pp_id,ll,AIC,agent_type
0,0.07118197071541862,5.973190155842866,5f35d5d093a88f0023c8d5f7,-59.422438,122.844876,null_model_2
