,exp_param,vm_param,pp_id,ll,AIC,agent_type
0,0.03252047624872454,2.588339084151584,5f35d73b93a88f0023c8d678,-87.963853,179.927706,lqr
