,attention_cost,exp_param,step_size,vm_param,pp_id,ll,AIC,agent_type
0,29.399160565751536,0.10275046298615588,0.9757452412650051,2.586553490389206,5f35d5ee93a88f0023c8d5fe,-79.835365,167.67073,sparse_max_discrete
