b,exp_param,n,vm_param,pp_id,ll,AIC,agent_type
1.0,0.001,1.0,1.5912333243429213,5f35dba493a88f0023c8e193,-126.626534009949,261.253068019898,null_model_1
