,attention_cost,exp_param,step_size,vm_param,pp_id,ll,AIC,agent_type
0,0.0,0.1169168962891864,0.004291949128077233,3.17510935450363,5f35d79293a88f0023c8d6a1,-71.30783134630894,148.6156626926179,hill_climbing
