,attention_cost,exp_param,vm_param,pp_id,ll,AIC,agent_type
0,37.459369274169106,0.04577727137914617,4.154862584665421,5f35d7da93a88f0023c8d703,-76.153411,158.306822,sparse_lqr
