,attention_cost,exp_param,step_size,vm_param,pp_id,ll,AIC,agent_type
0,21.42713995764091,0.18589530714758912,0.9335076224902231,1.3689623805751938,5f35da6493a88f0023c8dc69,-86.59923058210367,181.19846116420734,sparse_max_discrete
