,attention_cost,exp_param,vm_param,pp_id,ll,AIC,agent_type
0,102.54663144396079,0.11488506229211602,2.9285574739989784,5f360ee993a88f0023c908e8,-70.992696,147.985392,sparse_lqr
