,attention_cost,exp_param,vm_param,pp_id,ll,AIC,agent_type
0,273.24184172602753,0.023249240021271354,8.211218982189646,5f35db0b93a88f0023c8ded5,-64.697971,135.395942,sparse_lqr
