,attention_cost,exp_param,step_size,vm_param,pp_id,ll,AIC,agent_type
0,11.561490940598087,0.021822020592644324,0.025606057277811345,6.653809531210002,5f35d94f93a88f0023c8d95c,-68.905908,145.811816,sparse_max_continuous
