,exp_param,vm_param,pp_id,ll,AIC,agent_type
0,0.012047910023057117,2.1288045125163846,5f36121793a88f0023c9095f,-93.169917,190.339834,lqr
