b,exp_param,n,vm_param,pp_id,ll,AIC,agent_type
11.061531213795124,0.0126157380304077,1.2088790044452802,1.8280852113994608,5f35d6aa93a88f0023c8d642,-104.87055384383196,217.74110768766397,null_model_1
