,exp_param,vm_param,pp_id,ll,AIC,agent_type
0,0.005265729320247164,1.7967419053063305,5f35d78493a88f0023c8d69f,-116.158425,236.31685,lqr
