,attention_cost,exp_param,vm_param,pp_id,ll,AIC,agent_type
0,29.722912366677544,0.00366997641793382,4.9725338651920294,5f35dae093a88f0023c8de20,-108.662796,223.325592,sparse_lqr
