,exp_param,step_size,vm_param,pp_id,ll,AIC,agent_type
0,0.03587902605269846,0.24482467933491311,4.5428825734993605,5f35d63393a88f0023c8d617,-75.335573,156.671146,hill_climbing
