,exp_param,vm_param,pp_id,ll,AIC,agent_type
0,0.002272932212896433,1.114945468061691,5f35d71a93a88f0023c8d66c,-134.671296,273.342592,lqr
