,attention_cost,exp_param,vm_param,pp_id,ll,AIC,agent_type
0,72.14302413755598,0.07916157913172676,4.652643747970443,5f35d88193a88f0023c8d7ff,-64.31174187570072,132.62348375140144,sparse_lqr
