,exp_param,vm_param,pp_id,ll,AIC,agent_type
0,0.008643411329808323,4.206829004178923,5f35d72f93a88f0023c8d675,-89.597654,183.195308,lqr
