b,exp_param,n,vm_param,pp_id,ll,AIC,agent_type
2.1392017341686715,0.0177760337671969,2.630085833181293,1.83583340725942,5f35d67e93a88f0023c8d634,-111.84597377008316,231.6919475401663,null_model_1
