,attention_cost,exp_param,step_size,vm_param,pp_id,ll,AIC,agent_type
0,0.0,0.002839078959900964,0.5022186432848428,6.7277612570471845,5f35d72493a88f0023c8d66f,-86.64053966545625,179.2810793309125,hill_climbing
