,exp_param,vm_param,pp_id,ll,AIC,agent_type
0,0.027609420481403937,2.112007828424356,5f35dab593a88f0023c8dda2,-95.18792,194.37584,null_model_2
