,exp_param,step_size,vm_param,pp_id,ll,AIC,agent_type
0,0.09802806401886216,0.5604971896542614,6.6512207853018435,5f362dee93a88f0023c91131,-53.979328,113.958656,hill_climbing
