,exp_param,vm_param,pp_id,ll,AIC,agent_type
0,0.008210673630849138,1.2857901409199068,5f35d62993a88f0023c8d613,-119.028189,242.056378,null_model_2
