,b,exp_param,n,vm_param,pp_id,ll,AIC,agent_type
0,1.743777417081454,0.04095587691410188,3.459139119774071,1.972078564573857,5f35d70093a88f0023c8d662,-82.00847,172.01694,null_model_1
