,b,exp_param,n,vm_param,pp_id,ll,AIC,agent_type
0,0.0,0.03,1.0,2.0,5f35d71c93a88f0023c8d66e,-93.88277200000002,195.76554400000003,null_model_1
