,attention_cost,exp_param,step_size,vm_param,pp_id,ll,AIC,agent_type
0,0.0,0.020229063770781316,0.40823423594296093,4.64306142946847,5f3626b693a88f0023c91063,-75.98905754355624,157.97811508711249,hill_climbing
