b,exp_param,n,vm_param,pp_id,ll,AIC,agent_type
4.419512946706218,0.0428356927296962,1.1975855385332572,1.5045502836766345,5f35e11793a88f0023c8fa8c,-113.36176958922096,234.72353917844197,null_model_1
