,b,exp_param,n,vm_param,pp_id,ll,AIC,agent_type
0,1.7108402151486333,0.01590717086459709,3.914156760994587,5.754251712627094,5f35db0c93a88f0023c8deda,-82.1211149,172.2422298,null_model_1
