,b,exp_param,n,vm_param,pp_id,ll,AIC,agent_type
0,1.0089307176451894,0.017624181009576176,1.0429125886293469,1.3072998475356046,5f35d67e93a88f0023c8d634,-106.87350581312789,221.74701162625578,null_model_1
