,attention_cost,exp_param,step_size,vm_param,pp_id,ll,AIC,agent_type
0,26.49974641004699,0.01379868524018691,0.5104200485472192,1.7260741013074055,5f360f4693a88f0023c908ef,-111.30649953366341,230.61299906732683,sparse_max_discrete
