,attention_cost,exp_param,step_size,vm_param,pp_id,ll,AIC,agent_type
0,6.467662536498691,0.020837022431712402,0.02938870993599557,8.057563541708625,5f35d61893a88f0023c8d60c,-54.989202,117.978404,sparse_max_discrete
