,exp_param,vm_param,pp_id,ll,AIC,agent_type
0,0.0021240371087913454,1.867502603039909,5f35d90b93a88f0023c8d8cf,-123.650178,251.300356,lqr
