,exp_param,vm_param,pp_id,ll,AIC,agent_type
0,0.025288150941869213,1.485338428564712,5f35e76793a88f0023c90491,-102.828297,209.656594,lqr
