,attention_cost,exp_param,step_size,vm_param,pp_id,ll,AIC,agent_type
0,29.243311458863996,0.01568559679784376,0.5329039295085176,4.169969699685643,5f35d81193a88f0023c8d742,-81.150667,170.301334,sparse_max_discrete
