,exp_param,vm_param,pp_id,ll,AIC,agent_type
0,0.001508928353866804,1.3257516422061877,5f35d67e93a88f0023c8d634,-134.04548551017726,272.0909710203545,lqr
