,attention_cost,exp_param,step_size,vm_param,pp_id,ll,AIC,agent_type
0,0.0,0.035769267755736946,0.49664904138560123,3.2382111371692623,5f36121793a88f0023c9095f,-71.5139,149.0278,hill_climbing
