attention_cost,exp_param,step_size,vm_param,pp_id,ll,AIC,agent_type
27.58109380937939,0.0659104855377176,0.1094809165572237,2.947509454528271,5f35e09e93a88f0023c8f979,-80.09474967565961,168.18949935131923,sparse_max_continuous
