,exp_param,vm_param,pp_id,ll,AIC,agent_type
0,0.0014946272785291512,1.2733981099751868,5f35d72493a88f0023c8d66f,-136.271601,276.543202,lqr
