,b,exp_param,n,vm_param,pp_id,ll,AIC,agent_type
0,19.359100081500536,0.001,5.0,8.464377314736584,5f35da4f93a88f0023c8dc28,-96.38221000000001,200.76442000000003,null_model_1
