,attention_cost,exp_param,vm_param,pp_id,ll,AIC,agent_type
0,199.4062137209446,0.006079307873227572,1.1922797633812476,5f35d62993a88f0023c8d613,-118.50508541752207,241.01017083504414,sparse_lqr
