,exp_param,step_size,vm_param,pp_id,ll,AIC,agent_type
0,0.011878233585955933,0.0,1.6268372352788325,5f35d6aa93a88f0023c8d642,-102.284406,210.568812,hill_climbing
