,exp_param,vm_param,pp_id,ll,AIC,agent_type
0,0.00302077395173168,1.6669489118596803,5f3610a993a88f0023c90912,-123.9100923741472,251.8201847482944,lqr
