,attention_cost,exp_param,vm_param,pp_id,ll,AIC,agent_type
0,78.53382454097766,0.035859374276194796,4.154995429817966,5f36121793a88f0023c9095f,-65.685715,137.37143,sparse_lqr
