,b,exp_param,n,vm_param,pp_id,ll,AIC,agent_type
0,0.155691838048988,0.08962418458826897,2.6063600128536697,7.2830421582001845,5f35d60a93a88f0023c8d608,-47.0962623,102.1925246,null_model_1
