,exp_param,vm_param,pp_id,ll,AIC,agent_type
0,0.011934503220923091,2.1097968772728537,5f36121793a88f0023c9095f,-93.168609,190.337218,lqr
