,attention_cost,exp_param,vm_param,pp_id,ll,AIC,agent_type
0,9.264459193433684,0.061093431140633675,2.7988542521844764,5f35d60393a88f0023c8d605,-84.17367,172.34734,sparse_lqr
