,attention_cost,exp_param,step_size,vm_param,pp_id,ll,AIC,agent_type
0,11.254606303248863,0.018787692214722457,0.17303780461100476,2.092017227217463,5f35d83093a88f0023c8d771,-101.85872,211.71744,sparse_max_discrete
