,attention_cost,exp_param,step_size,vm_param,pp_id,ll,AIC,agent_type
0,7.894170717716227,0.07253866916236273,1.4680092077375204,2.3638409866037557,5f360ee993a88f0023c908e8,-84.44719125781445,176.8943825156289,sparse_max_discrete
