,attention_cost,exp_param,step_size,vm_param,pp_id,ll,AIC,agent_type
0,0.0,0.05061017520092299,0.043368461366418976,5.909972865909846,5f35d6b193a88f0023c8d648,-65.0507582546305,136.101516509261,hill_climbing
