,b,exp_param,n,vm_param,pp_id,ll,AIC,agent_type
0,1.1431356040612364,0.03958776130764177,3.929502442129243,6.160151829530482,5f35e0a193a88f0023c8f986,-73.4839841,154.9679682,null_model_1
