attention_cost,exp_param,step_size,vm_param,pp_id,ll,AIC,agent_type
6.910099242702328,0.0175658122999475,0.557893343361581,5.078710000294391,5f36121793a88f0023c9095f,-69.05957035238185,146.1191407047637,sparse_max_continuous
