,attention_cost,exp_param,vm_param,pp_id,ll,AIC,agent_type
0,76.68131737803554,0.006469798626207605,1.0347449103660833,5f35d7a693a88f0023c8d6b2,-117.669004,239.338008,sparse_lqr
