,attention_cost,exp_param,vm_param,pp_id,ll,AIC,agent_type
0,156.91164451383884,0.06050561702413299,1.9805405646157304,5f361f5693a88f0023c90f72,-91.678838,189.357676,sparse_lqr
