,b,exp_param,n,vm_param,pp_id,ll,AIC,agent_type
0,7.745474306334555,0.01187784506967551,4.033113041907985,3.199528380776784,5f35d68993a88f0023c8d637,-97.01670706583567,202.03341413167135,null_model_1
