,exp_param,vm_param,pp_id,ll,AIC,agent_type
0,0.00432519756273235,1.902659109211492,5f35d82093a88f0023c8d751,-116.827841,237.655682,lqr
