,exp_param,step_size,vm_param,pp_id,ll,AIC,agent_type
0,0.03371955035906817,0.032992048061940504,9.645212966587675,5f35d61893a88f0023c8d60c,-53.260025,112.52005,hill_climbing
