,attention_cost,exp_param,step_size,vm_param,pp_id,ll,AIC,agent_type
0,0.0,0.15357059518354257,0.36776731544496344,3.7044339407089635,5f35d79293a88f0023c8d6a1,-55.13257772150867,116.26515544301733,hill_climbing
