,attention_cost,exp_param,vm_param,pp_id,ll,AIC,agent_type
0,30.045561070166883,0.04439669103661389,5.83872083427785,5f36107b93a88f0023c9090e,-72.18934326416988,148.37868652833976,sparse_lqr
