,attention_cost,exp_param,step_size,vm_param,pp_id,ll,AIC,agent_type
0,26.601175604457076,0.06612477211359684,0.0272949102952863,5.687136213590809,5f361ea793a88f0023c90f71,-64.910095,137.82019,sparse_max_continuous
