,exp_param,vm_param,pp_id,ll,AIC,agent_type
0,0.015322741858783791,1.8359716312379315,5f360eea93a88f0023c908e9,-105.887111,215.774222,lqr
