,attention_cost,exp_param,step_size,vm_param,pp_id,ll,AIC,agent_type
0,3.764408260785417,0.02189818053727572,0.466481133712313,1.7595630517839211,5f35d83993a88f0023c8d78b,-94.657413,197.314826,sparse_max_continuous
