,exp_param,vm_param,pp_id,ll,AIC,agent_type
0,0.03180654320556678,5.463502376997841,5f35d65893a88f0023c8d625,-69.822011,143.644022,null_model_2
