,b,exp_param,n,vm_param,pp_id,ll,AIC,agent_type
0,3.4149130238258594,0.00746390224563919,3.651850868470229,1.9810649382864953,5f35d65d93a88f0023c8d629,-101.86413980814639,211.72827961629278,null_model_1
