,b,exp_param,n,vm_param,pp_id,ll,AIC,agent_type
0,6.927778137746766,0.013993616944760829,1.7422911067205793,1.4700644058701973,5f35d94f93a88f0023c8d95c,-110.54532000000002,229.09064000000004,null_model_1
