,exp_param,vm_param,pp_id,ll,AIC,agent_type
0,0.06305181693211746,8.252821436040536,5f35d72f93a88f0023c8d675,-53.5371,111.0742,null_model_2
