,attention_cost,exp_param,step_size,vm_param,pp_id,ll,AIC,agent_type
0,0.0,0.04721732647532266,0.22501289780135855,10.0,5f35d90b93a88f0023c8d8cf,-45.160522129589026,96.32104425917805,hill_climbing
