,attention_cost,exp_param,step_size,vm_param,pp_id,ll,AIC,agent_type
0,0.0,0.0018641411096949408,0.2526525354006028,3.5763930241428374,5f360ea493a88f0023c908e6,-111.63200349571419,229.26400699142837,hill_climbing
