,exp_param,vm_param,pp_id,ll,AIC,agent_type
0,0.01075319172695682,5.4614969482754825,5f35db0c93a88f0023c8deda,-79.572654,163.145308,null_model_2
