,exp_param,step_size,vm_param,pp_id,ll,AIC,agent_type
0,0.35959713646895675,0.4977806333823381,3.9357720302518393,5f35d74293a88f0023c8d67c,-52.37425,110.7485,hill_climbing
