,attention_cost,exp_param,step_size,vm_param,pp_id,ll,AIC,agent_type
0,0.0,0.011296628671197375,0.0032760957091537146,3.5729468525908348,5f35d7f093a88f0023c8d716,-85.81183082902307,177.62366165804613,hill_climbing
