,attention_cost,exp_param,vm_param,pp_id,ll,AIC,agent_type
0,214.14801549262202,0.02553885108347819,4.18504404616201,5f35d73b93a88f0023c8d678,-73.197708,152.395416,sparse_lqr
