,attention_cost,exp_param,vm_param,pp_id,ll,AIC,agent_type
0,96.21787867942842,0.02186939302515874,3.3790795536894924,5f3610a993a88f0023c90912,-81.204816,168.409632,sparse_lqr
