,exp_param,step_size,vm_param,pp_id,ll,AIC,agent_type
0,0.004851607277763131,0.6605805137463601,1.7935833999138462,5f35d7a693a88f0023c8d6b2,-116.868926,239.737852,hill_climbing
