,exp_param,step_size,vm_param,pp_id,ll,AIC,agent_type
0,0.08796624362588791,0.44709035445676526,8.753296075530237,5f35d6f793a88f0023c8d65f,-48.605131,103.210262,hill_climbing
