attention_cost,exp_param,vm_param,pp_id,ll,AIC,agent_type
75.46492282649007,0.0956097758989053,1.59671140686516,5f35da6493a88f0023c8dc69,-88.60804303020636,181.21608606041272,sparse_lqr
