,exp_param,vm_param,pp_id,ll,AIC,agent_type
0,0.02312145918969435,2.9669196717105626,5f35d5ea93a88f0023c8d5fd,-87.645978,179.291956,null_model_2
