,attention_cost,exp_param,vm_param,pp_id,ll,AIC,agent_type
0,103.28486497062521,0.03770658706127156,9.858409973165339,5f362fb593a88f0023c91191,-52.856357,111.712714,sparse_lqr
