,attention_cost,exp_param,step_size,vm_param,pp_id,ll,AIC,agent_type
0,0.0,0.09370515986166614,0.4341635131057397,6.214659199781027,5f35d80393a88f0023c8d729,-46.897049,99.794098,hill_climbing
