attention_cost,exp_param,step_size,vm_param,pp_id,ll,AIC,agent_type
0.0,0.0101575116897037,0.7351910947179865,2.6053371848852604,5f35e93693a88f0023c905d9,-101.8903462902817,209.7806925805634,hill_climbing
