,b,exp_param,n,vm_param,pp_id,ll,AIC,agent_type
0,1.0836726469759195,0.024624422615528004,3.4342166202326343,3.8071548038232494,5f35d78493a88f0023c8d69f,-74.6746345,157.349269,null_model_1
