,attention_cost,exp_param,vm_param,pp_id,ll,AIC,agent_type
0,180.93591740699725,0.0342629150353393,9.993953762225592,5f362fb593a88f0023c91191,-52.963747,111.927494,sparse_lqr
