,exp_param,vm_param,pp_id,ll,AIC,agent_type
0,0.004689690163664171,1.0029219482508511,5f3612ca93a88f0023c909a0,-128.752119,261.504238,lqr
