,attention_cost,exp_param,step_size,vm_param,pp_id,ll,AIC,agent_type
0,28.731224319674475,0.03215393471216845,0.15306568903198203,1.5934321792432893,5f35d79b93a88f0023c8d6aa,-89.28720138239468,186.57440276478937,sparse_max_continuous
