,attention_cost,exp_param,step_size,vm_param,pp_id,ll,AIC,agent_type
0,3.292291946202097,0.08741120477637272,0.46760288247117604,1.8396109186192011,5f35e37d93a88f0023c8ffdc,-79.377134,166.754268,sparse_max_discrete
