,attention_cost,exp_param,vm_param,pp_id,ll,AIC,agent_type
0,103.20621338304096,0.02581988455791618,9.954589633291246,5f35dafe93a88f0023c8de97,-38.6339,81.2678,sparse_lqr
