,attention_cost,exp_param,step_size,vm_param,pp_id,ll,AIC,agent_type
0,21.321703986661547,0.12290179581011676,0.04237299075805617,1.1780494136039232,5f361ea793a88f0023c90f71,-87.823136,183.646272,sparse_max_continuous
