,exp_param,vm_param,pp_id,ll,AIC,agent_type
0,0.014307317464417414,2.2868616963419743,5f35d86c93a88f0023c8d7e9,-99.837152,203.674304,null_model_2
