,attention_cost,exp_param,step_size,vm_param,pp_id,ll,AIC,agent_type
0,10.942176771403123,0.03283315770519743,0.09900461207645617,4.167499384144426,5f35e11793a88f0023c8fa8c,-68.427386,144.854772,sparse_max_continuous
