,exp_param,vm_param,pp_id,ll,AIC,agent_type
0,0.035755979366687264,8.693809712350527,5f35d91293a88f0023c8d8e2,-58.511674,121.023348,null_model_2
