,attention_cost,exp_param,step_size,vm_param,pp_id,ll,AIC,agent_type
0,23.46425950536375,0.03964202868221645,0.1973660571083214,3.5502950332296903,5f35e0a193a88f0023c8f986,-88.191065,184.38213,sparse_max_continuous
