,b,exp_param,n,vm_param,pp_id,ll,AIC,agent_type
0,4.888686171126627,0.04302264023175255,2.0601658765754958,4.926812545603479,5f35db9193a88f0023c8e13f,-72.31991516794555,152.6398303358911,null_model_1
