,attention_cost,exp_param,vm_param,pp_id,ll,AIC,agent_type
0,289.34710623596595,0.01200753518606706,4.921334409687245,5f35d81193a88f0023c8d742,-86.20792,178.41584,sparse_lqr
