,attention_cost,exp_param,step_size,vm_param,pp_id,ll,AIC,agent_type
0,0.0,0.0097039485988322,0.06489543273193643,2.3932235674861535,5f35d86c93a88f0023c8d7e9,-99.4354722477324,204.8709444954648,hill_climbing
