,attention_cost,exp_param,step_size,vm_param,pp_id,ll,AIC,agent_type
0,21.696530980845417,0.015467748783643629,0.06486155295460816,2.828518245925987,5f35d7da93a88f0023c8d703,-78.706038,165.412076,sparse_max_continuous
