,b,exp_param,n,vm_param,pp_id,ll,AIC,agent_type
0,3.7366602017457446,0.0015004715646739417,4.877526699295551,3.120071346421515,5f360ea493a88f0023c908e6,-118.34349,244.68698,null_model_1
