,attention_cost,exp_param,step_size,vm_param,pp_id,ll,AIC,agent_type
0,20.1262232964975,0.016204870354537198,0.32861418528744696,2.3510632432774727,5f360f4693a88f0023c908ef,-103.981891,215.963782,sparse_max_continuous
