,attention_cost,exp_param,vm_param,pp_id,ll,AIC,agent_type
0,221.47139872887072,0.03543353160762911,6.307824378021404,5f35d91293a88f0023c8d8e2,-63.542963,133.085926,sparse_lqr
