,attention_cost,exp_param,step_size,vm_param,pp_id,ll,AIC,agent_type
0,0.0,0.02806538159113712,0.44323963897344976,3.6303597539455366,5f35d65893a88f0023c8d625,-76.87628510449022,159.75257020898044,hill_climbing
