,attention_cost,exp_param,vm_param,pp_id,ll,AIC,agent_type
0,300.0,0.001,3.735428313788812,5f35d61893a88f0023c8d60c,-106.621792,219.243584,sparse_lqr
