,attention_cost,exp_param,step_size,vm_param,pp_id,ll,AIC,agent_type
0,0.0,0.029190287766838734,0.0556516979565026,6.343806663677465,5f35d7d393a88f0023c8d6f4,-69.74873405479754,145.49746810959508,hill_climbing
