,attention_cost,exp_param,step_size,vm_param,pp_id,ll,AIC,agent_type
0,0.0,0.009185893564455167,0.6195492513232151,2.666814922847822,5f360f4693a88f0023c908ef,-103.585899,213.171798,hill_climbing
