,attention_cost,exp_param,step_size,vm_param,pp_id,ll,AIC,agent_type
0,26.20334739477792,0.01921699919809442,0.5437998426627084,2.444970469510638,5f35d72b93a88f0023c8d674,-96.162518,200.325036,sparse_max_discrete
