,exp_param,vm_param,pp_id,ll,AIC,agent_type
0,0.05571810359209398,7.5511659276405005,5f35db9193a88f0023c8e13f,-56.7527,117.5054,null_model_2
