,exp_param,vm_param,pp_id,ll,AIC,agent_type
0,0.005318643443981147,2.047303166483705,5f35d78493a88f0023c8d69f,-112.340698,228.681396,lqr
