,b,exp_param,n,vm_param,pp_id,ll,AIC,agent_type
0,3.2886435287515328,0.023851086513501745,3.2822684561784827,6.208474799118476,5f35d91293a88f0023c8d8e2,-68.5066771,145.0133542,null_model_1
