exp_param,vm_param,pp_id,ll,AIC,agent_type
0.0021694399190792,2.272125464909033,5f35dba493a88f0023c8e193,-118.49253423069982,240.98506846139963,null_model_2
