exp_param,vm_param,pp_id,ll,AIC,agent_type
0.0218606269307619,0.4844059844900483,5f35d5ee93a88f0023c8d5fe,-119.68825711726552,243.37651423453104,lqr
