attention_cost,exp_param,step_size,vm_param,pp_id,ll,AIC,agent_type
0.3875275291966595,0.0108385985207993,0.656689301318016,2.9679117358590457,5f35d71a93a88f0023c8d66c,-85.3310555663046,178.6621111326092,sparse_max_discrete
