,attention_cost,exp_param,vm_param,pp_id,ll,AIC,agent_type
0,106.6343840020122,0.028392085968005455,2.8646697956807357,5f35d62693a88f0023c8d611,-92.503343,191.006686,sparse_lqr
