,b,exp_param,n,vm_param,pp_id,ll,AIC,agent_type
0,3.210409321523351,0.05183963915970639,1.2653787762107154,1.2731689832688065,5f35d7f393a88f0023c8d71a,-101.96630145970173,211.93260291940345,null_model_1
