,exp_param,vm_param,pp_id,ll,AIC,agent_type
0,0.029387454647750503,9.99980874636939,5f35d88193a88f0023c8d7ff,-48.59166,101.18332,null_model_2
