exp_param,vm_param,pp_id,ll,AIC,agent_type
0.0196783536530858,2.0105877990424013,5f35d76793a88f0023c8d689,-99.6134999612429,203.2269999224858,lqr
