,attention_cost,exp_param,step_size,vm_param,pp_id,ll,AIC,agent_type
0,0.0,0.04267345888076868,0.12449822042430081,9.169535529032881,5f362fb593a88f0023c91191,-57.419,120.838,hill_climbing
