exp_param,vm_param,pp_id,ll,AIC,agent_type
0.0040353633115848,0.5872581138021615,5f35d62993a88f0023c8d613,-135.2196382725652,274.4392765451304,lqr
