attention_cost,exp_param,step_size,vm_param,pp_id,ll,AIC,agent_type
18.667188678749135,0.0312288620095163,0.0523810717543198,4.9672615657109,5f3610a993a88f0023c90912,-77.12523602313091,162.25047204626182,sparse_max_continuous
