attention_cost,exp_param,step_size,vm_param,pp_id,ll,AIC,agent_type
23.08624888412557,0.0232096002200389,0.3878797381982703,6.509140826033218,5f35d64293a88f0023c8d61c,-63.80800256619716,135.61600513239432,sparse_max_continuous
