,b,exp_param,n,vm_param,pp_id,ll,AIC,agent_type
0,0.05946193154326984,0.09765616008838428,2.2292145087370066,5.192610949078605,5f35d74293a88f0023c8d67c,-55.834336699999994,119.66867339999999,null_model_1
