,exp_param,vm_param,pp_id,ll,AIC,agent_type
0,0.011565342847683915,2.3517274305195923,5f35d73993a88f0023c8d677,-100.786176,205.572352,lqr
