,attention_cost,exp_param,step_size,vm_param,pp_id,ll,AIC,agent_type
0,26.795958398852942,0.05933416346025143,0.03667977250865173,5.1091984177497505,5f35e0a193a88f0023c8f986,-76.459928,160.919856,sparse_max_continuous
