,attention_cost,exp_param,step_size,vm_param,pp_id,ll,AIC,agent_type
0,18.83736480478519,0.02127105037661946,0.009393939123252482,9.576559181124098,5f35d76593a88f0023c8d688,-61.33950492794973,130.67900985589947,sparse_max_discrete
