exp_param,vm_param,pp_id,ll,AIC,agent_type
0.0116871953067781,0.2842871106892375,5f35d8b893a88f0023c8d833,-126.75313129252052,257.50626258504104,lqr
