,attention_cost,exp_param,vm_param,pp_id,ll,AIC,agent_type
0,275.40506881791214,0.011336090003301349,4.297542996000486,5f35d81193a88f0023c8d742,-85.757656,177.515312,sparse_lqr
