,exp_param,vm_param,pp_id,ll,AIC,agent_type
0,0.018483977932264892,1.957378849110789,5f35d83993a88f0023c8d78b,-100.11900604400176,204.23801208800353,null_model_2
