attention_cost,exp_param,step_size,vm_param,pp_id,ll,AIC,agent_type
8.393231870508629,0.0383196938363371,0.5361474530645638,3.3803954719520237,5f35d84893a88f0023c8d7af,-92.92941205980829,193.85882411961651,sparse_max_discrete
