,exp_param,vm_param,pp_id,ll,AIC,agent_type
0,0.006160622654211264,2.1422988113840633,5f35e93693a88f0023c905d9,-109.709347,223.418694,null_model_2
