,attention_cost,exp_param,step_size,vm_param,pp_id,ll,AIC,agent_type
0,19.932246256870574,0.028778723630584226,0.21651655701654093,7.541663685518156,5f35d91293a88f0023c8d8e2,-57.822429,123.644858,sparse_max_discrete
