,attention_cost,exp_param,step_size,vm_param,pp_id,ll,AIC,agent_type
0,0.0064532927543714536,0.04918774711332011,0.3708242347870598,3.9596771194982416,5f35d73993a88f0023c8d677,-75.823313,159.646626,sparse_max_continuous
