,b,exp_param,n,vm_param,pp_id,ll,AIC,agent_type
0,1.922703521845437,0.06524260034646064,1.0663460014648076,4.743983848444158,5f35d6bc93a88f0023c8d64b,-66.09773529999998,140.19547059999996,null_model_1
