,attention_cost,exp_param,vm_param,pp_id,ll,AIC,agent_type
0,47.25278608277598,0.044178458598050516,2.809184660775683,5f35dab593a88f0023c8dda2,-89.526526,185.053052,sparse_lqr
