exp_param,vm_param,pp_id,ll,AIC,agent_type
0.0293398682988726,0.4426904576943369,5f35d74293a88f0023c8d67c,-116.96179507659824,237.92359015319647,lqr
