attention_cost,exp_param,step_size,vm_param,pp_id,ll,AIC,agent_type
13.083770279757305,0.0029951488560439,0.003246330539426,5.14347967507412,5f35d72493a88f0023c8d66f,-92.84846352175296,193.69692704350592,sparse_max_continuous
