,exp_param,vm_param,pp_id,ll,AIC,agent_type
0,0.06320046646819799,2.3768223739516525,5f35e37d93a88f0023c8ffdc,-83.738146,171.476292,null_model_2
