,attention_cost,exp_param,step_size,vm_param,pp_id,ll,AIC,agent_type
0,18.21229338411804,0.0018758390518125029,0.022582444799365997,2.260497042674258,5f35dae093a88f0023c8de20,-125.22940288386,258.45880576772004,sparse_max_discrete
