,b,exp_param,n,vm_param,pp_id,ll,AIC,agent_type
0,1.9332161564546233,0.022253346962206665,2.1516603904578604,4.804126882171845,5f35db9193a88f0023c8e13f,-73.41838635726101,154.83677271452203,null_model_1
