,b,exp_param,n,vm_param,pp_id,ll,AIC,agent_type
0,7.325190933571713,0.00890806752395823,2.1747745958104705,1.9830899113009715,5f3626b693a88f0023c91063,-101.42878189999999,210.85756379999998,null_model_1
