,attention_cost,exp_param,vm_param,pp_id,ll,AIC,agent_type
0,66.10166904790469,0.024092407259091803,3.6008652446005005,5f35d83993a88f0023c8d78b,-84.647682,175.295364,sparse_lqr
