,b,exp_param,n,vm_param,pp_id,ll,AIC,agent_type
0,1.5417077039750857,0.05306820806799796,1.7286440448584797,1.1526662531405374,5f35e37d93a88f0023c8ffdc,-106.15870424303382,220.31740848606765,null_model_1
