attention_cost,exp_param,step_size,vm_param,pp_id,ll,AIC,agent_type
23.62655518957521,0.1074772929120123,1.4785632355697818,1.7716116443841734,5f35d79b93a88f0023c8d6aa,-87.75992642846026,183.5198528569205,sparse_max_continuous
