,exp_param,step_size,vm_param,pp_id,ll,AIC,agent_type
0,0.026851997243922565,0.6772934974198404,3.3712341657265066,5f35d83993a88f0023c8d78b,-81.042351,168.084702,hill_climbing
