,exp_param,vm_param,pp_id,ll,AIC,agent_type
0,0.01875380625929732,1.93193934810874,5f35d9ad93a88f0023c8da5b,-100.812516,205.625032,null_model_2
