,exp_param,vm_param,pp_id,ll,AIC,agent_type
0,0.0030166385212950196,3.117447291349297,5f35d97e93a88f0023c8d9d4,-106.293307,216.586614,lqr
