,b,exp_param,n,vm_param,pp_id,ll,AIC,agent_type
0,4.338467041094058,0.015163224182762648,1.282126119962363,3.0850339994829956,5f35d83993a88f0023c8d78b,-93.2698884,194.5397768,null_model_1
