,exp_param,vm_param,pp_id,ll,AIC,agent_type
0,0.0032079633783898102,2.0916430200534863,5f35d5d093a88f0023c8d5f7,-116.675004,237.350008,lqr
