,attention_cost,exp_param,step_size,vm_param,pp_id,ll,AIC,agent_type
0,22.213730780030488,0.03702397768046748,0.11829632250730976,3.845377903740239,5f35d8e393a88f0023c8d887,-71.543651,151.087302,sparse_max_continuous
