,attention_cost,exp_param,vm_param,pp_id,ll,AIC,agent_type
0,153.17581211686698,0.030265937875706174,9.917165721953381,5f35dafe93a88f0023c8de97,-39.440509,82.881018,sparse_lqr
