attention_cost,exp_param,step_size,vm_param,pp_id,ll,AIC,agent_type
29.651693146567755,0.0908479453436987,0.1506974582839379,3.50388431281568,5f35d71c93a88f0023c8d66e,-80.38371911477338,168.76743822954677,sparse_max_continuous
