,attention_cost,exp_param,vm_param,pp_id,ll,AIC,agent_type
0,103.51475878315303,0.02852517267810167,9.020713688808442,5f35d7fa93a88f0023c8d725,-59.066985044315786,122.13397008863157,sparse_lqr
