,exp_param,step_size,vm_param,pp_id,ll,AIC,agent_type
0,0.06186109019040822,0.0,8.595793833611278,5f35d73b93a88f0023c8d678,-57.232897,120.465794,hill_climbing
