,exp_param,vm_param,pp_id,ll,AIC,agent_type
0,0.024076813651278468,5.9025712805040715,5f35dafe93a88f0023c8de97,-71.288147,146.576294,null_model_2
