,b,exp_param,n,vm_param,pp_id,ll,AIC,agent_type
0,1.7109626454507532,0.011906433486220412,2.7440572352992207,6.574635942031842,5f35db0c93a88f0023c8deda,-82.25307699999999,172.50615399999998,null_model_1
