attention_cost,exp_param,step_size,vm_param,pp_id,ll,AIC,agent_type
28.68705852367373,0.0196046763763113,0.0888101868612612,5.38807487250681,5f36107b93a88f0023c9090e,-72.28680254092487,152.5736050818497,sparse_max_continuous
