,exp_param,vm_param,pp_id,ll,AIC,agent_type
0,0.0031583670587561,9.627823771694704,5f35da4f93a88f0023c8dc28,-64.434948,132.869896,null_model_2
