,attention_cost,exp_param,vm_param,pp_id,ll,AIC,agent_type
0,143.0026234080777,0.07753929473408722,5.918543850417367,5f35d80393a88f0023c8d729,-57.037693,120.075386,sparse_lqr
