,exp_param,step_size,vm_param,pp_id,ll,AIC,agent_type
0,0.029033413797399134,0.15376086598428487,6.7434070657980785,5f35d90c93a88f0023c8d8d0,-66.870417,139.740834,hill_climbing
