attention_cost,exp_param,step_size,vm_param,pp_id,ll,AIC,agent_type
29.23939981872341,0.0778601357407005,0.0436407052815937,4.772667195752977,5f35d97e93a88f0023c8d9d4,-58.9630656552125,125.926131310425,sparse_max_continuous
