,attention_cost,exp_param,step_size,vm_param,pp_id,ll,AIC,agent_type
0,0.0,0.04733177161701301,0.0,4.710482732412558,5f35d6af93a88f0023c8d646,-73.459268,152.918536,hill_climbing
