,exp_param,vm_param,pp_id,ll,AIC,agent_type
0,0.004225452079074123,1.8273193990980041,5f35d72b93a88f0023c8d674,-117.431564,238.863128,lqr
