,exp_param,vm_param,pp_id,ll,AIC,agent_type
0,0.027867067299519363,2.7446461265286484,5f35df8793a88f0023c8f599,-87.353096,178.706192,null_model_2
