,attention_cost,exp_param,step_size,vm_param,pp_id,ll,AIC,agent_type
0,5.901453367962954,0.01675715593006597,0.002254315536933893,4.146686382955892,5f36101b93a88f0023c90907,-105.972395,219.94479,sparse_max_continuous
