,exp_param,step_size,vm_param,pp_id,ll,AIC,agent_type
0,0.026026278894547467,0.028659528982416638,9.35906631104484,5f35dafe93a88f0023c8de97,-55.595304,117.190608,hill_climbing
