,attention_cost,exp_param,step_size,vm_param,pp_id,ll,AIC,agent_type
0,28.76365277075926,0.05542440491344307,0.007870898671133275,4.977625740470902,5f35d6b193a88f0023c8d648,-65.600519,139.201038,sparse_max_continuous
