,exp_param,step_size,vm_param,pp_id,ll,AIC,agent_type
0,0.10151016525360579,0.3456077444726128,9.964689295911949,5f35d82093a88f0023c8d751,-43.011924,92.023848,hill_climbing
