,b,exp_param,n,vm_param,pp_id,ll,AIC,agent_type
0,1.4753304437368915,0.022889432936395972,2.7446199100612896,1.6882703720769088,5f35d83093a88f0023c8d771,-103.7124352,215.4248704,null_model_1
