,attention_cost,exp_param,vm_param,pp_id,ll,AIC,agent_type
0,267.3056862877017,0.02825993629395135,5.220512472525107,5f35d6bc93a88f0023c8d64b,-73.86782,153.73564,sparse_lqr
