,attention_cost,exp_param,step_size,vm_param,pp_id,ll,AIC,agent_type
0,0.0,0.10195739722299299,0.6187274090951231,6.588262960212883,5f35d64493a88f0023c8d61e,-56.184906,118.369812,hill_climbing
