,attention_cost,exp_param,step_size,vm_param,pp_id,ll,AIC,agent_type
0,5.17275252530939,0.08604520453504426,0.02706516875947884,6.377722244085779,5f35d80393a88f0023c8d729,-57.034447,122.068894,sparse_max_discrete
