exp_param,vm_param,pp_id,ll,AIC,agent_type
0.0544096743199675,1.840406713539482,5f35d5ee93a88f0023c8d5fe,-92.7605883800779,189.5211767601558,null_model_2
