,attention_cost,exp_param,step_size,vm_param,pp_id,ll,AIC,agent_type
0,18.769391966652822,0.2966581121039178,0.7482138589372092,5.390712733183606,5f35d79293a88f0023c8d6a1,-65.21496929356762,138.42993858713524,sparse_max_discrete
