,exp_param,vm_param,pp_id,ll,AIC,agent_type
0,0.006875460229936706,2.954485026300241,5f35d6ae93a88f0023c8d644,-99.785226,203.570452,lqr
