,exp_param,step_size,vm_param,pp_id,ll,AIC,agent_type
0,0.01385656685989689,0.48748547529265424,1.892092645566581,5f360f4693a88f0023c908ef,-104.317412,214.634824,hill_climbing
