,attention_cost,exp_param,vm_param,pp_id,ll,AIC,agent_type
0,279.5916207590512,0.014937621402621417,2.3436208612142053,5f3626b693a88f0023c91063,-96.01413,198.02826,sparse_lqr
