,attention_cost,exp_param,step_size,vm_param,pp_id,ll,AIC,agent_type
0,13.044184161614524,0.010028541895532931,0.47029931095057315,1.68903817872591,5f35d83993a88f0023c8d78b,-99.255513,206.511026,sparse_max_continuous
