,attention_cost,exp_param,step_size,vm_param,pp_id,ll,AIC,agent_type
0,0.0,0.10573151934468979,0.20515390378382625,5.0216766371621615,5f360eea93a88f0023c908e9,-59.616967,125.233934,hill_climbing
