,attention_cost,exp_param,step_size,vm_param,pp_id,ll,AIC,agent_type
0,29.818948908950595,0.025525039159584907,1.4742320259538255,3.290508430714154,5f35d83093a88f0023c8d771,-95.22064373578593,198.44128747157185,sparse_max_discrete
