,exp_param,vm_param,pp_id,ll,AIC,agent_type
0,0.013908221361871552,1.05955654128576,5f35d6aa93a88f0023c8d642,-116.278851,236.557702,lqr
