,attention_cost,exp_param,vm_param,pp_id,ll,AIC,agent_type
0,177.52006947561793,0.02467774702926218,3.3310260648378422,5f36107b93a88f0023c9090e,-83.272775,172.54555,sparse_lqr
