,b,exp_param,n,vm_param,pp_id,ll,AIC,agent_type
0,1.443085688946684,0.004977125457933074,2.557233928390893,2.6390129956407615,5f360f4693a88f0023c908ef,-111.93715540000001,231.87431080000002,null_model_1
