,exp_param,vm_param,pp_id,ll,AIC,agent_type
0,0.03319890313537854,4.304406818930941,5f35d78493a88f0023c8d69f,-75.14114,154.28228,null_model_2
