,attention_cost,exp_param,vm_param,pp_id,ll,AIC,agent_type
0,221.34640632587102,0.0652951618133905,5.428948961627055,5f35d64493a88f0023c8d61e,-62.762415,129.52483,sparse_lqr
