,exp_param,vm_param,pp_id,ll,AIC,agent_type
0,0.02621981847865915,3.1243952960433474,5f35e76793a88f0023c90491,-85.035928,174.071856,null_model_2
