,attention_cost,exp_param,step_size,vm_param,pp_id,ll,AIC,agent_type
0,16.829362860435264,0.023270541224118105,0.02468322788161481,3.3939514675907825,5f35d78293a88f0023c8d697,-80.54551809980926,169.09103619961851,sparse_max_discrete
