,b,exp_param,n,vm_param,pp_id,ll,AIC,agent_type
0,4.419512946706218,0.042835692729696284,1.1975855385332572,1.5045502836766345,5f35d5ee93a88f0023c8d5fe,-109.3078374831133,226.6156749662266,null_model_1
