,attention_cost,exp_param,step_size,vm_param,pp_id,ll,AIC,agent_type
0,10.26381339846981,0.05989459364396005,0.06386161651407829,1.5714436720778713,5f35dfdb93a88f0023c8f6da,-90.18950315939543,188.37900631879086,sparse_max_continuous
