,attention_cost,exp_param,vm_param,pp_id,ll,AIC,agent_type
0,77.24840077606531,0.042657956848281456,9.883367308652414,5f35d7fa93a88f0023c8d725,-59.1776298520125,122.355259704025,sparse_lqr
