exp_param,vm_param,pp_id,ll,AIC,agent_type
0.0022485752652068,1.2340174420174554,5f35d90b93a88f0023c8d8cf,-132.84698627673578,269.69397255347155,lqr
