,b,exp_param,n,vm_param,pp_id,ll,AIC,agent_type
0,2.8212642608776997,0.03835160225039478,3.0458555096458317,1.5634555652772564,5f362dee93a88f0023c91131,-83.38603081521367,174.77206163042734,null_model_1
