,exp_param,vm_param,pp_id,ll,AIC,agent_type
0,0.00678160412330464,1.7435368407188934,5f35d6ae93a88f0023c8d644,-114.095245,232.19049,lqr
