,attention_cost,exp_param,step_size,vm_param,pp_id,ll,AIC,agent_type
0,0.0,0.04417174795790509,0.0,4.0949023323523095,5f35e11793a88f0023c8fa8c,-72.166322,150.332644,hill_climbing
