,attention_cost,exp_param,vm_param,pp_id,ll,AIC,agent_type
0,200.50765088181856,0.08890469878977163,2.5889164286636843,5f35d74293a88f0023c8d67c,-77.136073,158.272146,sparse_lqr
