,exp_param,vm_param,pp_id,ll,AIC,agent_type
0,0.10826788545522145,2.1657095677816187,5f35d7f393a88f0023c8d71a,-80.750625,165.50125,null_model_2
