,attention_cost,exp_param,vm_param,pp_id,ll,AIC,agent_type
0,273.8448316714814,0.014519244089712474,3.9185662493771165,5f35d7f093a88f0023c8d716,-84.9792,173.9584,sparse_lqr
