,exp_param,vm_param,pp_id,ll,AIC,agent_type
0,0.02012835433824576,4.316981740805458,5f35d78293a88f0023c8d697,-79.7372967120785,163.474593424157,null_model_2
