,attention_cost,exp_param,step_size,vm_param,pp_id,ll,AIC,agent_type
0,0.8262085722225954,0.07759603038226688,0.5893990106857567,1.335206460086702,5f35d84893a88f0023c8d7af,-98.4089712888076,204.8179425776152,sparse_max_continuous
