,exp_param,step_size,vm_param,pp_id,ll,AIC,agent_type
0,0.016705170155514266,0.5262857751846164,3.1613032856856957,5f35d72b93a88f0023c8d674,-91.407876,188.815752,hill_climbing
