,attention_cost,exp_param,vm_param,pp_id,ll,AIC,agent_type
0,121.58076498126347,0.06933244506561365,2.0055818684014226,5f361ea793a88f0023c90f71,-86.1254,176.2508,sparse_lqr
