,b,exp_param,n,vm_param,pp_id,ll,AIC,agent_type
0,7.745474306334555,0.01187784506967551,4.033113041907985,3.199528380776784,5f35df1293a88f0023c8f3db,-96.14226,200.28452,null_model_1
