b,exp_param,n,vm_param,pp_id,ll,AIC,agent_type
6.477573480420838,0.0061683499625723,3.414035262799043,2.0552263493238163,5f35d62993a88f0023c8d613,-119.50208484454814,247.00416968909627,null_model_1
