,attention_cost,exp_param,step_size,vm_param,pp_id,ll,AIC,agent_type
0,18.464737990655426,0.08149574443132991,0.6582347802084464,1.3954874469425405,5f35da6493a88f0023c8dc69,-91.495888,190.991776,sparse_max_continuous
