,attention_cost,exp_param,step_size,vm_param,pp_id,ll,AIC,agent_type
0,21.25648037976806,0.07205043893739586,0.6548961161307241,5.977809419982761,5f361ea793a88f0023c90f71,-58.155557,124.311114,sparse_max_discrete
