,exp_param,vm_param,pp_id,ll,AIC,agent_type
0,0.07370258519264658,3.4122090307630737,5f35e00093a88f0023c8f758,-72.451746,148.903492,null_model_2
