,exp_param,vm_param,pp_id,ll,AIC,agent_type
0,0.004383776041700491,1.220201827181272,5f35d82093a88f0023c8d751,-126.526333,257.052666,lqr
