,attention_cost,exp_param,step_size,vm_param,pp_id,ll,AIC,agent_type
0,29.899284647626395,0.005871595050503834,0.08866222226502479,3.613243874396206,5f35d7f093a88f0023c8d716,-85.516436,179.032872,sparse_max_discrete
