,attention_cost,exp_param,step_size,vm_param,pp_id,ll,AIC,agent_type
0,0.0,0.014969433625466984,0.23823282544420304,2.0295521360394653,5f35d6aa93a88f0023c8d642,-108.93272823018654,223.86545646037308,hill_climbing
