,attention_cost,exp_param,step_size,vm_param,pp_id,ll,AIC,agent_type
0,0.0,0.030895590916130478,0.0,5.38928636469289,5f35d78293a88f0023c8d697,-81.53561037512243,169.07122075024486,hill_climbing
