,attention_cost,exp_param,vm_param,pp_id,ll,AIC,agent_type
0,77.6651822160479,0.028838958459315674,3.547895908687396,5f35df8793a88f0023c8f599,-81.788822,169.577644,sparse_lqr
