,attention_cost,exp_param,step_size,vm_param,pp_id,ll,AIC,agent_type
0,0.0,0.01240836524347475,0.0,3.782404841409514,5f35d81193a88f0023c8d742,-92.09139555734507,190.18279111469013,hill_climbing
