,attention_cost,exp_param,step_size,vm_param,pp_id,ll,AIC,agent_type
0,0.0,0.03705533679041712,0.1974023241810422,9.520336354728773,5f35d90b93a88f0023c8d8cf,-45.159955,96.31991,hill_climbing
