,exp_param,vm_param,pp_id,ll,AIC,agent_type
0,0.003984546272736721,1.4604127451955118,5f361f5693a88f0023c90f72,-124.861718,253.723436,lqr
