attention_cost,exp_param,step_size,vm_param,pp_id,ll,AIC,agent_type
24.43857543784966,0.0550595466636758,0.1957660070088989,8.424458099564136,5f35d76793a88f0023c8d689,-43.56378168727264,95.12756337454528,sparse_max_discrete
