,attention_cost,exp_param,step_size,vm_param,pp_id,ll,AIC,agent_type
0,0.0,0.05079779337895814,0.0,1.4638253869706597,5f361f5693a88f0023c90f72,-100.62694712200681,207.25389424401362,hill_climbing
