,attention_cost,exp_param,vm_param,pp_id,ll,AIC,agent_type
0,201.87258382916755,0.016241484221728893,2.609841912430676,5f35d68993a88f0023c8d637,-98.737471,203.474942,sparse_lqr
