,attention_cost,exp_param,step_size,vm_param,pp_id,ll,AIC,agent_type
0,0.0,0.017054202670431888,0.22711914960354385,2.414202976636556,5f35d86c93a88f0023c8d7e9,-99.99824,205.99648,hill_climbing
