,exp_param,vm_param,pp_id,ll,AIC,agent_type
0,0.011978931314555775,2.022141481055356,5f35d73993a88f0023c8d677,-104.806806,213.613612,lqr
