,attention_cost,exp_param,vm_param,pp_id,ll,AIC,agent_type
0,262.61892084032445,0.017712950300079862,2.0813460809621134,5f3626b693a88f0023c91063,-95.02764,196.05528,sparse_lqr
