,attention_cost,exp_param,vm_param,pp_id,ll,AIC,agent_type
0,191.29602574914048,0.02046551019275062,3.318957639665119,5f35d94f93a88f0023c8d95c,-88.79323684096103,181.58647368192206,sparse_lqr
