,attention_cost,exp_param,step_size,vm_param,pp_id,ll,AIC,agent_type
0,11.432221999436797,0.040977615457501,0.03343781193209422,1.635191947626612,5f35dfdb93a88f0023c8f6da,-89.648219,187.296438,sparse_max_continuous
