,attention_cost,exp_param,step_size,vm_param,pp_id,ll,AIC,agent_type
0,4.126789217660862,0.28892712748407906,0.4685491649743509,3.289027944625602,5f35d74293a88f0023c8d67c,-54.46818589890718,116.93637179781436,sparse_max_discrete
