,attention_cost,exp_param,step_size,vm_param,pp_id,ll,AIC,agent_type
0,0.0,0.05438820117587732,0.007433013334858352,4.994894254500957,5f35d7d693a88f0023c8d6f7,-65.1083,136.2166,hill_climbing
