,attention_cost,exp_param,vm_param,pp_id,ll,AIC,agent_type
0,20.321899393073284,0.022857060287469675,2.85188298637556,5f35d8e393a88f0023c8d887,-82.524647,169.049294,sparse_lqr
