,b,exp_param,n,vm_param,pp_id,ll,AIC,agent_type
0,1.1186205881507263,0.08241977193581432,2.494702257187353,2.791178940243777,5f35e00093a88f0023c8f758,-84.966937,177.933874,null_model_1
