,attention_cost,exp_param,step_size,vm_param,pp_id,ll,AIC,agent_type
0,29.980312280747732,0.009548460953528046,0.4337580913256037,1.5254461845252576,5f360f4693a88f0023c908ef,-110.524,229.048,sparse_max_discrete
