attention_cost,exp_param,step_size,vm_param,pp_id,ll,AIC,agent_type
2.093579355126256,0.0428356927296962,0.0740945769499714,1.5045502836766345,5f35da6493a88f0023c8dc69,-88.27571576005188,184.55143152010376,sparse_max_discrete
