,attention_cost,exp_param,step_size,vm_param,pp_id,ll,AIC,agent_type
0,0.0,0.029260507446052894,0.0019814917060926307,6.067958191953643,5f35d5ea93a88f0023c8d5fd,-72.778585,151.55717,hill_climbing
