attention_cost,exp_param,vm_param,pp_id,ll,AIC,agent_type
62.29120397232487,0.0716413598202336,5.153239553909184,5f35d7d693a88f0023c8d6f7,-63.42192216660144,130.84384433320287,sparse_lqr
