,attention_cost,exp_param,step_size,vm_param,pp_id,ll,AIC,agent_type
0,28.98993209829639,0.016857811343764812,0.05194213292843808,6.13108891235028,5f35d83093a88f0023c8d771,-71.888821,151.777642,sparse_max_continuous
