,exp_param,vm_param,pp_id,ll,AIC,agent_type
0,0.005156602781691519,0.5914483355430011,5f35dfdb93a88f0023c8f6da,-132.587807,269.175614,lqr
