,attention_cost,exp_param,step_size,vm_param,pp_id,ll,AIC,agent_type
0,0.0,0.1619007858844136,0.2650846171556017,2.3482837265793153,5f35d73d93a88f0023c8d679,-72.314112,150.628224,hill_climbing
