,exp_param,step_size,vm_param,pp_id,ll,AIC,agent_type
0,0.04041431414918848,0.0,2.239404829808729,5f35d6b193a88f0023c8d648,-89.235115,184.47023,hill_climbing
