,b,exp_param,n,vm_param,pp_id,ll,AIC,agent_type
0,2.704926752499,0.014760385432477666,2.8337657253560646,6.343580616702015,5f35d88193a88f0023c8d7ff,-72.5275909,153.0551818,null_model_1
