,b,exp_param,n,vm_param,pp_id,ll,AIC,agent_type
0,2.273018055517547,0.001,3.777356252255369,2.636711593560404,5f360ea493a88f0023c908e6,-118.47965270000002,244.95930540000003,null_model_1
