,attention_cost,exp_param,vm_param,pp_id,ll,AIC,agent_type
0,29.825848982913815,0.046325040460583645,4.9466592988349785,5f35d73993a88f0023c8d677,-75.141236,154.282472,sparse_lqr
