,b,exp_param,n,vm_param,pp_id,ll,AIC,agent_type
0,0.7284365881665866,0.21599437700783314,1.469507681252519,7.674235177414532,5f35d79293a88f0023c8d6a1,-53.64170200000001,115.28340400000002,null_model_1
