,attention_cost,exp_param,vm_param,pp_id,ll,AIC,agent_type
0,34.2148125915953,0.11176149537114997,1.4945032790683999,5f35d80893a88f0023c8d735,-87.634535,179.26907,sparse_lqr
