,attention_cost,exp_param,vm_param,pp_id,ll,AIC,agent_type
0,67.89499263264409,0.03861614160866825,4.247379655443854,5f36121793a88f0023c9095f,-65.589017,137.178034,sparse_lqr
