,b,exp_param,n,vm_param,pp_id,ll,AIC,agent_type
0,16.3380696344938,0.011790923690898097,3.9385357165544512,3.597691972773227,5f35d61893a88f0023c8d60c,-83.66361909981144,175.32723819962288,null_model_1
