,attention_cost,exp_param,step_size,vm_param,pp_id,ll,AIC,agent_type
0,24.886372997847527,0.057257163232228334,0.022532355000171422,7.789905561152814,5f35db9193a88f0023c8e13f,-56.768985206020034,121.53797041204007,sparse_max_discrete
