,attention_cost,exp_param,vm_param,pp_id,ll,AIC,agent_type
0,53.5516724346494,0.07294067533651466,3.8024299861501456,5f35e11793a88f0023c8fa8c,-67.451729,140.903458,sparse_lqr
