,attention_cost,exp_param,step_size,vm_param,pp_id,ll,AIC,agent_type
0,0.1532616586662905,0.02462270508271458,0.2695808917889272,2.124122339572776,5f35d71a93a88f0023c8d66c,-91.738757,191.477514,sparse_max_discrete
