,attention_cost,exp_param,vm_param,pp_id,ll,AIC,agent_type
0,195.1809828724725,0.04246467262521284,9.930780062010891,5f362fb593a88f0023c91191,-52.884747,111.769494,sparse_lqr
