,b,exp_param,n,vm_param,pp_id,ll,AIC,agent_type
0,0.7808083794608733,0.044032131832624055,2.033464779104216,5.398476513355201,5f35d90c93a88f0023c8d8d0,-75.1644682,158.3289364,null_model_1
