,b,exp_param,n,vm_param,pp_id,ll,AIC,agent_type
0,0.06586201343599662,0.027390006980672496,4.065901207063439,6.152300302270358,5f35d5ea93a88f0023c8d5fd,-77.3978803,162.7957606,null_model_1
