,attention_cost,exp_param,vm_param,pp_id,ll,AIC,agent_type
0,187.8828179971223,0.00978185556501205,6.646894851961292,5f35d6ae93a88f0023c8d644,-75.813525,157.62705,sparse_lqr
