exp_param,vm_param,pp_id,ll,AIC,agent_type
0.0134408569186561,3.151937770113556,5f35d81193a88f0023c8d742,-91.62661300732876,187.2532260146575,null_model_2
