,exp_param,vm_param,pp_id,ll,AIC,agent_type
0,0.027191858020321157,9.98628611141867,5f35d61893a88f0023c8d60c,-54.494649,112.989298,null_model_2
