,exp_param,vm_param,pp_id,ll,AIC,agent_type
0,0.01887128012534216,5.831867946414796,5f35d65393a88f0023c8d623,-73.793834,151.587668,null_model_2
