,attention_cost,exp_param,step_size,vm_param,pp_id,ll,AIC,agent_type
0,7.229068962688987,0.001,0.0,3.2812362978862093,5f35e70693a88f0023c90462,-195.321806,398.643612,sparse_max_discrete
