,attention_cost,exp_param,step_size,vm_param,pp_id,ll,AIC,agent_type
0,26.242903069546053,0.029719487691456464,0.546104820673462,3.5315049200475457,5f35d8e393a88f0023c8d887,-72.765593,153.531186,sparse_max_discrete
