,attention_cost,exp_param,vm_param,pp_id,ll,AIC,agent_type
0,141.9311665653033,0.003085289704357806,2.1446207405319626,5f35d65d93a88f0023c8d629,-128.899724,263.799448,sparse_lqr
