,exp_param,step_size,vm_param,pp_id,ll,AIC,agent_type
0,0.02288240434389623,0.5291761920227483,3.8015323120756883,5f35d64293a88f0023c8d61c,-75.972521,157.945042,hill_climbing
