,attention_cost,exp_param,vm_param,pp_id,ll,AIC,agent_type
0,102.80667238598453,0.06914113906828742,3.7792417932809985,5f35e11793a88f0023c8fa8c,-67.452619,140.905238,sparse_lqr
