attention_cost,exp_param,vm_param,pp_id,ll,AIC,agent_type
62.72987432205011,0.1006001916531028,1.688426022259163,5f35d85593a88f0023c8d7c5,-89.78766305465987,183.57532610931972,sparse_lqr
