,exp_param,vm_param,pp_id,ll,AIC,agent_type
0,0.02909160839813758,1.6582755723965392,5f35d74293a88f0023c8d67c,-100.512366,205.024732,lqr
