,exp_param,vm_param,pp_id,ll,AIC,agent_type
0,0.00474985704645821,3.6794157155128113,5f35da2c93a88f0023c8db97,-97.736016,199.472032,lqr
