,attention_cost,exp_param,step_size,vm_param,pp_id,ll,AIC,agent_type
0,1.8825570695784055,0.038586559198575766,0.02801067197596302,5.487720901024722,5f360f1993a88f0023c908ea,-63.019479411655965,134.03895882331193,sparse_max_discrete
