,exp_param,step_size,vm_param,pp_id,ll,AIC,agent_type
0,0.01368220364973315,0.668022529539275,3.1568202872473448,5f35d72b93a88f0023c8d674,-90.856153,187.712306,hill_climbing
