,exp_param,vm_param,pp_id,ll,AIC,agent_type
0,0.021782976740298176,4.962256341829946,5f35d7d393a88f0023c8d6f4,-75.258127,154.516254,lqr
