,exp_param,vm_param,pp_id,ll,AIC,agent_type
0,0.017479374473598014,0.6030870859720439,5f35d8e393a88f0023c8d887,-120.06758493009849,244.13516986019698,lqr
