b,exp_param,n,vm_param,pp_id,ll,AIC,agent_type
1.974126558149984,0.0271847758908415,1.1132259520831784,2.462110676030459,5f35d7d393a88f0023c8d6f4,-71.66057834235295,151.3211566847059,null_model_1
