,b,exp_param,n,vm_param,pp_id,ll,AIC,agent_type
0,11.885689567846834,0.008709209126061712,3.710130279879732,3.430235053153204,5f35d94f93a88f0023c8d95c,-86.3404714,180.6809428,null_model_1
