,b,exp_param,n,vm_param,pp_id,ll,AIC,agent_type
0,2.2309833241054546,0.0017808324712158953,4.041206445690434,2.4990603131531532,5f360ea493a88f0023c908e6,-117.45283311330672,242.90566622661345,null_model_1
