,attention_cost,exp_param,step_size,vm_param,pp_id,ll,AIC,agent_type
0,3.6310546874650362,0.01208070120899581,0.724575969930803,2.197410282555734,5f35d65d93a88f0023c8d629,-109.286342,226.572684,sparse_max_continuous
