,attention_cost,exp_param,step_size,vm_param,pp_id,ll,AIC,agent_type
0,0.0,0.0219016341567533,0.4894423332076594,4.5611386491415375,5f35df8793a88f0023c8f599,-75.0588396355039,156.1176792710078,hill_climbing
