,b,exp_param,n,vm_param,pp_id,ll,AIC,agent_type
0,7.215770011452404,0.015078201898250512,3.863782797849578,5.644983202408741,5f35d65393a88f0023c8d623,-80.9024489,169.8048978,null_model_1
