,b,exp_param,n,vm_param,pp_id,ll,AIC,agent_type
0,0.0,0.03,1.0,2.0,5f35dab593a88f0023c8dda2,-104.98863610000001,217.97727220000002,null_model_1
