,attention_cost,exp_param,vm_param,pp_id,ll,AIC,agent_type
0,267.6378557870412,0.014546402162315442,7.737333214803684,5f35d72593a88f0023c8d671,-74.134536,152.269072,sparse_lqr
