,attention_cost,exp_param,step_size,vm_param,pp_id,ll,AIC,agent_type
0,5.450219296493316,0.001,0.0,3.8229800977159667,5f35e70693a88f0023c90462,-191.36965213066745,390.7393042613349,sparse_max_discrete
