exp_param,vm_param,pp_id,ll,AIC,agent_type
0.0799817378192873,1.5134522606659315,5f35dcae93a88f0023c8e7a3,-92.76632991909594,189.53265983819188,null_model_2
