,exp_param,vm_param,pp_id,ll,AIC,agent_type
0,0.06310790673460742,8.267308359036843,5f35d72f93a88f0023c8d675,-53.537175,111.07435,null_model_2
