,attention_cost,exp_param,step_size,vm_param,pp_id,ll,AIC,agent_type
0,0.0,0.10485668297216084,0.3730359448237873,1.6498620468257141,5f35dcae93a88f0023c8e7a3,-87.081866,180.163732,hill_climbing
