,exp_param,vm_param,pp_id,ll,AIC,agent_type
0,0.009650817390476019,1.5099073702538435,5f360f4693a88f0023c908ef,-113.981347,231.962694,null_model_2
