,attention_cost,exp_param,step_size,vm_param,pp_id,ll,AIC,agent_type
0,25.226760349115846,0.12697567748713226,0.820927073797818,1.3517748258430784,5f35da6493a88f0023c8dc69,-86.1674,180.3348,sparse_max_discrete
