,attention_cost,exp_param,step_size,vm_param,pp_id,ll,AIC,agent_type
0,0.0,0.04344762060902526,0.1215471557258366,2.096522938798281,5f35dab593a88f0023c8dda2,-90.7402,187.4804,hill_climbing
