,attention_cost,exp_param,step_size,vm_param,pp_id,ll,AIC,agent_type
0,0.0,0.10247989447022002,0.3387103836468527,9.713204692732111,5f35d73b93a88f0023c8d678,-46.45079501044883,98.90159002089766,hill_climbing
