,attention_cost,exp_param,step_size,vm_param,pp_id,ll,AIC,agent_type
0,0.0,0.07093740823039092,0.06035160806946277,9.723710201739083,5f35d72593a88f0023c8d671,-48.642157,103.284314,hill_climbing
