attention_cost,exp_param,vm_param,pp_id,ll,AIC,agent_type
125.79025432000446,0.0896759628750712,9.945613317455557,5f35d73b93a88f0023c8d678,-54.62982815152231,113.25965630304462,sparse_lqr
