,b,exp_param,n,vm_param,pp_id,ll,AIC,agent_type
0,10.26899011802646,0.0010000000000000007,1.8757884952669246,2.9383821589778636,5f35e70693a88f0023c90462,-282.6730367519641,573.3460735039282,null_model_1
