,attention_cost,exp_param,step_size,vm_param,pp_id,ll,AIC,agent_type
0,6.516216680232951,0.0022713398203455413,0.40880015460288177,6.526805602608076,5f35d72493a88f0023c8d66f,-86.583411,181.166822,sparse_max_continuous
