,attention_cost,exp_param,step_size,vm_param,pp_id,ll,AIC,agent_type
0,15.486773557931393,0.008165738948807372,0.7084304784617816,3.2313509206904776,5f35e93693a88f0023c905d9,-101.64691,211.29382,sparse_max_discrete
