,b,exp_param,n,vm_param,pp_id,ll,AIC,agent_type
0,0.0,0.03,1.0,2.0,5f35d6b193a88f0023c8d648,-91.81753060000001,191.63506120000002,null_model_1
