attention_cost,exp_param,step_size,vm_param,pp_id,ll,AIC,agent_type
0.0,0.0289183467734561,0.0347402523206123,2.8466106090319654,5f35d61893a88f0023c8d60c,-87.96529857810144,181.93059715620288,hill_climbing
