attention_cost,exp_param,step_size,vm_param,pp_id,ll,AIC,agent_type
0.0,0.1072697035502947,0.0048028329971371,9.966646524844684,5f35d6ae93a88f0023c8d644,-24.018432663124912,54.036865326249824,hill_climbing
