,exp_param,vm_param,pp_id,ll,AIC,agent_type
0,0.0015997116751966154,0.761155773946075,5f35e93693a88f0023c905d9,-142.581145,289.16229,lqr
