,b,exp_param,n,vm_param,pp_id,ll,AIC,agent_type
0,26.2189160809262,0.001,1.0,1.4482584940806322,5f35dae093a88f0023c8de20,-134.5102377,277.0204754,null_model_1
