,attention_cost,exp_param,step_size,vm_param,pp_id,ll,AIC,agent_type
0,2.479347820414104,0.026140405037243002,0.36691087812125933,2.5627087821642345,5f3626b693a88f0023c91063,-89.134093,186.268186,sparse_max_discrete
