,attention_cost,exp_param,vm_param,pp_id,ll,AIC,agent_type
0,285.5327079101555,0.05186147113337032,2.3507186409101455,5f35d5ee93a88f0023c8d5fe,-87.38893,180.77786,sparse_lqr
