b,exp_param,n,vm_param,pp_id,ll,AIC,agent_type
1.147773461664695,0.0454865566859768,3.704391680432909,5.790726766169959,5f35db9193a88f0023c8e13f,-72.86676617514736,153.73353235029472,null_model_1
