,attention_cost,exp_param,vm_param,pp_id,ll,AIC,agent_type
0,69.14141299498387,0.06790204781583487,2.1740406893131423,5f35d5ee93a88f0023c8d5fe,-86.801872,179.603744,sparse_lqr
