,b,exp_param,n,vm_param,pp_id,ll,AIC,agent_type
0,4.419512946706218,0.042835692729696284,1.1975855385332572,1.5045502836766345,5f36107b93a88f0023c9090e,-100.66006324030835,209.3201264806167,null_model_1
