,attention_cost,exp_param,step_size,vm_param,pp_id,ll,AIC,agent_type
0,3.3340472968112866,0.02844380608221653,0.07952804032582816,4.04411383169559,5f35e76793a88f0023c90491,-78.235953,164.471906,sparse_max_continuous
