attention_cost,exp_param,step_size,vm_param,pp_id,ll,AIC,agent_type
18.0928491706803,0.0174867372675958,0.2258849928078593,6.3744589325294845,5f35d65393a88f0023c8d623,-63.74058736386528,135.48117472773055,sparse_max_discrete
