,attention_cost,exp_param,step_size,vm_param,pp_id,ll,AIC,agent_type
0,0.0,0.10711498639283165,0.09952616020002658,2.1396904459161927,5f360eea93a88f0023c908e9,-83.05287393748699,172.10574787497399,hill_climbing
