,attention_cost,exp_param,step_size,vm_param,pp_id,ll,AIC,agent_type
0,28.453434082119788,0.00645249056673414,0.7443731032444895,1.8177426870563174,5f360f4693a88f0023c908ef,-105.76819629210848,219.53639258421697,sparse_max_continuous
