exp_param,vm_param,pp_id,ll,AIC,agent_type
0.012204277574119,1.5186710326380493,5f35e09e93a88f0023c8f979,-111.53879052136148,227.07758104272293,lqr
