,attention_cost,exp_param,vm_param,pp_id,ll,AIC,agent_type
0,26.77124861291826,0.11838280219346756,3.679884278978734,5f35d79293a88f0023c8d6a1,-70.84620614306507,145.69241228613015,sparse_lqr
