,attention_cost,exp_param,step_size,vm_param,pp_id,ll,AIC,agent_type
0,8.243694329932996,0.034318839498832535,0.016123316152215184,9.819608853519284,5f35d6bc93a88f0023c8d64b,-36.858422,81.716844,sparse_max_continuous
