,exp_param,step_size,vm_param,pp_id,ll,AIC,agent_type
0,0.12092001564835766,0.23538359680609539,9.995736412363499,5f35d72f93a88f0023c8d675,-31.985659,69.971318,hill_climbing
