,exp_param,vm_param,pp_id,ll,AIC,agent_type
0,0.0340596297654958,2.4506482630597857,5f35d93793a88f0023c8d930,-88.998379,181.996758,null_model_2
