,attention_cost,exp_param,step_size,vm_param,pp_id,ll,AIC,agent_type
0,0.0,0.0974100266076607,0.5119213498562686,1.1082645183831241,5f35e37d93a88f0023c8ffdc,-99.46008058991416,204.9201611798283,hill_climbing
