,attention_cost,exp_param,vm_param,pp_id,ll,AIC,agent_type
0,210.03150078560654,0.0348420608837451,1.1000060258352662,5f35d67e93a88f0023c8d634,-105.934776,217.869552,sparse_lqr
