,exp_param,vm_param,pp_id,ll,AIC,agent_type
0,0.05068485793497151,2.675074162272948,5f35e09e93a88f0023c8f979,-82.58918080361278,169.17836160722555,null_model_2
