,exp_param,step_size,vm_param,pp_id,ll,AIC,agent_type
0,0.02832208026629872,0.11779290931048747,3.901764386860071,5f36121793a88f0023c9095f,-73.722105,153.44421,hill_climbing
