,attention_cost,exp_param,vm_param,pp_id,ll,AIC,agent_type
0,289.5150520566229,0.006721221679282545,1.5007971221665994,5f35d7a693a88f0023c8d6b2,-110.606102,227.212204,sparse_lqr
