,exp_param,step_size,vm_param,pp_id,ll,AIC,agent_type
0,0.042185782597180595,0.4107426730958167,2.9047550008720324,5f35d84893a88f0023c8d7af,-76.705318,159.410636,hill_climbing
