,exp_param,vm_param,pp_id,ll,AIC,agent_type
0,0.02706530774024702,2.5715748701023244,5f35d79293a88f0023c8d6a1,-89.885473,183.770946,lqr
