,attention_cost,exp_param,step_size,vm_param,pp_id,ll,AIC,agent_type
0,0.0,0.024535762090607423,0.49432029935706995,8.89061583997847,5f35d7fa93a88f0023c8d725,-42.444627,90.889254,hill_climbing
