attention_cost,exp_param,step_size,vm_param,pp_id,ll,AIC,agent_type
11.070452685906552,0.0422993702615187,0.0114632136831775,5.271258151721119,5f35d7d393a88f0023c8d6f4,-69.48200855228141,146.96401710456283,sparse_max_continuous
