,attention_cost,exp_param,vm_param,pp_id,ll,AIC,agent_type
0,51.63770406402634,0.06665003096421691,3.767006654698161,5f35e09e93a88f0023c8f979,-69.211301,144.422602,sparse_lqr
