,exp_param,vm_param,pp_id,ll,AIC,agent_type
0,0.021225907688794534,9.952404798513358,5f35d7fa93a88f0023c8d725,-60.760306523578585,125.52061304715717,null_model_2
