attention_cost,exp_param,step_size,vm_param,pp_id,ll,AIC,agent_type
16.26967518288094,0.0076298346487314,0.0505887169406852,3.568209438139605,5f35d72b93a88f0023c8d674,-87.85049755468751,183.700995109375,sparse_max_continuous
