,b,exp_param,n,vm_param,pp_id,ll,AIC,agent_type
0,1.2616440883061797,0.011153242054744241,2.6639799984510923,7.122681822940487,5f35dafe93a88f0023c8de97,-59.32657379999999,126.65314759999998,null_model_1
