,attention_cost,exp_param,vm_param,pp_id,ll,AIC,agent_type
0,77.77060097021466,0.026902231761367985,5.777219587717538,5f35d7d393a88f0023c8d6f4,-68.391326,140.782652,sparse_lqr
