b,exp_param,n,vm_param,pp_id,ll,AIC,agent_type
5.430076069045132,0.1298470081581338,1.4210501066511476,1.7272746332288005,5f35e00093a88f0023c8f758,-89.7342290075641,187.4684580151282,null_model_1
