,attention_cost,exp_param,vm_param,pp_id,ll,AIC,agent_type
0,261.3782088303871,0.001,1.8573515461175407,5f35d72493a88f0023c8d66f,-128.463688,262.927376,sparse_lqr
