,attention_cost,exp_param,step_size,vm_param,pp_id,ll,AIC,agent_type
0,8.325879445345777,0.024837284320653165,0.04228032169365942,4.484029924102182,5f35d77893a88f0023c8d691,-72.440653,152.881306,sparse_max_discrete
