b,exp_param,n,vm_param,pp_id,ll,AIC,agent_type
1.2810738866704638,0.0278518349391742,1.3255658474480505,5.052670551266612,5f35d72f93a88f0023c8d675,-53.425079603276615,114.85015920655324,null_model_1
