exp_param,vm_param,pp_id,ll,AIC,agent_type
0.002516106995403,1.9661805580807836,5f35d7f093a88f0023c8d716,-120.76282729970646,245.5256545994129,lqr
