,attention_cost,exp_param,step_size,vm_param,pp_id,ll,AIC,agent_type
0,14.359099432877949,0.0741488476259068,0.7567658433126669,5.188010013078722,5f35e11793a88f0023c8fa8c,-59.335108,126.670216,sparse_max_discrete
