,attention_cost,exp_param,vm_param,pp_id,ll,AIC,agent_type
0,273.5941889064649,0.021144436661020973,6.434120385764903,5f35d94f93a88f0023c8d95c,-70.759847,147.519694,sparse_lqr
