,exp_param,vm_param,pp_id,ll,AIC,agent_type
0,0.022127533427264777,3.8789089190621997,5f35d7d393a88f0023c8d6f4,-81.504596,167.009192,lqr
