,attention_cost,exp_param,vm_param,pp_id,ll,AIC,agent_type
0,67.77504100242298,0.05213216633430886,7.619799396213775,5f35d82093a88f0023c8d751,-43.432121,92.864242,sparse_lqr
