,attention_cost,exp_param,vm_param,pp_id,ll,AIC,agent_type
0,256.8464806639678,0.05944158614600944,4.370817740330468,5f361ea793a88f0023c90f71,-66.357649,138.715298,sparse_lqr
