,attention_cost,exp_param,step_size,vm_param,pp_id,ll,AIC,agent_type
0,0.0,0.010285421900577747,0.0011495767572446969,8.09446602754951,5f35d76593a88f0023c8d688,-63.180261,132.360522,hill_climbing
