,attention_cost,exp_param,step_size,vm_param,pp_id,ll,AIC,agent_type
0,0.8030994503390487,0.03213849106762512,0.054996733270580966,5.696056863538768,5f35d78493a88f0023c8d69f,-57.66994,123.33988,sparse_max_continuous
