,attention_cost,exp_param,step_size,vm_param,pp_id,ll,AIC,agent_type
0,19.700485288321474,0.0041706687837318665,0.039725323289629355,1.1717860775710431,5f35d7a693a88f0023c8d6b2,-119.523184,247.046368,sparse_max_continuous
