,attention_cost,exp_param,step_size,vm_param,pp_id,ll,AIC,agent_type
0,0.0,0.04997876390321022,0.17790083905736281,3.8677660883512885,5f360f1993a88f0023c908ea,-70.62022351730181,147.24044703460362,hill_climbing
