,attention_cost,exp_param,step_size,vm_param,pp_id,ll,AIC,agent_type
0,21.238720047183552,0.04623288382024212,0.11627663890212436,5.248164571585985,5f35d63393a88f0023c8d617,-72.868259,153.736518,sparse_max_continuous
