attention_cost,exp_param,step_size,vm_param,pp_id,ll,AIC,agent_type
0.0,0.014286304452329,0.1793506953286014,1.699070722726026,5f35d6aa93a88f0023c8d642,-108.46753900957049,222.93507801914097,hill_climbing
