,exp_param,vm_param,pp_id,ll,AIC,agent_type
0,0.003455645856086596,3.1458575586963056,5f35d72593a88f0023c8d671,-105.667241,215.334482,lqr
