,attention_cost,exp_param,vm_param,pp_id,ll,AIC,agent_type
0,210.27356217288008,0.019814847023973046,4.795574053921811,5f35d64293a88f0023c8d61c,-78.528162,163.056324,sparse_lqr
