attention_cost,exp_param,vm_param,pp_id,ll,AIC,agent_type
131.38208630587016,0.0630305496960354,2.520869986005241,5f35d70093a88f0023c8d662,-83.63158048129795,171.2631609625959,sparse_lqr
