,exp_param,vm_param,pp_id,ll,AIC,agent_type
0,0.019132809769904238,7.659735457037342,5f35d65393a88f0023c8d623,-67.49786132389843,138.99572264779687,null_model_2
