,attention_cost,exp_param,step_size,vm_param,pp_id,ll,AIC,agent_type
0,11.625302724271922,0.012653379021526509,0.12623355792567187,2.3678643656955787,5f35d65d93a88f0023c8d629,-95.7412,199.4824,sparse_max_continuous
