,exp_param,vm_param,pp_id,ll,AIC,agent_type
0,0.028585914534520637,3.414187868656339,5f35d7da93a88f0023c8d703,-82.948338,169.896676,null_model_2
