,exp_param,vm_param,pp_id,ll,AIC,agent_type
0,0.012544066745049945,5.293768818818401,5f35d7f093a88f0023c8d716,-79.599791,163.199582,null_model_2
