,exp_param,vm_param,pp_id,ll,AIC,agent_type
0,0.00292622060796171,0.8634021496144206,5f35d9ad93a88f0023c8da5b,-135.666834,275.333668,lqr
