,attention_cost,exp_param,step_size,vm_param,pp_id,ll,AIC,agent_type
0,19.04318915957597,0.02227613429929347,0.05202345235275607,7.235285355442345,5f35d93793a88f0023c8d930,-60.99817246054227,129.99634492108453,sparse_max_discrete
