,attention_cost,exp_param,step_size,vm_param,pp_id,ll,AIC,agent_type
0,0.0,0.06156587620327915,0.17545906843049935,8.896413872631197,5f35d7d693a88f0023c8d6f7,-52.048825,110.09765,hill_climbing
