,attention_cost,exp_param,vm_param,pp_id,ll,AIC,agent_type
0,249.6741045678333,0.01712605629154381,2.095000061551484,5f35dc9193a88f0023c8e6bd,-100.484298,206.968596,sparse_lqr
