,attention_cost,exp_param,step_size,vm_param,pp_id,ll,AIC,agent_type
0,0.0,0.007156263939937293,0.6231778925768021,2.6829144262919025,5f360f4693a88f0023c908ef,-104.78028255687458,215.56056511374916,hill_climbing
