attention_cost,exp_param,step_size,vm_param,pp_id,ll,AIC,agent_type
0.0,0.4215698759422931,0.0,6.000909245076307,5f360ff993a88f0023c90904,-50.34536469843456,108.69072939686912,sparse_max_continuous
