,attention_cost,exp_param,step_size,vm_param,pp_id,ll,AIC,agent_type
0,3.817343403983092,0.001,0.0,3.823113470077522,5f35e70693a88f0023c90462,-191.369652,390.739304,sparse_max_continuous
