,attention_cost,exp_param,step_size,vm_param,pp_id,ll,AIC,agent_type
0,22.17178512500937,0.06787241668961305,0.014138650331092573,2.6512881017800516,5f35d5d093a88f0023c8d5f7,-80.346882,168.693764,sparse_max_discrete
