,attention_cost,exp_param,vm_param,pp_id,ll,AIC,agent_type
0,75.76657286242195,0.04388369198885692,2.820569755625606,5f35d93793a88f0023c8d930,-87.390464,180.780928,sparse_lqr
