,attention_cost,exp_param,step_size,vm_param,pp_id,ll,AIC,agent_type
0,29.009381210257825,0.0036044462214311892,0.33657225551125,1.5881800629060416,5f35dba493a88f0023c8e193,-123.681189,255.362378,sparse_max_continuous
