,exp_param,vm_param,pp_id,ll,AIC,agent_type
0,0.002852288106301855,1.3727159320505145,5f360f1993a88f0023c908ea,-129.360318,262.720636,lqr
