,b,exp_param,n,vm_param,pp_id,ll,AIC,agent_type
0,43.18483436851718,0.005428860496603971,2.397864060879556,1.9672338325690786,5f35d62993a88f0023c8d613,-121.47565218578154,250.95130437156308,null_model_1
