,attention_cost,exp_param,vm_param,pp_id,ll,AIC,agent_type
0,1.8163954484983613,0.001,1.3442967042411793,5f35da4f93a88f0023c8dc28,-134.340145,274.68029,sparse_lqr
