,attention_cost,exp_param,vm_param,pp_id,ll,AIC,agent_type
0,48.30088115614826,0.08304352002672527,4.663455399652742,5f35e11793a88f0023c8fa8c,-64.461705,134.92341,sparse_lqr
