,attention_cost,exp_param,step_size,vm_param,pp_id,ll,AIC,agent_type
0,11.904969626577778,0.039229961938154825,0.061073151720965946,7.560158680245741,5f35d90c93a88f0023c8d8d0,-63.63757283936336,135.27514567872672,sparse_max_continuous
