attention_cost,exp_param,step_size,vm_param,pp_id,ll,AIC,agent_type
11.50612814854252,0.0300754828530795,0.0541837069917309,1.058274726934887,5f35d67e93a88f0023c8d634,-99.12112993392896,206.2422598678579,sparse_max_continuous
