b,exp_param,n,vm_param,pp_id,ll,AIC,agent_type
3.739805361183234,0.0045892168553327,4.948946814237349,2.028482196455789,5f360f4693a88f0023c908ef,-116.03054350503557,240.0610870100711,null_model_1
