,exp_param,vm_param,pp_id,ll,AIC,agent_type
0,0.051705526563731716,9.949812361309073,5f35d90b93a88f0023c8d8cf,-48.509216,101.018432,null_model_2
