,attention_cost,exp_param,step_size,vm_param,pp_id,ll,AIC,agent_type
0,0.0,0.09521829765487767,0.2602943498258288,9.95788420557307,5f35d76793a88f0023c8d689,-42.109516607098165,90.21903321419633,hill_climbing
