,attention_cost,exp_param,step_size,vm_param,pp_id,ll,AIC,agent_type
0,0.0,0.02858529834891567,0.16330599271575913,4.948599374014143,5f35d64293a88f0023c8d61c,-73.59762088729534,153.19524177459067,hill_climbing
