,attention_cost,exp_param,step_size,vm_param,pp_id,ll,AIC,agent_type
0,0.0,0.0035198191386529502,0.1978915549626078,8.639448072791046,5f35d72493a88f0023c8d66f,-80.51072,167.02144,hill_climbing
