,exp_param,vm_param,pp_id,ll,AIC,agent_type
0,0.03390608181540066,7.1414951083562626,5f35d91293a88f0023c8d8e2,-62.561113,129.122226,null_model_2
