,exp_param,step_size,vm_param,pp_id,ll,AIC,agent_type
0,0.005608493408218168,0.7773310891345282,1.4898585440272116,5f35d7a693a88f0023c8d6b2,-116.95121,239.90242,hill_climbing
