,exp_param,vm_param,pp_id,ll,AIC,agent_type
0,0.02660096811097539,2.9116605797418718,5f35db0b93a88f0023c8ded5,-87.6312,179.2624,null_model_2
