,attention_cost,exp_param,step_size,vm_param,pp_id,ll,AIC,agent_type
0,0.0,0.013126541820087385,0.2988413840194357,1.6969316969969417,5f35d65d93a88f0023c8d629,-110.244818,226.489636,hill_climbing
