,exp_param,step_size,vm_param,pp_id,ll,AIC,agent_type
0,0.026105519644549782,0.07645377535890258,1.7882780802243203,5f35d8b893a88f0023c8d833,-98.394792,202.789584,hill_climbing
