,attention_cost,exp_param,vm_param,pp_id,ll,AIC,agent_type
0,253.64934956746697,0.04228091542225536,2.0241259540653145,5f35d6b193a88f0023c8d648,-89.886414,185.772828,sparse_lqr
