,attention_cost,exp_param,step_size,vm_param,pp_id,ll,AIC,agent_type
0,0.0,0.06751015385135237,0.2521160916688575,4.553910828673219,5f35df8293a88f0023c8f57b,-64.18188,134.36376,hill_climbing
