attention_cost,exp_param,step_size,vm_param,pp_id,ll,AIC,agent_type
0.0,0.1020872492318943,0.0,1.5119787104904083,5f35d80893a88f0023c8d735,-88.22136841164382,182.44273682328765,hill_climbing
