,attention_cost,exp_param,vm_param,pp_id,ll,AIC,agent_type
0,160.02122696850765,0.02366715944580211,5.038339483538119,5f35df1293a88f0023c8f3db,-77.5621213827919,159.1242427655838,sparse_lqr
