,b,exp_param,n,vm_param,pp_id,ll,AIC,agent_type
0,9.97950012142756,0.023639958086976307,2.340595191795541,1.7541261630681726,5f35dc9193a88f0023c8e6bd,-102.66996409999999,213.33992819999997,null_model_1
