,attention_cost,exp_param,step_size,vm_param,pp_id,ll,AIC,agent_type
0,7.858116754778396,0.012004588194865842,0.18108322533865856,1.3149444134417654,5f35d65d93a88f0023c8d629,-100.06047702364697,208.12095404729394,sparse_max_continuous
