,exp_param,vm_param,pp_id,ll,AIC,agent_type
0,0.003339429475336053,1.3721790794604416,5f360f4693a88f0023c908ef,-127.027597,258.05519400000003,lqr
