,exp_param,vm_param,pp_id,ll,AIC,agent_type
0,0.0042821128777116284,1.7750750314052044,5f35d72b93a88f0023c8d674,-118.626143,241.252286,lqr
