,exp_param,step_size,vm_param,pp_id,ll,AIC,agent_type
0,0.026309091491431565,0.1657951097583073,7.850818504195684,5f35db0b93a88f0023c8ded5,-63.610365,133.22073,hill_climbing
