,attention_cost,exp_param,step_size,vm_param,pp_id,ll,AIC,agent_type
0,2.025657104179699,0.059994192168604556,0.00711527613644819,2.849653644649379,5f361ea793a88f0023c90f71,-87.14719189668989,182.29438379337978,sparse_max_continuous
