attention_cost,exp_param,step_size,vm_param,pp_id,ll,AIC,agent_type
4.5816977712559765,0.0455820671651231,0.7750235659167622,3.74934615609121,5f35d73993a88f0023c8d677,-69.10050388652729,146.20100777305458,sparse_max_discrete
