,attention_cost,exp_param,step_size,vm_param,pp_id,ll,AIC,agent_type
0,0.0,0.0093551092437626,0.6795062366309444,2.4250687320647435,5f360f4693a88f0023c908ef,-104.462474,214.924948,hill_climbing
