attention_cost,exp_param,step_size,vm_param,pp_id,ll,AIC,agent_type
12.829952990908923,0.1003411223526736,0.1725525180753693,3.734071317371953,5f360eea93a88f0023c908e9,-80.59000797979718,169.18001595959436,sparse_max_continuous
