,attention_cost,exp_param,step_size,vm_param,pp_id,ll,AIC,agent_type
0,0.0,0.08876326191576255,0.8691999304723064,2.937960718935578,5f35d74693a88f0023c8d67e,-77.7955909307688,161.5911818615376,hill_climbing
