,attention_cost,exp_param,step_size,vm_param,pp_id,ll,AIC,agent_type
0,5.141613508406247,0.0040365650067544,0.6365216635759359,3.028471693465389,5f35dba493a88f0023c8e193,-114.893745,237.78749,sparse_max_continuous
