attention_cost,exp_param,step_size,vm_param,pp_id,ll,AIC,agent_type
0.0,0.0531919853904583,0.0516821839486547,9.901534508591856,5f35d6bc93a88f0023c8d64b,-36.59229204288811,79.18458408577622,hill_climbing
