,b,exp_param,n,vm_param,pp_id,ll,AIC,agent_type
0,25.779496100076944,0.00733082457434382,1.0564577715031036,2.04927546774496,5f360f4693a88f0023c908ef,-115.54791394292602,239.09582788585203,null_model_1
