,exp_param,vm_param,pp_id,ll,AIC,agent_type
0,0.0013807107576318373,1.5517277476267122,5f35d77893a88f0023c8d691,-133.093789,270.187578,lqr
