,exp_param,vm_param,pp_id,ll,AIC,agent_type
0,0.014136828011104583,2.2653814314218135,5f35d86c93a88f0023c8d7e9,-99.836175,203.67235,null_model_2
