,attention_cost,exp_param,step_size,vm_param,pp_id,ll,AIC,agent_type
0,5.07504914166213,0.016850723632460315,1.0945417075226636,1.5624374800052476,5f35d65d93a88f0023c8d629,-108.990432,225.980864,sparse_max_discrete
