,exp_param,vm_param,pp_id,ll,AIC,agent_type
0,0.01462465192182618,2.6551132360300067,5f35d68993a88f0023c8d637,-94.365147,192.730294,null_model_2
