,attention_cost,exp_param,step_size,vm_param,pp_id,ll,AIC,agent_type
0,25.23968946437487,0.07699518258345267,0.004433797450362376,5.620252809929372,5f35d97e93a88f0023c8d9d4,-61.1506940530521,130.30138810610418,sparse_max_discrete
