,attention_cost,exp_param,step_size,vm_param,pp_id,ll,AIC,agent_type
0,6.41447361898508,0.03183650831594858,0.034522020642971274,3.8993608274611216,5f35d79b93a88f0023c8d6aa,-84.843611,177.687222,sparse_max_continuous
