,attention_cost,exp_param,step_size,vm_param,pp_id,ll,AIC,agent_type
0,17.62270149586958,0.040350682583838365,0.0756521241974526,8.176703785066161,5f35d6bc93a88f0023c8d64b,-58.594803,125.189606,sparse_max_discrete
