,attention_cost,exp_param,vm_param,pp_id,ll,AIC,agent_type
0,285.6114506195887,0.06763293708640228,9.978945216738094,5f35d72f93a88f0023c8d675,-36.273378,78.546756,sparse_lqr
