,exp_param,vm_param,pp_id,ll,AIC,agent_type
0,0.0030602912845454503,4.250233476169617,5f360ff993a88f0023c90904,-100.53744469451422,205.07488938902844,lqr
