attention_cost,exp_param,vm_param,pp_id,ll,AIC,agent_type
108.63992281093807,0.0236135874328948,7.901110247944333,5f35d65393a88f0023c8d623,-61.07474431730955,126.1494886346191,sparse_lqr
