,exp_param,step_size,vm_param,pp_id,ll,AIC,agent_type
0,0.03342247842824944,0.3799910086469743,9.74235895675934,5f35d7d393a88f0023c8d6f4,-44.547673,95.095346,hill_climbing
