,attention_cost,exp_param,step_size,vm_param,pp_id,ll,AIC,agent_type
0,0.0,0.08946708976904957,0.3421825441131195,3.558374373200912,5f35e09e93a88f0023c8f979,-68.439504,142.879008,hill_climbing
