b,exp_param,n,vm_param,pp_id,ll,AIC,agent_type
1.974126558149984,0.0271847758908415,1.1132259520831784,2.462110676030459,5f35da2c93a88f0023c8db97,-81.06897942847445,170.1379588569489,null_model_1
