attention_cost,exp_param,step_size,vm_param,pp_id,ll,AIC,agent_type
8.769898261361837,0.0703869552713869,0.0400275479308055,3.8229820610559937,5f362dee93a88f0023c91131,-79.40066078555856,166.80132157111711,sparse_max_continuous
