attention_cost,exp_param,vm_param,pp_id,ll,AIC,agent_type
63.229350740611615,0.0424336044969223,3.218287999702445,5f35e0a193a88f0023c8f986,-79.6667148239772,163.3334296479544,sparse_lqr
