,attention_cost,exp_param,vm_param,pp_id,ll,AIC,agent_type
0,65.41185703242645,0.06872330944964834,8.310517933390377,5f35d77893a88f0023c8d691,-50.0003,104.0006,sparse_lqr
