,exp_param,vm_param,pp_id,ll,AIC,agent_type
0,0.0024021948416821557,1.3171033833207646,5f362fb593a88f0023c91191,-130.809875,265.61975,lqr
