,b,exp_param,n,vm_param,pp_id,ll,AIC,agent_type
0,0.2868100884392488,0.027851834939174296,1.3255658474480505,5.052670551266612,5f361ea793a88f0023c90f71,-69.86065620000001,147.72131240000002,null_model_1
