attention_cost,exp_param,vm_param,pp_id,ll,AIC,agent_type
31.15429014955834,0.0141763957263754,3.106657424051835,5f36121793a88f0023c9095f,-76.87431226483264,157.74862452966528,sparse_lqr
