,attention_cost,exp_param,step_size,vm_param,pp_id,ll,AIC,agent_type
0,23.158164777814,0.037676695145056,0.021403286660221288,2.0281713652280264,5f35e00093a88f0023c8f758,-86.63515769429779,181.27031538859558,sparse_max_continuous
