,exp_param,vm_param,pp_id,ll,AIC,agent_type
0,0.02073583447382128,9.8275415041105,5f35d7fa93a88f0023c8d725,-60.759172,125.518344,null_model_2
