,exp_param,vm_param,pp_id,ll,AIC,agent_type
0,0.002223712106278395,1.0705623795311014,5f35d71a93a88f0023c8d66c,-134.6712150391823,273.3424300783646,lqr
