,attention_cost,exp_param,step_size,vm_param,pp_id,ll,AIC,agent_type
0,0.0,0.00958736541354932,0.005480794305015857,1.2241852673021025,5f35e94193a88f0023c905da,-114.581996,235.163992,hill_climbing
