,attention_cost,exp_param,step_size,vm_param,pp_id,ll,AIC,agent_type
0,0.0,0.001000000000001505,0.0,3.7490725522602952,5f35e70693a88f0023c90462,-191.3744,388.7488,hill_climbing
