attention_cost,exp_param,step_size,vm_param,pp_id,ll,AIC,agent_type
2.023731589400953,0.0678973992768081,0.036733042436054,3.0270853590018945,5f35d5d093a88f0023c8d5f7,-79.25846540746309,166.51693081492618,sparse_max_continuous
