,exp_param,vm_param,pp_id,ll,AIC,agent_type
0,0.0018270149625286554,1.7949774184265532,5f35d64293a88f0023c8d61c,-125.931702,255.863404,lqr
