,exp_param,vm_param,pp_id,ll,AIC,agent_type
0,0.010417123103210295,1.6333068488933655,5f35df1293a88f0023c8f3db,-111.440319,226.880638,lqr
