,attention_cost,exp_param,step_size,vm_param,pp_id,ll,AIC,agent_type
0,9.861334149599257,0.010588583103631158,0.1266575178664554,2.9736214211797183,5f35d86c93a88f0023c8d7e9,-101.152332,210.304664,sparse_max_discrete
