,b,exp_param,n,vm_param,pp_id,ll,AIC,agent_type
0,8.682778337658128,0.01955762597523211,1.2800885748768893,4.8634511093703185,5f35d83093a88f0023c8d771,-83.05477611424604,174.10955222849208,null_model_1
