,exp_param,step_size,vm_param,pp_id,ll,AIC,agent_type
0,0.04145989739190958,0.9480379007622801,4.348352541857854,5f35d83993a88f0023c8d78b,-79.950512,165.901024,hill_climbing
