,exp_param,vm_param,pp_id,ll,AIC,agent_type
0,0.0039451592892617475,1.543850966520064,5f35d6f793a88f0023c8d65f,-123.438476,250.876952,lqr
