,b,exp_param,n,vm_param,pp_id,ll,AIC,agent_type
0,6.895046342913746,0.013116715708709644,2.966710541490481,4.0382457316096945,5f35dc9193a88f0023c8e6bd,-79.81290606831224,167.6258121366245,null_model_1
