,attention_cost,exp_param,step_size,vm_param,pp_id,ll,AIC,agent_type
0,0.0,0.02272468971991889,0.3596804083802875,1.2205154524881567,5f35d67e93a88f0023c8d634,-104.43719652457402,214.87439304914804,hill_climbing
