,exp_param,vm_param,pp_id,ll,AIC,agent_type
0,0.056326970587022004,5.06219496724071,5f35d64493a88f0023c8d61e,-65.474,134.948,null_model_2
