,attention_cost,exp_param,step_size,vm_param,pp_id,ll,AIC,agent_type
0,8.629793672300263,0.054118342313242904,0.04340258287347998,2.0974946948974136,5f3612ca93a88f0023c909a0,-82.66365060415478,173.32730120830956,sparse_max_continuous
