,exp_param,vm_param,pp_id,ll,AIC,agent_type
0,0.009735376803802369,2.362724835096477,5f35d65d93a88f0023c8d629,-102.178619,208.357238,null_model_2
