,exp_param,vm_param,pp_id,ll,AIC,agent_type
0,0.052364631214282704,0.6404669428955689,5f35d80893a88f0023c8d735,-109.191728,222.383456,lqr
