,attention_cost,exp_param,step_size,vm_param,pp_id,ll,AIC,agent_type
0,0.0,0.03921139731465387,0.37885580017596326,4.317515469307239,5f35d63393a88f0023c8d617,-75.67504,157.35008,hill_climbing
