,attention_cost,exp_param,step_size,vm_param,pp_id,ll,AIC,agent_type
0,2.9305236217328536,0.0890737368437695,0.09265429729672092,8.415898927670979,5f35da2c93a88f0023c8db97,-29.839014,67.678028,sparse_max_continuous
