,attention_cost,exp_param,step_size,vm_param,pp_id,ll,AIC,agent_type
0,2.7222793098170883,0.003380590979462053,0.5653038075004975,3.162518500273813,5f35dba493a88f0023c8e193,-102.383744,212.767488,sparse_max_continuous
