b,exp_param,n,vm_param,pp_id,ll,AIC,agent_type
28.39563732856529,0.001,1.0,4.181493111655976,5f35d72493a88f0023c8d66f,-105.7471895625301,219.4943791250602,null_model_1
