,attention_cost,exp_param,step_size,vm_param,pp_id,ll,AIC,agent_type
0,15.668328874144468,0.04222557892075222,0.08004680983752716,3.7734201149108593,5f35d74693a88f0023c8d67e,-78.50557852938836,165.01115705877672,sparse_max_continuous
