,exp_param,vm_param,pp_id,ll,AIC,agent_type
0,0.027452256151110396,1.911002133097226,5f35d71a93a88f0023c8d66c,-97.553365,199.10673,null_model_2
