,attention_cost,exp_param,vm_param,pp_id,ll,AIC,agent_type
0,196.60260893756399,0.007534864253640426,2.3733357398843467,5f35e94193a88f0023c905da,-101.777028,209.554056,sparse_lqr
