,attention_cost,exp_param,step_size,vm_param,pp_id,ll,AIC,agent_type
0,0.0,0.05465870079075651,0.04592222689796627,9.987108029178874,5f35d6bc93a88f0023c8d64b,-36.487588660430326,78.97517732086065,hill_climbing
