,exp_param,vm_param,pp_id,ll,AIC,agent_type
0,0.003168647581001519,1.945880028133543,5f35d83093a88f0023c8d771,-119.692596,243.385192,lqr
