,exp_param,vm_param,pp_id,ll,AIC,agent_type
0,0.015237089967053669,2.1180028080209157,5f35d83093a88f0023c8d771,-102.141518,208.283036,null_model_2
