,attention_cost,exp_param,step_size,vm_param,pp_id,ll,AIC,agent_type
0,0.0,0.16172979321415412,0.02104287433908636,3.681270964889648,5f35d5d093a88f0023c8d5f7,-78.6084,163.2168,hill_climbing
