,exp_param,step_size,vm_param,pp_id,ll,AIC,agent_type
0,0.08643169344947926,0.22050994885208453,9.992829863387161,5f35d88193a88f0023c8d7ff,-34.569793,75.139586,hill_climbing
