,attention_cost,exp_param,step_size,vm_param,pp_id,ll,AIC,agent_type
0,24.046001201108414,0.01842665475329356,0.0004080786014682425,6.361582842755203,5f35d83093a88f0023c8d771,-73.25873348823333,154.51746697646666,sparse_max_discrete
