,b,exp_param,n,vm_param,pp_id,ll,AIC,agent_type
0,1.0599517056573529,0.08028003257254097,4.386923816626391,1.0478828367539283,5f35d7f393a88f0023c8d71a,-98.36197,204.72394,null_model_1
