,exp_param,vm_param,pp_id,ll,AIC,agent_type
0,0.07552356060571513,5.255950312881642,5f360eea93a88f0023c908e9,-61.685694,127.371388,null_model_2
