,b,exp_param,n,vm_param,pp_id,ll,AIC,agent_type
0,7.865263703962194,0.014750932130498069,1.5704946259373247,1.0375237916310998,5f35d67e93a88f0023c8d634,-110.7709851,229.5419702,null_model_1
