,exp_param,step_size,vm_param,pp_id,ll,AIC,agent_type
0,0.07094529789112373,0.0,2.634769153468625,5f360ee993a88f0023c908e8,-72.557376,151.114752,hill_climbing
