,attention_cost,exp_param,vm_param,pp_id,ll,AIC,agent_type
0,89.22968119317119,0.01868468885392509,3.7331763849693598,5f35d81193a88f0023c8d742,-88.74208702075158,181.48417404150317,sparse_lqr
