,attention_cost,exp_param,step_size,vm_param,pp_id,ll,AIC,agent_type
0,18.15473783812105,0.10229725529908423,0.7437759675980772,1.8621012956389538,5f35d71c93a88f0023c8d66e,-85.384518,178.769036,sparse_max_discrete
