,exp_param,vm_param,pp_id,ll,AIC,agent_type
0,0.010010645225344079,5.555847330276831,5f35db0c93a88f0023c8deda,-79.598438,163.196876,null_model_2
