,attention_cost,exp_param,step_size,vm_param,pp_id,ll,AIC,agent_type
0,7.86987178764514,0.0306519555172509,0.0040190866866171016,9.911883892805657,5f35d6bc93a88f0023c8d64b,-37.428952,82.857904,sparse_max_continuous
