,attention_cost,exp_param,vm_param,pp_id,ll,AIC,agent_type
0,276.19853388220787,0.025573244370065067,7.610009181633952,5f35db0b93a88f0023c8ded5,-64.532179,135.064358,sparse_lqr
