,attention_cost,exp_param,step_size,vm_param,pp_id,ll,AIC,agent_type
0,12.493974680353194,0.021567713653329875,0.46690182406788244,2.6075314104796044,5f35d68993a88f0023c8d637,-93.00643,194.01286,sparse_max_continuous
