,attention_cost,exp_param,step_size,vm_param,pp_id,ll,AIC,agent_type
0,0.0,0.046837888417037774,0.18938086968017742,2.694802694871969,5f35d7da93a88f0023c8d703,-82.613847,171.227694,hill_climbing
