,attention_cost,exp_param,step_size,vm_param,pp_id,ll,AIC,agent_type
0,16.791509461624273,0.013543424178956737,0.10796141953423016,9.672763300002721,5f35d5ea93a88f0023c8d5fd,-68.376661,144.753322,sparse_max_continuous
