,b,exp_param,n,vm_param,pp_id,ll,AIC,agent_type
0,2.3274060999509523,0.009866900396691861,4.4040726025484425,5.2072641392755115,5f35d88193a88f0023c8d7ff,-73.6846651,155.3693302,null_model_1
