,attention_cost,exp_param,step_size,vm_param,pp_id,ll,AIC,agent_type
0,15.684285719664,0.010177582812165943,0.6449376642075024,2.667198120186356,5f360f4693a88f0023c908ef,-103.477969,214.955938,sparse_max_discrete
