,exp_param,vm_param,pp_id,ll,AIC,agent_type
0,0.008270726823021279,1.338883877607412,5f35d62993a88f0023c8d613,-119.04592,242.09184,null_model_2
