,exp_param,vm_param,pp_id,ll,AIC,agent_type
0,0.018741031056159315,2.0284890542502487,5f35d9ad93a88f0023c8da5b,-100.074268,204.148536,null_model_2
