,attention_cost,exp_param,vm_param,pp_id,ll,AIC,agent_type
0,64.4676152053938,0.025603760045979203,4.738832915268585,5f35d94f93a88f0023c8d95c,-88.6624,181.3248,sparse_lqr
