attention_cost,exp_param,step_size,vm_param,pp_id,ll,AIC,agent_type
0.0,0.0413962109509224,0.2116937518714041,2.443638248745591,5f35d7da93a88f0023c8d703,-81.58562484791146,169.17124969582292,hill_climbing
