,attention_cost,exp_param,vm_param,pp_id,ll,AIC,agent_type
0,218.74659288326274,0.03063877722024951,4.237765236847448,5f35d70093a88f0023c8d662,-74.292503,154.585006,sparse_lqr
