,b,exp_param,n,vm_param,pp_id,ll,AIC,agent_type
0,0.06580482264014753,0.017680676134881234,1.6291056362767167,7.669129523162109,5f362fb593a88f0023c91191,-56.9223265,121.844653,null_model_1
