,exp_param,vm_param,pp_id,ll,AIC,agent_type
0,0.012844576655845204,1.2971271554920394,5f36121793a88f0023c9095f,-101.909905,207.81981,lqr
