,attention_cost,exp_param,step_size,vm_param,pp_id,ll,AIC,agent_type
0,0.0,0.05005005031873495,0.5887039266798894,3.9062250251370187,5f35d78493a88f0023c8d69f,-69.39480328611332,144.78960657222663,hill_climbing
