,exp_param,vm_param,pp_id,ll,AIC,agent_type
0,0.06595829788577032,9.997636444992505,5f35d72f93a88f0023c8d675,-36.234209,76.468418,null_model_2
