,exp_param,step_size,vm_param,pp_id,ll,AIC,agent_type
0,0.06360036628865,0.29457332708182554,5.137132693692798,5f35df8293a88f0023c8f57b,-64.199095,134.39819,hill_climbing
