,attention_cost,exp_param,step_size,vm_param,pp_id,ll,AIC,agent_type
0,5.466490917147198,0.040916241729500126,0.014071349435734737,8.841337159273838,5f35d6f793a88f0023c8d65f,-51.407381,110.814762,sparse_max_continuous
