,attention_cost,exp_param,step_size,vm_param,pp_id,ll,AIC,agent_type
0,29.30733396185974,0.016985057621366265,0.3973126293239492,2.03155020783968,5f35dc9193a88f0023c8e6bd,-99.173899,206.347798,sparse_max_discrete
