,attention_cost,exp_param,vm_param,pp_id,ll,AIC,agent_type
0,106.2400411372387,0.02740716190019522,3.657824746563243,5f35d68993a88f0023c8d637,-88.5895,181.179,sparse_lqr
