,attention_cost,exp_param,step_size,vm_param,pp_id,ll,AIC,agent_type
0,29.4058357290058,0.04318209059314318,0.12451695182208217,2.872396596120317,5f3612ca93a88f0023c909a0,-75.533525,159.06705,sparse_max_continuous
