,b,exp_param,n,vm_param,pp_id,ll,AIC,agent_type
0,2.0507628496380677,0.006338855739637888,1.4800915110378883,1.500343563370965,5f35d94f93a88f0023c8d95c,-110.9843405,229.968681,null_model_1
