,exp_param,step_size,vm_param,pp_id,ll,AIC,agent_type
0,0.00218558982734766,0.8251117157016582,1.851521545816649,5f35dba493a88f0023c8e193,-125.000135,256.00027,hill_climbing
