,attention_cost,exp_param,step_size,vm_param,pp_id,ll,AIC,agent_type
0,9.073659256936985,0.23002019375613594,0.7763715596061933,9.722232613590315,5f35d6f793a88f0023c8d65f,-46.220812,100.441624,sparse_max_discrete
