,exp_param,step_size,vm_param,pp_id,ll,AIC,agent_type
0,0.014836399435974184,0.475713474971915,3.4585316133372688,5f35d68993a88f0023c8d637,-89.898213,185.796426,hill_climbing
