,attention_cost,exp_param,step_size,vm_param,pp_id,ll,AIC,agent_type
0,15.1711200612716,0.00733082457434382,0.02117166431366385,2.04927546774496,5f35d62993a88f0023c8d613,-106.26426,220.52852,sparse_max_discrete
