,attention_cost,exp_param,vm_param,pp_id,ll,AIC,agent_type
0,239.88457852080842,0.03553664865176262,7.702387345549799,5f35d76793a88f0023c8d689,-57.713988,121.427976,sparse_lqr
