,attention_cost,exp_param,step_size,vm_param,pp_id,ll,AIC,agent_type
0,0.0,0.019960219669623153,0.37042846750587693,4.446893775620227,5f35dc9193a88f0023c8e6bd,-79.2046,164.4092,hill_climbing
