,attention_cost,exp_param,step_size,vm_param,pp_id,ll,AIC,agent_type
0,0.0,0.023658009056982815,0.5740918758917155,4.430745293596821,5f35d64293a88f0023c8d61c,-75.651719,157.303438,hill_climbing
