,exp_param,vm_param,pp_id,ll,AIC,agent_type
0,0.03444417914352121,7.689898709776674,5f35d93793a88f0023c8d930,-61.587,127.174,null_model_2
