,exp_param,vm_param,pp_id,ll,AIC,agent_type
0,0.013716016783463405,1.4797183585281553,5f35dc7593a88f0023c8e5d3,-110.535799,225.071598,null_model_2
