b,exp_param,n,vm_param,pp_id,ll,AIC,agent_type
22.999123873250863,0.0013548697091212,4.525756996482422,8.700683880115117,5f35da4f93a88f0023c8dc28,-98.5656506211159,205.1313012422318,null_model_1
