attention_cost,exp_param,step_size,vm_param,pp_id,ll,AIC,agent_type
12.829952990908923,0.1003411223526736,0.1725525180753693,3.734071317371953,5f35df8293a88f0023c8f57b,-55.64359381746536,119.28718763493072,sparse_max_continuous
