,attention_cost,exp_param,step_size,vm_param,pp_id,ll,AIC,agent_type
0,8.538716430208265,0.06197564443855142,1.0552789966576217,6.68456167589482,5f35d64293a88f0023c8d61c,-73.224764,154.449528,sparse_max_discrete
