,attention_cost,exp_param,step_size,vm_param,pp_id,ll,AIC,agent_type
0,8.879100024086386,0.10690545724694625,0.026254836948045868,3.3097295819790338,5f362dee93a88f0023c91131,-81.60844190657727,171.21688381315454,sparse_max_continuous
