,attention_cost,exp_param,vm_param,pp_id,ll,AIC,agent_type
0,75.71548758237296,0.02480898052996514,6.061543243193178,5f35d93793a88f0023c8d930,-60.836929,125.673858,sparse_lqr
