,attention_cost,exp_param,step_size,vm_param,pp_id,ll,AIC,agent_type
0,29.361639734726932,0.05810346382197248,0.7013610138033,4.230940591013094,5f35d93793a88f0023c8d930,-78.730373,165.460746,sparse_max_continuous
