,attention_cost,exp_param,step_size,vm_param,pp_id,ll,AIC,agent_type
0,0.0,0.039360181157688905,0.0,8.853211548861307,5f35d93793a88f0023c8d930,-61.97667293931515,129.9533458786303,hill_climbing
