,attention_cost,exp_param,step_size,vm_param,pp_id,ll,AIC,agent_type
0,0.0,0.10511713706367141,0.3906474444642475,7.259069359489228,5f35d80393a88f0023c8d729,-50.257278,106.514556,hill_climbing
