,exp_param,step_size,vm_param,pp_id,ll,AIC,agent_type
0,0.012980336336948225,0.06213229876802745,5.260286871487757,5f35db0c93a88f0023c8deda,-79.44218,164.88436,hill_climbing
