,exp_param,vm_param,pp_id,ll,AIC,agent_type
0,0.0010460708092495565,2.1718522061814083,5f35d70093a88f0023c8d662,-126.65157443189236,257.3031488637847,lqr
