,attention_cost,exp_param,step_size,vm_param,pp_id,ll,AIC,agent_type
0,17.5317884928887,0.023580802777962213,0.29206027878691926,3.1865713293812234,5f36121793a88f0023c9095f,-75.84564929482333,159.69129858964666,sparse_max_discrete
