b,exp_param,n,vm_param,pp_id,ll,AIC,agent_type
19.47752886657212,0.001,1.0,1.3337824990044127,5f35dae093a88f0023c8de20,-134.27498890971938,276.5499778194388,null_model_1
