,attention_cost,exp_param,step_size,vm_param,pp_id,ll,AIC,agent_type
0,0.0,0.08402295945457759,0.3666809588772992,3.510325914480059,5f35e09e93a88f0023c8f979,-69.969244,145.938488,hill_climbing
