,exp_param,vm_param,pp_id,ll,AIC,agent_type
0,0.010235191958227623,1.9748266539776382,5f35db9193a88f0023c8e13f,-107.0914,218.1828,lqr
