,attention_cost,exp_param,step_size,vm_param,pp_id,ll,AIC,agent_type
0,0.0,0.01136036569569725,0.006358799758424238,4.583864447578333,5f35d81193a88f0023c8d742,-93.7056,193.4112,hill_climbing
