attention_cost,exp_param,step_size,vm_param,pp_id,ll,AIC,agent_type
18.252971264595125,0.0097038061320962,0.2036493919750788,7.395666435859597,5f35db0c93a88f0023c8deda,-91.30959770584388,190.61919541168777,sparse_max_continuous
