attention_cost,exp_param,vm_param,pp_id,ll,AIC,agent_type
100.69914034939494,0.0532606334910392,6.051167805003662,5f35d90b93a88f0023c8d8cf,-61.5550632943139,127.1101265886278,sparse_lqr
