,exp_param,vm_param,pp_id,ll,AIC,agent_type
0,0.003166687841513551,2.379042098636951,5f35d5d093a88f0023c8d5f7,-111.047694,226.095388,lqr
