,attention_cost,exp_param,vm_param,pp_id,ll,AIC,agent_type
0,293.80351606910426,0.003427009031031443,2.7089276274867347,5f36101b93a88f0023c90907,-120.433082,246.866164,sparse_lqr
