,exp_param,step_size,vm_param,pp_id,ll,AIC,agent_type
0,0.0675632158102287,0.782179411905788,2.2787395075838104,5f35d74693a88f0023c8d67e,-85.146232,176.292464,hill_climbing
