,attention_cost,exp_param,vm_param,pp_id,ll,AIC,agent_type
0,193.20755668936093,0.07683961097850321,1.378208611560715,5f35dcae93a88f0023c8e7a3,-93.591821,193.183642,sparse_lqr
