,attention_cost,exp_param,step_size,vm_param,pp_id,ll,AIC,agent_type
0,0.0,0.0948668670904715,0.7170689399084532,1.80547209180275,5f35d71c93a88f0023c8d66e,-90.573698,187.147396,hill_climbing
