,exp_param,vm_param,pp_id,ll,AIC,agent_type
0,0.028518876971948624,0.9464219745729952,5f35d79293a88f0023c8d6a1,-111.960002,227.920004,lqr
