,exp_param,vm_param,pp_id,ll,AIC,agent_type
0,0.01251669627228115,1.718886024538211,5f35d8b893a88f0023c8d833,-108.280231,220.560462,lqr
