,exp_param,vm_param,pp_id,ll,AIC,agent_type
0,0.02205249263256789,1.1767315622992447,5f35d5ee93a88f0023c8d5fe,-110.559597,225.119194,lqr
