,attention_cost,exp_param,vm_param,pp_id,ll,AIC,agent_type
0,79.85447683549096,0.06244675098579008,9.805230392716373,5f35d88193a88f0023c8d7ff,-39.255998,84.511996,sparse_lqr
