attention_cost,exp_param,step_size,vm_param,pp_id,ll,AIC,agent_type
17.773565389075547,0.0152818690413755,0.0562504319108498,6.381794069877859,5f35d90c93a88f0023c8d8d0,-66.61454041297247,141.22908082594495,sparse_max_continuous
