,attention_cost,exp_param,step_size,vm_param,pp_id,ll,AIC,agent_type
0,0.0,0.04792382052604206,0.0,4.770780609279384,5f35d6b193a88f0023c8d648,-65.689989,137.379978,hill_climbing
