,b,exp_param,n,vm_param,pp_id,ll,AIC,agent_type
0,0.0,0.001,2.6670922164075996,1.8241123592889668,5f35dae093a88f0023c8de20,-123.115829,254.231658,null_model_1
