,attention_cost,exp_param,vm_param,pp_id,ll,AIC,agent_type
0,107.9085562206115,0.022617291755340933,5.301199330444444,5f35d63393a88f0023c8d617,-73.4569,150.9138,sparse_lqr
