,exp_param,step_size,vm_param,pp_id,ll,AIC,agent_type
0,0.0069971662906146564,0.10418891076258135,2.1975433549553114,5f35d62993a88f0023c8d613,-106.0978,218.1956,hill_climbing
