,b,exp_param,n,vm_param,pp_id,ll,AIC,agent_type
0,5.379840996990352,0.021516310414753863,3.9928066342006754,3.542858427658233,5f35d5ea93a88f0023c8d5fd,-82.9153875,173.830775,null_model_1
