exp_param,vm_param,pp_id,ll,AIC,agent_type
0.0141952327315873,1.9462833473107368,5f35d86c93a88f0023c8d7e9,-103.9870055669275,211.974011133855,null_model_2
