,attention_cost,exp_param,step_size,vm_param,pp_id,ll,AIC,agent_type
0,14.896691107627914,0.0017002219771125445,0.25527763280754967,2.287818141544249,5f360ea493a88f0023c908e6,-117.406397,242.812794,sparse_max_continuous
