,b,exp_param,n,vm_param,pp_id,ll,AIC,agent_type
0,3.2893286310526118,0.02769339779740848,4.738343435513752,3.787341413191866,5f35d80393a88f0023c8d729,-73.1752203,154.3504406,null_model_1
