,b,exp_param,n,vm_param,pp_id,ll,AIC,agent_type
0,6.0604173556397525,0.010609545871352988,1.962699076709947,4.212119922110703,5f35d94f93a88f0023c8d95c,-86.54472200000001,181.08944400000001,null_model_1
