,attention_cost,exp_param,step_size,vm_param,pp_id,ll,AIC,agent_type
0,29.29660352769511,0.00418453628585691,0.4684562406472603,1.785434990478385,5f35dba493a88f0023c8e193,-124.814207,257.628414,sparse_max_discrete
