,attention_cost,exp_param,vm_param,pp_id,ll,AIC,agent_type
0,14.258013425943538,0.032342455689907706,2.968892631658849,5f35d8e393a88f0023c8d887,-82.72517,169.45034,sparse_lqr
