,b,exp_param,n,vm_param,pp_id,ll,AIC,agent_type
0,1.0,0.001,1.0,1.3128153325378793,5f35e94193a88f0023c905da,-128.35181000000003,264.70362000000006,null_model_1
