,exp_param,vm_param,pp_id,ll,AIC,agent_type
0,0.005292866093139778,1.1762723300520306,5f35dfdb93a88f0023c8f6da,-125.337684,254.675368,lqr
