,exp_param,vm_param,pp_id,ll,AIC,agent_type
0,0.00365337831518168,1.4503087368766399,5f35df8793a88f0023c8f599,-123.84336,251.68672,lqr
