,exp_param,vm_param,pp_id,ll,AIC,agent_type
0,0.001608469673799121,2.2465752357416138,5f35d61893a88f0023c8d60c,-121.389341,246.778682,lqr
