attention_cost,exp_param,step_size,vm_param,pp_id,ll,AIC,agent_type
1.9985289679719245,0.0760636283190466,0.6507319737576964,1.5822033602820196,5f35e37d93a88f0023c8ffdc,-94.29289962923306,196.58579925846607,sparse_max_discrete
