,attention_cost,exp_param,step_size,vm_param,pp_id,ll,AIC,agent_type
0,0.0,0.018769893686614275,0.33985609352322005,6.763124053499082,5f35d65393a88f0023c8d623,-61.9063,129.8126,hill_climbing
