,attention_cost,exp_param,vm_param,pp_id,ll,AIC,agent_type
0,283.22301004901834,0.025798212158493317,3.9340492616117984,5f35d64293a88f0023c8d61c,-78.417936,162.835872,sparse_lqr
