,attention_cost,exp_param,step_size,vm_param,pp_id,ll,AIC,agent_type
0,23.224899189495925,0.011455363722571704,0.03801372030008654,7.317484952945924,5f35d83093a88f0023c8d771,-72.16933622081297,152.33867244162593,sparse_max_continuous
