,attention_cost,exp_param,step_size,vm_param,pp_id,ll,AIC,agent_type
0,21.406964203510864,0.09426377668804287,0.005430521238709629,5.95305048686347,5f35d60a93a88f0023c8d608,-56.393128,120.786256,sparse_max_discrete
