,attention_cost,exp_param,vm_param,pp_id,ll,AIC,agent_type
0,269.72986483743654,0.02401409434834928,7.07526323331805,5f35db0b93a88f0023c8ded5,-64.589912,135.179824,sparse_lqr
