,exp_param,vm_param,pp_id,ll,AIC,agent_type
0,0.03156753507847667,1.3001918524351053,5f35d77893a88f0023c8d690,-104.61251088278405,213.2250217655681,null_model_2
