attention_cost,exp_param,step_size,vm_param,pp_id,ll,AIC,agent_type
3.535646838741806,0.0085931325937277,0.0829998240733689,4.541201806228626,5f35dc7593a88f0023c8e5d3,-82.68928956886081,173.37857913772163,sparse_max_discrete
