,b,exp_param,n,vm_param,pp_id,ll,AIC,agent_type
0,2.2695558226034547,0.04881969753449208,1.2890819354000551,4.207258943620408,5f35d7d693a88f0023c8d6f7,-72.42707616995693,152.85415233991387,null_model_1
