,exp_param,step_size,vm_param,pp_id,ll,AIC,agent_type
0,0.025029384913185945,0.4299750685988836,2.309829035298959,5f35d9ad93a88f0023c8da5b,-94.331584,194.663168,hill_climbing
