,attention_cost,exp_param,step_size,vm_param,pp_id,ll,AIC,agent_type
0,0.0,0.034426596165038764,0.2757453971052681,9.562440763671379,5f35d7fa93a88f0023c8d725,-41.426185,88.85237,hill_climbing
