,exp_param,vm_param,pp_id,ll,AIC,agent_type
0,0.02720535621296297,4.761821986246905,5f35d63393a88f0023c8d617,-73.704379,151.408758,null_model_2
