,attention_cost,exp_param,step_size,vm_param,pp_id,ll,AIC,agent_type
0,0.0,0.09253541258264307,0.14592142385414544,4.004323847004407,5f35d88193a88f0023c8d7ff,-64.409099,134.818198,hill_climbing
