,exp_param,vm_param,pp_id,ll,AIC,agent_type
0,0.003787982107962219,1.715370568188055,5f35d81193a88f0023c8d742,-120.10426,244.20852,lqr
