,attention_cost,exp_param,step_size,vm_param,pp_id,ll,AIC,agent_type
0,2.245086871766606,0.001011159486462078,0.04378724326778993,4.05242234798291,5f360ea493a88f0023c908e6,-114.908493,237.816986,sparse_max_discrete
