,exp_param,vm_param,pp_id,ll,AIC,agent_type
0,0.017505515298291224,3.248448439177931,5f35df1293a88f0023c8f3db,-86.793921,177.587842,null_model_2
