,attention_cost,exp_param,step_size,vm_param,pp_id,ll,AIC,agent_type
0,16.00931214448738,0.017649899632301545,0.025552494526340674,3.0029542190913383,5f35d72b93a88f0023c8d674,-88.61467908040404,185.2293581608081,sparse_max_continuous
