attention_cost,exp_param,step_size,vm_param,pp_id,ll,AIC,agent_type
19.81795067785796,0.0905410682285345,0.3161564131305281,5.028243835184045,5f35d93793a88f0023c8d930,-65.93751579465146,139.87503158930292,sparse_max_continuous
