attention_cost,exp_param,vm_param,pp_id,ll,AIC,agent_type
192.6317493346894,0.0332960559510156,7.43472880795725,5f35d91293a88f0023c8d8e2,-62.58100054503421,129.16200109006843,sparse_lqr
