,exp_param,step_size,vm_param,pp_id,ll,AIC,agent_type
0,0.048370254204113505,0.0,9.924779081600466,5f35d73b93a88f0023c8d678,-56.865366,119.730732,hill_climbing
