,attention_cost,exp_param,step_size,vm_param,pp_id,ll,AIC,agent_type
0,14.889811786264305,0.03778659784595094,0.29292169184804184,5.939441201847001,5f35d91293a88f0023c8d8e2,-61.395002238532896,130.7900044770658,sparse_max_discrete
