,exp_param,vm_param,pp_id,ll,AIC,agent_type
0,0.018974713133044798,9.970678158043379,5f35d78293a88f0023c8d697,-51.705855,107.41171,null_model_2
