,exp_param,vm_param,pp_id,ll,AIC,agent_type
0,0.04696200293130979,0.7046384882661005,5f35dcae93a88f0023c8e7a3,-109.551633,223.103266,lqr
