,attention_cost,exp_param,step_size,vm_param,pp_id,ll,AIC,agent_type
0,0.0,0.021932708922751575,4.779704594294826e-09,4.8644785907593135,5f35d76593a88f0023c8d688,-66.0849094876082,138.1698189752164,hill_climbing
