,exp_param,vm_param,pp_id,ll,AIC,agent_type
0,0.01417706594526073,1.9331614071797054,5f35d86c93a88f0023c8d7e9,-103.986883,211.973766,null_model_2
