,attention_cost,exp_param,vm_param,pp_id,ll,AIC,agent_type
0,105.40725367379646,0.08031285038671473,6.313654798048972,5f360eea93a88f0023c908e9,-60.703338,127.406676,sparse_lqr
