,b,exp_param,n,vm_param,pp_id,ll,AIC,agent_type
0,5.1329646565640985,0.05220736986147081,1.0018373611571216,4.592428749274093,5f35d65893a88f0023c8d625,-69.5093846,147.0187692,null_model_1
