,b,exp_param,n,vm_param,pp_id,ll,AIC,agent_type
0,0.1836085622988648,0.02863496341999693,3.6960209582778734,7.469259089922979,5f35df8293a88f0023c8f57b,-69.88046390000001,147.76092780000002,null_model_1
