,exp_param,vm_param,pp_id,ll,AIC,agent_type
0,0.008418850068281379,1.1869634491039938,5f35d72f93a88f0023c8d675,-118.287708,240.575416,lqr
