attention_cost,exp_param,step_size,vm_param,pp_id,ll,AIC,agent_type
3.5630785612523974,0.027236551868523,0.9700724673090002,1.2168612287015743,5f35d8b893a88f0023c8d833,-102.38527706270789,212.7705541254157,sparse_max_discrete
