,attention_cost,exp_param,vm_param,pp_id,ll,AIC,agent_type
0,102.91030346886598,0.001,6.382813430053502,5f35e70693a88f0023c90462,-209.172356,424.344712,sparse_lqr
