,exp_param,vm_param,pp_id,ll,AIC,agent_type
0,0.003041363856632284,3.6175753389072804,5f360ff993a88f0023c90904,-100.496755,204.99351,lqr
