,b,exp_param,n,vm_param,pp_id,ll,AIC,agent_type
0,5.477575763448396,0.02057970793981654,2.726344740108608,3.0008085646315807,5f35db0b93a88f0023c8ded5,-77.87293879999999,163.74587759999997,null_model_1
