,attention_cost,exp_param,vm_param,pp_id,ll,AIC,agent_type
0,144.00258989044582,0.03127678579928863,9.754265412453314,5f35d7d393a88f0023c8d6f4,-53.756136,113.512272,sparse_lqr
