,attention_cost,exp_param,vm_param,pp_id,ll,AIC,agent_type
0,229.4476608129069,0.00309535357777119,1.2493719707478956,5f35d65d93a88f0023c8d629,-127.565804,261.131608,sparse_lqr
