attention_cost,exp_param,step_size,vm_param,pp_id,ll,AIC,agent_type
15.422772592662586,0.122088644640045,0.0440345568985824,3.7276184086007143,5f35d63193a88f0023c8d616,-73.45479383383672,154.90958766767343,sparse_max_continuous
