,exp_param,step_size,vm_param,pp_id,ll,AIC,agent_type
0,0.10353960104029737,0.36596466547202827,1.3878453088615716,5f35dcae93a88f0023c8e7a3,-91.379537,188.759074,hill_climbing
