,b,exp_param,n,vm_param,pp_id,ll,AIC,agent_type
0,1.6143175450119585,0.013646043275354989,1.547259094951233,5.595673918510824,5f35d72593a88f0023c8d671,-73.1894730350032,154.3789460700064,null_model_1
