,attention_cost,exp_param,step_size,vm_param,pp_id,ll,AIC,agent_type
0,16.791509461624273,0.013543424178956737,0.10796141953423016,9.672763300002721,5f35d65393a88f0023c8d623,-63.585453,135.170906,sparse_max_continuous
