,exp_param,vm_param,pp_id,ll,AIC,agent_type
0,0.004792468971816954,1.9455198938839124,5f3612ca93a88f0023c909a0,-114.523905,233.04781,lqr
