attention_cost,exp_param,step_size,vm_param,pp_id,ll,AIC,agent_type
0.0,0.0159022259781585,0.0817572472740623,2.073616171699503,5f35d94f93a88f0023c8d95c,-101.61035733980188,209.22071467960376,hill_climbing
