,exp_param,vm_param,pp_id,ll,AIC,agent_type
0,0.001,2.0158765753997394,5f35da4f93a88f0023c8dc28,-131.773554,267.547108,lqr
