,attention_cost,exp_param,step_size,vm_param,pp_id,ll,AIC,agent_type
0,0.0,0.12123360183287474,0.10043729703830961,1.8785108693608046,5f360eea93a88f0023c908e9,-83.48404311997425,172.9680862399485,hill_climbing
