,attention_cost,exp_param,step_size,vm_param,pp_id,ll,AIC,agent_type
0,14.878223103978998,0.9622964284753692,0.10712403760000866,9.941111877899612,5f360ff993a88f0023c90904,-32.85888,73.71776,sparse_max_discrete
