,attention_cost,exp_param,step_size,vm_param,pp_id,ll,AIC,agent_type
0,0.0,0.04819345684578057,0.3136458387593881,5.624361664408311,5f35df8293a88f0023c8f57b,-62.1853,130.3706,hill_climbing
