,attention_cost,exp_param,step_size,vm_param,pp_id,ll,AIC,agent_type
0,0.0,0.01239028781676218,0.0,4.725918090770284,5f35d83093a88f0023c8d771,-74.250432,154.500864,hill_climbing
