,b,exp_param,n,vm_param,pp_id,ll,AIC,agent_type
0,1.8691554293879733,0.017792266912439087,2.8046625976269093,1.5020233806898575,5f35dab593a88f0023c8dda2,-106.15116246946138,220.30232493892277,null_model_1
