,attention_cost,exp_param,vm_param,pp_id,ll,AIC,agent_type
0,16.282696732212344,0.09331366584110529,1.5374292791018829,5f35d80893a88f0023c8d735,-87.36798925832969,178.73597851665937,sparse_lqr
