,attention_cost,exp_param,step_size,vm_param,pp_id,ll,AIC,agent_type
0,15.86221549259543,0.00902595785330992,0.021814068041107804,9.452650763331055,5f35d78293a88f0023c8d697,-55.333627,118.667254,sparse_max_continuous
