,attention_cost,exp_param,step_size,vm_param,pp_id,ll,AIC,agent_type
0,0.0,0.06794403145019295,0.013762157730740798,2.1774960863481962,5f35e00093a88f0023c8f758,-85.26728324433037,176.53456648866074,hill_climbing
