,attention_cost,exp_param,step_size,vm_param,pp_id,ll,AIC,agent_type
0,21.073405986267556,0.007232648163954609,1.4244915935708515,2.1179378843381356,5f35d7a693a88f0023c8d6b2,-110.9493059016734,229.8986118033468,sparse_max_discrete
