,attention_cost,exp_param,step_size,vm_param,pp_id,ll,AIC,agent_type
0,12.681301866051207,0.07199887187409984,0.01358381246523055,8.376024974923585,5f35d6bc93a88f0023c8d64b,-56.865965,121.73193,sparse_max_continuous
