,attention_cost,exp_param,step_size,vm_param,pp_id,ll,AIC,agent_type
0,0.0,0.19919438790911517,0.1422628890512393,2.399143566501423,5f35d73d93a88f0023c8d679,-71.36425542712307,148.72851085424614,hill_climbing
