,attention_cost,exp_param,step_size,vm_param,pp_id,ll,AIC,agent_type
0,0.0,0.08986469854074977,0.4598045258129239,3.350918853438911,5f35d6f793a88f0023c8d65f,-72.48913038357718,150.97826076715435,hill_climbing
