,attention_cost,exp_param,vm_param,pp_id,ll,AIC,agent_type
0,239.88457852080842,0.03553664865176262,7.702387345549799,5f35d7fa93a88f0023c8d725,-60.769238,127.538476,sparse_lqr
