exp_param,vm_param,pp_id,ll,AIC,agent_type
0.0040226483987963,1.3632330356982958,5f35d91293a88f0023c8d8e2,-125.12766633265808,254.25533266531613,lqr
