,exp_param,vm_param,pp_id,ll,AIC,agent_type
0,0.02262896254722259,2.328082305601784,5f35d62693a88f0023c8d611,-94.435852,192.871704,null_model_2
