,b,exp_param,n,vm_param,pp_id,ll,AIC,agent_type
0,1.0206757559687851,0.10621045086295572,2.3766799465249036,2.7773786787188346,5f35d73d93a88f0023c8d679,-76.9357891,161.8715782,null_model_1
