exp_param,vm_param,pp_id,ll,AIC,agent_type
0.0071175332738922,2.9181349619596357,5f36101b93a88f0023c90907,-99.35278619365906,202.7055723873181,null_model_2
