,attention_cost,exp_param,vm_param,pp_id,ll,AIC,agent_type
0,234.7896323299877,0.02631627674082451,3.834800104651178,5f3610a993a88f0023c90912,-78.912395,161.82479,sparse_lqr
