,attention_cost,exp_param,step_size,vm_param,pp_id,ll,AIC,agent_type
0,29.60621313385066,0.06089202544790832,0.265023601817951,3.058472408045345,5f35d85593a88f0023c8d7c5,-70.98371,149.96742,sparse_max_continuous
