,exp_param,step_size,vm_param,pp_id,ll,AIC,agent_type
0,0.08794491771647167,0.06383378071618045,3.251486592624625,5f35e00093a88f0023c8f758,-70.563223,147.126446,hill_climbing
