,attention_cost,exp_param,step_size,vm_param,pp_id,ll,AIC,agent_type
0,8.207689663027015,0.07025569208938148,0.6283101516802015,2.251619221381401,5f35dfdb93a88f0023c8f6da,-83.54704,175.09408,sparse_max_discrete
