,attention_cost,exp_param,step_size,vm_param,pp_id,ll,AIC,agent_type
0,0.15276864496751474,0.11132079016122104,0.5834456056616693,1.7886762813995982,5f35e37d93a88f0023c8ffdc,-78.941367,165.882734,sparse_max_discrete
