,attention_cost,exp_param,vm_param,pp_id,ll,AIC,agent_type
0,277.71432339322376,0.03072035933728855,2.765035547647723,5f35dfdb93a88f0023c8f6da,-82.838409,171.676818,sparse_lqr
