,attention_cost,exp_param,vm_param,pp_id,ll,AIC,agent_type
0,252.869952057855,0.0687391274066128,5.7327227154968465,5f35d5d093a88f0023c8d5f7,-59.446533,124.893066,sparse_lqr
