,exp_param,vm_param,pp_id,ll,AIC,agent_type
0,0.03231343912411329,2.4801415649585556,5f35d65893a88f0023c8d625,-87.902198,179.804396,null_model_2
