,exp_param,vm_param,pp_id,ll,AIC,agent_type
0,0.0016100058664813791,1.56837940608605,5f35e93693a88f0023c905d9,-131.24374247211918,266.48748494423836,lqr
