,attention_cost,exp_param,vm_param,pp_id,ll,AIC,agent_type
0,57.7928107451755,0.07442146329847463,2.0004646814510396,5f35e11793a88f0023c8fa8c,-87.5402,179.0804,sparse_lqr
