,b,exp_param,n,vm_param,pp_id,ll,AIC,agent_type
0,2.324986899589994,0.001,3.638972733303257,2.5371411612382406,5f360ea493a88f0023c908e6,-118.30922425979148,244.61844851958296,null_model_1
