,exp_param,vm_param,pp_id,ll,AIC,agent_type
0,0.07109713018961017,2.5743594983294473,5f35d5d093a88f0023c8d5f7,-80.32508360278572,164.65016720557145,null_model_2
