,attention_cost,exp_param,vm_param,pp_id,ll,AIC,agent_type
0,43.718892502775915,0.08653281425967144,4.521632609869007,5f35e09e93a88f0023c8f979,-69.921204,145.842408,sparse_lqr
