b,exp_param,n,vm_param,pp_id,ll,AIC,agent_type
4.419512946706218,0.0428356927296962,1.1975855385332572,1.5045502836766345,5f35d79b93a88f0023c8d6aa,-100.71052478445196,209.42104956890392,null_model_1
