,attention_cost,exp_param,vm_param,pp_id,ll,AIC,agent_type
0,78.22167843512669,0.02340060028309471,1.5040387070959915,5f35d8b893a88f0023c8d833,-107.333582,220.667164,sparse_lqr
