attention_cost,exp_param,step_size,vm_param,pp_id,ll,AIC,agent_type
7.713548813465886,0.1117804094432851,0.2894440980286692,4.995841706788861,5f35d82093a88f0023c8d751,-61.95918208913232,131.91836417826465,sparse_max_continuous
