,attention_cost,exp_param,step_size,vm_param,pp_id,ll,AIC,agent_type
0,17.371574256909543,0.027106482595365397,0.2354666965326087,4.884236427877729,5f3610a993a88f0023c90912,-76.7528454618595,161.505690923719,sparse_max_discrete
