attention_cost,exp_param,vm_param,pp_id,ll,AIC,agent_type
78.05530112701436,0.0532693003897947,9.97002657242343,5f35d77893a88f0023c8d691,-50.16509700704111,104.3301940140822,sparse_lqr
