,b,exp_param,n,vm_param,pp_id,ll,AIC,agent_type
0,2.3347250510807993,0.019997045948001148,3.9310374824257677,2.831967018153784,5f35df8793a88f0023c8f599,-85.78615319999999,179.57230639999997,null_model_1
