,attention_cost,exp_param,step_size,vm_param,pp_id,ll,AIC,agent_type
0,0.0,0.009034542640551611,0.008798880137349752,2.1360409849885222,5f35d62993a88f0023c8d613,-106.185165,218.37033,hill_climbing
