,exp_param,vm_param,pp_id,ll,AIC,agent_type
0,0.003706423285682013,3.0357433642122955,5f35d78293a88f0023c8d697,-106.599484,217.198968,lqr
