exp_param,vm_param,pp_id,ll,AIC,agent_type
0.0342901215683826,7.690921167674762,5f35d93793a88f0023c8d930,-61.58658216086828,127.17316432173656,null_model_2
