,exp_param,vm_param,pp_id,ll,AIC,agent_type
0,0.004004814860319035,1.6481112191141634,5f35d72b93a88f0023c8d674,-120.326859,244.653718,lqr
