,attention_cost,exp_param,step_size,vm_param,pp_id,ll,AIC,agent_type
0,0.0,0.006667373258681232,0.3613109986223945,1.6793666742426194,5f35d7a693a88f0023c8d6b2,-116.73075,239.4615,hill_climbing
