,b,exp_param,n,vm_param,pp_id,ll,AIC,agent_type
0,4.816694478925513,0.008244885332892544,2.013716042948422,2.8706756399851487,5f35df1293a88f0023c8f3db,-92.50593390000002,193.01186780000003,null_model_1
