,b,exp_param,n,vm_param,pp_id,ll,AIC,agent_type
0,29.45875472134241,0.001,5.0,5.258573877390443,5f35da4f93a88f0023c8dc28,-98.5024521541001,205.0049043082002,null_model_1
