,attention_cost,exp_param,vm_param,pp_id,ll,AIC,agent_type
0,242.70747893353382,0.009324802573542176,1.617243466173487,5f35e93693a88f0023c905d9,-109.911505,225.82301,sparse_lqr
