,exp_param,step_size,vm_param,pp_id,ll,AIC,agent_type
0,0.023360631633910563,0.1919399324108942,1.782305558372449,5f35dc9193a88f0023c8e6bd,-99.91573,205.83146,hill_climbing
