,exp_param,vm_param,pp_id,ll,AIC,agent_type
0,0.05715464637632501,7.120083013028818,5f35d6f793a88f0023c8d65f,-57.671529,119.343058,null_model_2
