,exp_param,step_size,vm_param,pp_id,ll,AIC,agent_type
0,0.022854328710277965,0.5738901518626307,3.539380320026838,5f35d64293a88f0023c8d61c,-76.305818,158.611636,hill_climbing
