attention_cost,exp_param,vm_param,pp_id,ll,AIC,agent_type
140.89441840133782,0.0302109350306281,3.1507202101376386,5f3612ca93a88f0023c909a0,-81.52989197891822,167.05978395783643,sparse_lqr
