,attention_cost,exp_param,step_size,vm_param,pp_id,ll,AIC,agent_type
0,0.0,0.05951427937143461,0.023756242227795044,5.913952449824297,5f35d5d093a88f0023c8d5f7,-80.56429937183299,167.12859874366598,hill_climbing
