,exp_param,vm_param,pp_id,ll,AIC,agent_type
0,0.01501889409875274,1.7069238453500402,5f360eea93a88f0023c908e9,-105.873612,215.747224,lqr
