,attention_cost,exp_param,step_size,vm_param,pp_id,ll,AIC,agent_type
0,6.586708527933109,0.02247045140989686,0.14456345312090502,4.254412331111729,5f35d72b93a88f0023c8d674,-86.377764,180.755528,sparse_max_continuous
