exp_param,vm_param,pp_id,ll,AIC,agent_type
0.0052439411457942,0.7448634672704157,5f35e94193a88f0023c905da,-130.8278598360199,265.6557196720398,lqr
