,attention_cost,exp_param,step_size,vm_param,pp_id,ll,AIC,agent_type
0,3.809323693542297,0.03306680679845902,0.01842407380394412,2.1857765582566446,5f35d60393a88f0023c8d605,-80.576232,169.152464,sparse_max_continuous
