,attention_cost,exp_param,step_size,vm_param,pp_id,ll,AIC,agent_type
0,8.228557779304976,0.04805724194887529,0.027879198324098464,9.849482459820356,5f35d90b93a88f0023c8d8cf,-45.449064,98.898128,sparse_max_continuous
