,attention_cost,exp_param,step_size,vm_param,pp_id,ll,AIC,agent_type
0,29.206564555284395,0.04758199203199685,0.3222002845046753,2.2543223634810436,5f35d5d093a88f0023c8d5f7,-77.751192,163.502384,sparse_max_discrete
