,attention_cost,exp_param,vm_param,pp_id,ll,AIC,agent_type
0,142.05044765549985,0.03260061143181817,1.5698775402250476,5f35d67e93a88f0023c8d634,-106.129092,218.258184,sparse_lqr
