,attention_cost,exp_param,vm_param,pp_id,ll,AIC,agent_type
0,116.66176923323293,0.04836107523176287,2.7032080002760503,5f35d71c93a88f0023c8d66e,-81.436623,166.873246,sparse_lqr
