,attention_cost,exp_param,vm_param,pp_id,ll,AIC,agent_type
0,265.2877050688952,0.01216235472123377,4.86711891112845,5f35d7f093a88f0023c8d716,-81.20706,168.41412,sparse_lqr
