,attention_cost,exp_param,vm_param,pp_id,ll,AIC,agent_type
0,3.0176912094555863,0.026465977778579588,3.691070110591468,5f35e76793a88f0023c90491,-76.992826,159.985652,sparse_lqr
