attention_cost,exp_param,step_size,vm_param,pp_id,ll,AIC,agent_type
19.98133962024043,0.0343683023622083,1.4934836371096545,2.729938357144832,5f35d8e393a88f0023c8d887,-80.58700027169098,169.17400054338196,sparse_max_discrete
