,b,exp_param,n,vm_param,pp_id,ll,AIC,agent_type
0,1.0383740022310373,0.010597745306695952,4.8346267166592,1.9926098441120599,5f35d94f93a88f0023c8d95c,-110.21188008892209,228.42376017784417,null_model_1
