,exp_param,vm_param,pp_id,ll,AIC,agent_type
0,0.0049894277040964975,1.84565130775186,5f35da2c93a88f0023c8db97,-115.675118,235.350236,lqr
