,exp_param,vm_param,pp_id,ll,AIC,agent_type
0,0.02140103188371487,9.727679478181553,5f35d7fa93a88f0023c8d725,-46.520629,97.041258,null_model_2
