,attention_cost,exp_param,vm_param,pp_id,ll,AIC,agent_type
0,34.43543453557266,0.19784455676455054,9.943940556721268,5f35d72f93a88f0023c8d675,-31.951189,69.902378,sparse_lqr
