,attention_cost,exp_param,vm_param,pp_id,ll,AIC,agent_type
0,281.665943210914,0.03191805726487956,7.1687866363168915,5f35d91293a88f0023c8d8e2,-62.59176,129.18352,sparse_lqr
