,attention_cost,exp_param,step_size,vm_param,pp_id,ll,AIC,agent_type
0,24.43857543784966,0.05505954666367589,0.19576600700889896,8.424458099564136,5f35d65893a88f0023c8d625,-68.898184,145.796368,sparse_max_discrete
