,exp_param,step_size,vm_param,pp_id,ll,AIC,agent_type
0,0.00786339473940394,0.13401060407575838,2.9077366685451542,5f36101b93a88f0023c90907,-100.587559,207.175118,hill_climbing
