,attention_cost,exp_param,step_size,vm_param,pp_id,ll,AIC,agent_type
0,0.0,0.056470246247693395,0.5177890639973656,4.890802615794648,5f35d77893a88f0023c8d691,-70.118064,146.236128,hill_climbing
