,exp_param,vm_param,pp_id,ll,AIC,agent_type
0,0.003397818507825831,1.5878465659010432,5f360f4693a88f0023c908ef,-124.200137,252.400274,lqr
