attention_cost,exp_param,step_size,vm_param,pp_id,ll,AIC,agent_type
8.680193289946885,0.0295094543495801,0.6398105297258772,7.392236589122207,5f35d64293a88f0023c8d61c,-63.01830422557983,134.03660845115965,sparse_max_discrete
