,attention_cost,exp_param,step_size,vm_param,pp_id,ll,AIC,agent_type
0,10.619935779912572,0.015214318018853524,0.21528653620479754,6.737334128378753,5f35d65393a88f0023c8d623,-64.0280630986202,136.0561261972404,sparse_max_discrete
