,attention_cost,exp_param,step_size,vm_param,pp_id,ll,AIC,agent_type
0,7.34986439020012,0.12728949591959776,0.9372052399333781,2.6457618140034525,5f35d6f793a88f0023c8d65f,-68.886665,145.77333,sparse_max_discrete
