exp_param,vm_param,pp_id,ll,AIC,agent_type
0.0692626999990458,2.063253645232121,5f35d60393a88f0023c8d605,-86.53387717946684,177.06775435893368,null_model_2
