attention_cost,exp_param,step_size,vm_param,pp_id,ll,AIC,agent_type
0.0,0.0990079262643166,0.1124866183593495,5.147440296151487,5f35d97e93a88f0023c8d9d4,-59.87326181702092,125.74652363404184,hill_climbing
