,attention_cost,exp_param,step_size,vm_param,pp_id,ll,AIC,agent_type
0,15.240152198659016,0.016919661362652053,0.6537731827936893,3.328622649755366,5f3626b693a88f0023c91063,-89.286227,186.572454,sparse_max_discrete
