,attention_cost,exp_param,vm_param,pp_id,ll,AIC,agent_type
0,87.30893025622231,0.09988004381204958,3.9549848246318167,5f360ee993a88f0023c908e8,-70.720991,147.441982,sparse_lqr
