,exp_param,vm_param,pp_id,ll,AIC,agent_type
0,0.0023572660630029668,1.3448483055621019,5f362fb593a88f0023c91191,-130.8241,265.6482,lqr
