,attention_cost,exp_param,step_size,vm_param,pp_id,ll,AIC,agent_type
0,10.351356137605185,0.06636478146259595,1.2311773853805457,1.4455202035422798,5f35d79b93a88f0023c8d6aa,-88.8296,185.6592,sparse_max_discrete
