,b,exp_param,n,vm_param,pp_id,ll,AIC,agent_type
0,1.0023127692078573,0.043899271194977614,1.956450483600567,7.715217205647287,5f35d72f93a88f0023c8d675,-45.2067412,98.4134824,null_model_1
