,attention_cost,exp_param,step_size,vm_param,pp_id,ll,AIC,agent_type
0,2.471938741219329,0.6088207517282486,0.39719627723139117,3.4382855308290883,5f35d74293a88f0023c8d67c,-57.232621,122.465242,sparse_max_discrete
