,exp_param,vm_param,pp_id,ll,AIC,agent_type
0,0.0028272494724177304,1.203199457351003,5f35d79b93a88f0023c8d6aa,-130.0602,264.1204,lqr
