,exp_param,vm_param,pp_id,ll,AIC,agent_type
0,0.0037904520603667035,1.376680547673197,5f361f5693a88f0023c90f72,-124.836991,253.673982,lqr
