,exp_param,step_size,vm_param,pp_id,ll,AIC,agent_type
0,0.022937275216439564,0.15470822944090382,3.4171631609749356,5f36121793a88f0023c9095f,-73.529383,153.058766,hill_climbing
