,exp_param,vm_param,pp_id,ll,AIC,agent_type
0,0.011470198289679701,1.4428342159984264,5f36121793a88f0023c9095f,-101.8486859110364,207.6973718220728,lqr
