,exp_param,vm_param,pp_id,ll,AIC,agent_type
0,0.0022616862218799135,1.6658459567605721,5f35d71a93a88f0023c8d66c,-126.87261,257.74522,lqr
