,exp_param,step_size,vm_param,pp_id,ll,AIC,agent_type
0,0.1651331571368726,0.26387551708828577,9.983270414690391,5f35d79293a88f0023c8d6a1,-37.05746,80.11492,hill_climbing
