,b,exp_param,n,vm_param,pp_id,ll,AIC,agent_type
0,1.4626082923295092,0.01492343106271143,2.781221384347914,6.752764510068445,5f35d94f93a88f0023c8d95c,-69.57770380000001,147.15540760000002,null_model_1
