,exp_param,vm_param,pp_id,ll,AIC,agent_type
0,0.05235092212384666,0.6387307314413504,5f35d80893a88f0023c8d735,-109.191884,222.383768,lqr
