,attention_cost,exp_param,step_size,vm_param,pp_id,ll,AIC,agent_type
0,0.0,0.10937648760121271,0.2585361301510612,10.0,5f35d73b93a88f0023c8d678,-47.001101,100.002202,hill_climbing
