attention_cost,exp_param,step_size,vm_param,pp_id,ll,AIC,agent_type
9.804989047230718,0.0123481298261127,0.1138003171843457,4.132938995283109,5f35db0c93a88f0023c8deda,-86.08420500141321,180.1684100028264,sparse_max_discrete
