,attention_cost,exp_param,vm_param,pp_id,ll,AIC,agent_type
0,63.229350740611615,0.04243360449692238,3.218287999702445,5f35d7da93a88f0023c8d703,-76.022033,158.044066,sparse_lqr
