,attention_cost,exp_param,step_size,vm_param,pp_id,ll,AIC,agent_type
0,23.378574177797034,0.033489879357936646,0.06762871390239783,3.8266947735971946,5f35d71a93a88f0023c8d66c,-95.785755,199.57151,sparse_max_continuous
