,exp_param,step_size,vm_param,pp_id,ll,AIC,agent_type
0,0.05906002647819157,0.60024891844176,2.308122564295063,5f35d79b93a88f0023c8d6aa,-86.689679,179.379358,hill_climbing
