,exp_param,step_size,vm_param,pp_id,ll,AIC,agent_type
0,0.14868593145049197,0.3233230536969428,2.1532942426898227,5f35d7f393a88f0023c8d71a,-77.253392,160.506784,hill_climbing
