,attention_cost,exp_param,step_size,vm_param,pp_id,ll,AIC,agent_type
0,27.189297091738375,0.02979661384023047,0.006456676563715846,8.63834812934763,5f35d61893a88f0023c8d60c,-54.656033,117.312066,sparse_max_continuous
