,attention_cost,exp_param,step_size,vm_param,pp_id,ll,AIC,agent_type
0,26.323439111213464,0.036142266008961726,1.4992824082423417,3.9904786857741623,5f35d6af93a88f0023c8d646,-73.326179,154.652358,sparse_max_continuous
