,exp_param,vm_param,pp_id,ll,AIC,agent_type
0,0.018421750325974016,3.3351772885793087,5f35df1293a88f0023c8f3db,-86.5311,177.0622,null_model_2
