,attention_cost,exp_param,vm_param,pp_id,ll,AIC,agent_type
0,109.05648171404295,0.04214235387844492,2.1478684670006185,5f35d85593a88f0023c8d7c5,-87.825809,181.651618,sparse_lqr
