,attention_cost,exp_param,vm_param,pp_id,ll,AIC,agent_type
0,113.85115943195856,0.0065523450668181875,2.454639098771898,5f35e94193a88f0023c905da,-99.792935,203.58587,sparse_lqr
