,b,exp_param,n,vm_param,pp_id,ll,AIC,agent_type
0,2.806722246843841,0.007423602265789165,2.1659076796621792,7.815783465719365,5f35dafe93a88f0023c8de97,-60.39750603563599,128.79501207127197,null_model_1
