,exp_param,vm_param,pp_id,ll,AIC,agent_type
0,0.05638810211059551,5.1597986432199905,5f35d7d693a88f0023c8d6f7,-65.11389,134.22778,null_model_2
