,b,exp_param,n,vm_param,pp_id,ll,AIC,agent_type
0,1.6863518576247427,0.001,4.4980576272283255,2.399410558061903,5f35e70693a88f0023c90462,-283.3311878,574.6623756,null_model_1
