,attention_cost,exp_param,step_size,vm_param,pp_id,ll,AIC,agent_type
0,17.499069492024272,0.002328680482616547,0.7118550755729647,1.5132188000108449,5f35dae093a88f0023c8de20,-126.28228099385942,260.56456198771883,sparse_max_continuous
