attention_cost,exp_param,step_size,vm_param,pp_id,ll,AIC,agent_type
21.769276364846068,0.0268998669914856,0.6922818798706718,2.8130127253681136,5f35d72b93a88f0023c8d674,-85.15296229599682,178.30592459199363,sparse_max_discrete
