,exp_param,step_size,vm_param,pp_id,ll,AIC,agent_type
0,0.028260952265777472,0.47707077446603685,7.961181404074184,5f35d65893a88f0023c8d625,-62.124999,130.249998,hill_climbing
