exp_param,vm_param,pp_id,ll,AIC,agent_type
0.0078311854217345,1.50922936884053,5f35d83993a88f0023c8d78b,-116.92339624414764,237.8467924882953,lqr
