,exp_param,vm_param,pp_id,ll,AIC,agent_type
0,0.01762028377176114,0.6588467687664679,5f35d8e393a88f0023c8d887,-120.0492,244.0984,lqr
