attention_cost,exp_param,vm_param,pp_id,ll,AIC,agent_type
12.824585915969756,0.0899369421694966,2.2231331628684337,5f35d60393a88f0023c8d605,-84.88004483312548,173.76008966625096,sparse_lqr
