,attention_cost,exp_param,step_size,vm_param,pp_id,ll,AIC,agent_type
0,22.96573593620942,0.015369758777196908,0.061943819246086496,1.4429791276205661,5f35d83093a88f0023c8d771,-102.062006,212.124012,sparse_max_continuous
