,attention_cost,exp_param,step_size,vm_param,pp_id,ll,AIC,agent_type
0,24.02050781168171,0.02834518187065017,1.2049059254120205,2.8345437643786067,5f35d93793a88f0023c8d930,-83.775485,175.55097,sparse_max_discrete
