,attention_cost,exp_param,vm_param,pp_id,ll,AIC,agent_type
0,79.12612953366732,0.001,4.902986872499933,5f35da4f93a88f0023c8dc28,-114.11097,232.22194,sparse_lqr
