,attention_cost,exp_param,step_size,vm_param,pp_id,ll,AIC,agent_type
0,21.351775208328394,0.005393291064180737,0.08492170125388138,7.492034995747421,5f35d7fa93a88f0023c8d725,-53.949742,115.899484,sparse_max_continuous
