,exp_param,vm_param,pp_id,ll,AIC,agent_type
0,0.004001740133129164,1.1302062932864165,5f35d62993a88f0023c8d613,-128.523255,261.04651,lqr
