,attention_cost,exp_param,step_size,vm_param,pp_id,ll,AIC,agent_type
0,3.624247546400887,0.001,0.6861548835808609,3.7910783327929334,5f35dba493a88f0023c8e193,-105.2691,218.5382,sparse_max_continuous
