,exp_param,vm_param,pp_id,ll,AIC,agent_type
0,0.050520513619379384,3.645602068931575,5f35e09e93a88f0023c8f979,-74.544194,153.088388,null_model_2
