,exp_param,step_size,vm_param,pp_id,ll,AIC,agent_type
0,0.002898992393828619,0.7446587557788831,1.7445322327973145,5f35dba493a88f0023c8e193,-124.958008,255.916016,hill_climbing
