,exp_param,step_size,vm_param,pp_id,ll,AIC,agent_type
0,0.05518093584958376,0.0,3.488798789752424,5f35e11793a88f0023c8fa8c,-72.654649,151.309298,hill_climbing
