,exp_param,vm_param,pp_id,ll,AIC,agent_type
0,0.021860626930761913,0.48440598449004835,5f35d5ee93a88f0023c8d5fe,-119.687672,243.375344,lqr
