,attention_cost,exp_param,vm_param,pp_id,ll,AIC,agent_type
0,36.558944063808916,0.056157427056506955,3.0856758649345686,5f35dfdb93a88f0023c8f6da,-80.300201,166.600402,sparse_lqr
