,attention_cost,exp_param,step_size,vm_param,pp_id,ll,AIC,agent_type
0,3.8277663289667654,0.04714089457393956,0.36747052320728446,4.061546660837708,5f3626b693a88f0023c91063,-83.51686929865627,175.03373859731255,sparse_max_discrete
