,attention_cost,exp_param,step_size,vm_param,pp_id,ll,AIC,agent_type
0,3.5188535344337204,0.007911216607496885,0.5114053022459122,4.6646372664651015,5f35d7da93a88f0023c8d703,-78.958864,165.917728,sparse_max_discrete
