,attention_cost,exp_param,vm_param,pp_id,ll,AIC,agent_type
0,173.20241549071278,0.04579883254221567,4.1620436432364825,5f3612ca93a88f0023c909a0,-75.054214,156.108428,sparse_lqr
