,exp_param,step_size,vm_param,pp_id,ll,AIC,agent_type
0,0.09663990428804843,0.6307878204978397,5.659360577947028,5f35d64493a88f0023c8d61e,-55.533438,117.066876,hill_climbing
