,attention_cost,exp_param,step_size,vm_param,pp_id,ll,AIC,agent_type
0,24.43857543784966,0.05505954666367589,0.19576600700889896,8.424458099564136,5f35d6af93a88f0023c8d646,-59.789323,127.578646,sparse_max_discrete
