,b,exp_param,n,vm_param,pp_id,ll,AIC,agent_type
0,1.1382195886114834,0.028112571427434924,2.04675625994435,5.382213427741687,5f35db9193a88f0023c8e13f,-71.95707,151.91414,null_model_1
