,b,exp_param,n,vm_param,pp_id,ll,AIC,agent_type
0,17.969216583465606,0.013622651626419045,3.2543675605849764,2.032836616864364,5f35d67e93a88f0023c8d634,-114.85943259999999,237.71886519999998,null_model_1
