,attention_cost,exp_param,vm_param,pp_id,ll,AIC,agent_type
0,125.41659762731045,0.06522447672843844,2.1032571796900568,5f35d60393a88f0023c8d605,-82.503375,171.00675,sparse_lqr
