,b,exp_param,n,vm_param,pp_id,ll,AIC,agent_type
0,4.286129763781187,0.03141783008501178,1.8848292140570861,3.2881675724434114,5f35d5ea93a88f0023c8d5fd,-84.47774586731444,176.95549173462888,null_model_1
