,exp_param,vm_param,pp_id,ll,AIC,agent_type
0,0.056950810709721314,2.5651873050153906,5f35d6f793a88f0023c8d65f,-82.646746,169.293492,null_model_2
