,attention_cost,exp_param,step_size,vm_param,pp_id,ll,AIC,agent_type
0,10.448512778094122,0.09947373224587722,0.7060706487141899,2.612915928997733,5f35dfdb93a88f0023c8f6da,-84.9333,177.8666,sparse_max_discrete
