,attention_cost,exp_param,step_size,vm_param,pp_id,ll,AIC,agent_type
0,0.022135810705898873,0.088902634256523,0.35846736578628413,5.139802676273424,5f35e09e93a88f0023c8f979,-70.628244,149.256488,sparse_max_continuous
