,attention_cost,exp_param,step_size,vm_param,pp_id,ll,AIC,agent_type
0,0.0,0.012981374333308884,0.18996164694911855,5.214871283520855,5f35db0c93a88f0023c8deda,-87.3374,180.6748,hill_climbing
