,exp_param,vm_param,pp_id,ll,AIC,agent_type
0,0.010651795794487207,3.2466704089533813,5f35db0c93a88f0023c8deda,-93.43233,190.86466,null_model_2
