,b,exp_param,n,vm_param,pp_id,ll,AIC,agent_type
0,0.07898630547277241,0.023154628204417223,4.862780784219245,6.199081861175925,5f35d90c93a88f0023c8d8d0,-68.7997034,145.5994068,null_model_1
