,attention_cost,exp_param,step_size,vm_param,pp_id,ll,AIC,agent_type
0,0.0,0.20081291773832896,0.2677647543763943,3.296241856212566,5f35d73d93a88f0023c8d679,-65.29057497667753,136.58114995335507,hill_climbing
