,exp_param,vm_param,pp_id,ll,AIC,agent_type
0,0.052063180318116256,0.6003540358632053,5f35d80893a88f0023c8d735,-109.625205,223.25041,lqr
