,attention_cost,exp_param,step_size,vm_param,pp_id,ll,AIC,agent_type
0,1.9727033314482112,0.034456803576253796,0.05689622458373961,3.2227725894573167,5f35d70093a88f0023c8d662,-74.38050927247076,156.76101854494152,sparse_max_continuous
