,exp_param,vm_param,pp_id,ll,AIC,agent_type
0,0.004229078205283841,1.5821269237518854,5f35d68993a88f0023c8d637,-122.575477,249.150954,lqr
