,attention_cost,exp_param,step_size,vm_param,pp_id,ll,AIC,agent_type
0,10.02771062749154,0.013973176640764556,0.4781258452745898,5.233979052700319,5f35dc9193a88f0023c8e6bd,-74.645162,157.290324,sparse_max_discrete
