b,exp_param,n,vm_param,pp_id,ll,AIC,agent_type
4.143571259097578,0.011664567702416,4.038875295255403,2.6513625270791263,5f35df1293a88f0023c8f3db,-95.44689649032708,198.89379298065413,null_model_1
