attention_cost,exp_param,step_size,vm_param,pp_id,ll,AIC,agent_type
11.150177475395257,0.063926772542077,0.0458618598317952,8.077861261501125,5f35d73b93a88f0023c8d678,-53.28866253588123,114.57732507176246,sparse_max_continuous
