,attention_cost,exp_param,step_size,vm_param,pp_id,ll,AIC,agent_type
0,19.632979428520414,0.022628024282252884,0.20326792800587562,2.8957203822388697,5f35d94f93a88f0023c8d95c,-100.02951623047723,208.05903246095446,sparse_max_discrete
