b,exp_param,n,vm_param,pp_id,ll,AIC,agent_type
6.823949938982901,0.0238951620032425,4.887167333121125,6.014879419928235,5f35d90b93a88f0023c8d8cf,-70.95065550872592,149.90131101745183,null_model_1
