,attention_cost,exp_param,step_size,vm_param,pp_id,ll,AIC,agent_type
0,14.872537754401316,0.005365350265385353,0.30448702931879035,2.7218909470383013,5f35d94f93a88f0023c8d95c,-101.54457991203782,211.08915982407564,sparse_max_discrete
