,attention_cost,exp_param,vm_param,pp_id,ll,AIC,agent_type
0,299.9815905522481,0.03049675693583077,4.360532316871862,5f35d63393a88f0023c8d617,-75.80504,157.61008,sparse_lqr
