,exp_param,step_size,vm_param,pp_id,ll,AIC,agent_type
0,0.06200614006339918,0.18719667388620836,9.764472174514896,5f35d7d693a88f0023c8d6f7,-52.111761,110.223522,hill_climbing
