,exp_param,vm_param,pp_id,ll,AIC,agent_type
0,0.0030193988520939258,2.3672757007252487,5f35d97e93a88f0023c8d9d4,-112.180504,228.361008,lqr
