,exp_param,step_size,vm_param,pp_id,ll,AIC,agent_type
0,0.01969390644510338,0.6876950294958835,2.8341695406842558,5f3626b693a88f0023c91063,-88.192737,182.385474,hill_climbing
