b,exp_param,n,vm_param,pp_id,ll,AIC,agent_type
1.9814092055625576,0.0199415318073217,2.7332153927093503,1.649191135962497,5f35d9ad93a88f0023c8da5b,-101.39874457888628,210.79748915777253,null_model_1
