,attention_cost,exp_param,step_size,vm_param,pp_id,ll,AIC,agent_type
0,15.705563691961643,0.04091785662424328,0.046171907061022144,9.997515303786223,5f35d7d393a88f0023c8d6f4,-44.911544,97.823088,sparse_max_discrete
