,attention_cost,exp_param,vm_param,pp_id,ll,AIC,agent_type
0,299.44301327496726,0.001,1.6431146326374544,5f35d72493a88f0023c8d66f,-128.651222,263.302444,sparse_lqr
