,attention_cost,exp_param,vm_param,pp_id,ll,AIC,agent_type
0,63.229350740611615,0.04243360449692238,3.218287999702445,5f35e09e93a88f0023c8f979,-70.549381,147.098762,sparse_lqr
