,attention_cost,exp_param,vm_param,pp_id,ll,AIC,agent_type
0,29.86097978182205,0.06194557519627768,8.377928844279916,5f35db9193a88f0023c8e13f,-52.53407064556166,109.06814129112333,sparse_lqr
