,attention_cost,exp_param,vm_param,pp_id,ll,AIC,agent_type
0,90.34771121563871,0.027526231141687275,3.5767743733130897,5f35dc7593a88f0023c8e5d3,-90.0201220917773,184.0402441835546,sparse_lqr
