,b,exp_param,n,vm_param,pp_id,ll,AIC,agent_type
0,16.524838246165697,0.003356623000874698,2.9885942787451674,8.91905551908036,5f35da4f93a88f0023c8dc28,-65.8536343,139.7072686,null_model_1
