,attention_cost,exp_param,step_size,vm_param,pp_id,ll,AIC,agent_type
0,0.0,0.03825520691957623,0.2519363136181791,3.7320193818673375,5f35e0a193a88f0023c8f986,-78.7097,163.4194,hill_climbing
