,exp_param,vm_param,pp_id,ll,AIC,agent_type
0,0.03119522060625473,5.457076228275424,5f35d65893a88f0023c8d625,-69.820097,143.640194,null_model_2
