,attention_cost,exp_param,step_size,vm_param,pp_id,ll,AIC,agent_type
0,20.483688789270182,0.09706336186654412,0.8947805059555697,1.8293546505569291,5f35d5ee93a88f0023c8d5fe,-86.812191,181.624382,sparse_max_discrete
