,attention_cost,exp_param,vm_param,pp_id,ll,AIC,agent_type
0,214.6587693368405,0.07102439112711828,5.768748155158802,5f35d5d093a88f0023c8d5f7,-59.436338,124.872676,sparse_lqr
