attention_cost,exp_param,vm_param,pp_id,ll,AIC,agent_type
211.63157424604012,0.0396460813047273,4.233817027812725,5f35d6af93a88f0023c8d646,-73.21733165434777,150.43466330869555,sparse_lqr
