,exp_param,vm_param,pp_id,ll,AIC,agent_type
0,0.07508772716102163,5.541853435082963,5f35d80393a88f0023c8d729,-60.357577069821346,124.71515413964269,null_model_2
