,exp_param,vm_param,pp_id,ll,AIC,agent_type
0,0.047617040655848736,0.6670533647648635,5f35dcae93a88f0023c8e7a3,-109.804024,223.608048,lqr
