,exp_param,step_size,vm_param,pp_id,ll,AIC,agent_type
0,0.16906257187454124,0.21113859122426126,3.6481615665328473,5f35d73d93a88f0023c8d679,-62.484784,130.96956799999998,hill_climbing
