,attention_cost,exp_param,vm_param,pp_id,ll,AIC,agent_type
0,73.34552274963336,0.022290197135047776,2.3816486622199373,5f35d84893a88f0023c8d7af,-90.795272,187.590544,sparse_lqr
