,exp_param,vm_param,pp_id,ll,AIC,agent_type
0,0.03147959717797101,1.5182905681198433,5f35d60a93a88f0023c8d608,-104.0592,212.1184,lqr
