,attention_cost,exp_param,step_size,vm_param,pp_id,ll,AIC,agent_type
0,11.053899003645196,0.017818579394921433,0.08636162531408503,7.96557791512408,5f35d94f93a88f0023c8d95c,-70.035114,148.070228,sparse_max_discrete
