,attention_cost,exp_param,step_size,vm_param,pp_id,ll,AIC,agent_type
0,0.9873535656033428,0.031787493568674725,0.0002069156926508553,4.159586299446435,5f35d81193a88f0023c8d742,-97.96412711741303,203.92825423482606,sparse_max_continuous
