,attention_cost,exp_param,step_size,vm_param,pp_id,ll,AIC,agent_type
0,25.50575020310373,0.0031627562612079213,0.11199413094932303,1.8380274441508582,5f35d72493a88f0023c8d66f,-115.569228,239.138456,sparse_max_discrete
