,exp_param,vm_param,pp_id,ll,AIC,agent_type
0,0.07098483011199344,9.999999406647486,5f35da2c93a88f0023c8db97,-32.37165,68.7433,null_model_2
