,attention_cost,exp_param,step_size,vm_param,pp_id,ll,AIC,agent_type
0,26.49404648671731,0.001,0.9423615377202769,2.25348835574958,5f360ea493a88f0023c908e6,-112.95616,233.91232,sparse_max_discrete
