,attention_cost,exp_param,step_size,vm_param,pp_id,ll,AIC,agent_type
0,23.229315790636438,0.01233907265887415,0.31905831434728965,1.7782652187983783,5f35d7a693a88f0023c8d6b2,-113.768706,235.537412,sparse_max_discrete
