,attention_cost,exp_param,vm_param,pp_id,ll,AIC,agent_type
0,137.09259823070784,0.057872508972683895,5.085162406102396,5f361ea793a88f0023c90f71,-66.467431,138.934862,sparse_lqr
