,attention_cost,exp_param,step_size,vm_param,pp_id,ll,AIC,agent_type
0,25.219678288586397,0.01827388435345165,0.45181786996235807,1.824528918916335,5f35dc9193a88f0023c8e6bd,-98.87284,205.74568,sparse_max_discrete
