b,exp_param,n,vm_param,pp_id,ll,AIC,agent_type
1.974126558149984,0.0271847758908415,1.1132259520831784,2.462110676030459,5f35d8e393a88f0023c8d887,-99.3608130780892,206.7216261561784,null_model_1
