,attention_cost,exp_param,step_size,vm_param,pp_id,ll,AIC,agent_type
0,19.306140536420884,0.01642239048304374,0.03360710379648851,3.061322096487137,5f35d72b93a88f0023c8d674,-98.488047,204.976094,sparse_max_continuous
