,attention_cost,exp_param,step_size,vm_param,pp_id,ll,AIC,agent_type
0,0.0,0.023833767197058618,0.029170546167368583,4.32261692659749,5f35d8e393a88f0023c8d887,-77.989274,161.978548,hill_climbing
