,b,exp_param,n,vm_param,pp_id,ll,AIC,agent_type
0,1.0694121366754779,0.04029625137730926,2.1698889004872455,3.183141864242839,5f35d6f793a88f0023c8d65f,-77.5463607,163.0927214,null_model_1
