,attention_cost,exp_param,step_size,vm_param,pp_id,ll,AIC,agent_type
0,1.8897216950683182,0.02929736598901496,0.6127543793427774,2.6594218475857776,5f35d83993a88f0023c8d78b,-91.772313,191.544626,sparse_max_continuous
