b,exp_param,n,vm_param,pp_id,ll,AIC,agent_type
1.974126558149984,0.0271847758908415,1.1132259520831784,2.462110676030459,5f3610a993a88f0023c90912,-92.84283801762716,193.68567603525432,null_model_1
