,exp_param,vm_param,pp_id,ll,AIC,agent_type
0,0.06519402199350179,9.99420602398745,5f35d72593a88f0023c8d671,-29.035666,62.071332,null_model_2
