,attention_cost,exp_param,step_size,vm_param,pp_id,ll,AIC,agent_type
0,0.0,0.048228917642704074,0.0,2.337157237647004,5f35e11793a88f0023c8fa8c,-91.83087663941865,189.6617532788373,hill_climbing
