,attention_cost,exp_param,step_size,vm_param,pp_id,ll,AIC,agent_type
0,21.772311412927653,0.08176259066505569,0.09112860106467607,3.6793299687683536,5f35d7da93a88f0023c8d703,-73.768441,155.536882,sparse_max_continuous
