,attention_cost,exp_param,vm_param,pp_id,ll,AIC,agent_type
0,247.84031378118885,0.027624058842048826,4.748709223427387,5f35d63393a88f0023c8d617,-75.783089,157.566178,sparse_lqr
