,b,exp_param,n,vm_param,pp_id,ll,AIC,agent_type
0,1.182066581557693,0.03270466980860151,3.6514492338822526,4.436674876598196,5f35da2c93a88f0023c8db97,-77.63569770000001,163.27139540000002,null_model_1
