,b,exp_param,n,vm_param,pp_id,ll,AIC,agent_type
0,3.5964403993863434,0.08080103983245321,4.008313228852566,1.4294503952641502,5f361ea793a88f0023c90f71,-85.7712734,179.5425468,null_model_1
