,b,exp_param,n,vm_param,pp_id,ll,AIC,agent_type
0,3.4818945682655977,0.0297183950043394,3.330366639130537,2.7592663777591167,5f35d77893a88f0023c8d690,-86.1024649,180.2049298,null_model_1
