,attention_cost,exp_param,step_size,vm_param,pp_id,ll,AIC,agent_type
0,26.93132049024814,0.027405921172082192,1.3926426164549095,4.337311326409548,5f3612ca93a88f0023c909a0,-83.2587,174.5174,sparse_max_discrete
