,b,exp_param,n,vm_param,pp_id,ll,AIC,agent_type
0,0.9940066919897794,0.027184775890841558,1.1132259520831784,2.462110676030459,5f35e0a193a88f0023c8f986,-90.07272289999999,188.14544579999998,null_model_1
