b,exp_param,n,vm_param,pp_id,ll,AIC,agent_type
7.207188489563974,0.0329453928116461,2.427944566356939,4.0893642398400605,5f35d91293a88f0023c8d8e2,-69.24439827209439,146.48879654418877,null_model_1
