,attention_cost,exp_param,step_size,vm_param,pp_id,ll,AIC,agent_type
0,0.0,0.01949045492574411,0.19010729242644825,5.285106340752094,5f35d64293a88f0023c8d61c,-73.04892157656647,152.09784315313294,hill_climbing
