,exp_param,vm_param,pp_id,ll,AIC,agent_type
0,0.016576213169503286,2.4649489700987726,5f3626b693a88f0023c91063,-95.875603,195.751206,null_model_2
