,b,exp_param,n,vm_param,pp_id,ll,AIC,agent_type
0,1.1516876001983802,0.008546593928497267,4.933380935098368,1.8707622546467995,5f35e93693a88f0023c905d9,-118.5818146,245.1636292,null_model_1
