,exp_param,vm_param,pp_id,ll,AIC,agent_type
0,0.003877814119425564,1.7148239433337131,5f35d86c93a88f0023c8d7e9,-120.073766,244.147532,lqr
