,attention_cost,exp_param,vm_param,pp_id,ll,AIC,agent_type
0,175.10228508265612,0.02611387108900647,9.937517192968063,5f35dafe93a88f0023c8de97,-39.302082260913636,82.60416452182727,sparse_lqr
