,b,exp_param,n,vm_param,pp_id,ll,AIC,agent_type
0,37.39945920833151,0.001,1.0,1.1658626794458746,5f35dae093a88f0023c8de20,-134.45546,276.91092,null_model_1
