exp_param,vm_param,pp_id,ll,AIC,agent_type
0.2720267927665056,5.221535872982264,5f360ff993a88f0023c90904,-49.00586437853126,102.01172875706251,null_model_2
