,exp_param,step_size,vm_param,pp_id,ll,AIC,agent_type
0,0.0032210594456086026,0.028256599605761268,2.4696088805483174,5f35d72493a88f0023c8d66f,-116.078935,238.15787,hill_climbing
