,attention_cost,exp_param,step_size,vm_param,pp_id,ll,AIC,agent_type
0,6.477938198288511,0.03168181143465296,0.5972477703263888,3.8787725686335595,5f36107b93a88f0023c9090e,-78.135948,164.271896,sparse_max_continuous
