,b,exp_param,n,vm_param,pp_id,ll,AIC,agent_type
0,0.08493890533018966,0.04550769560181217,2.2175795819612936,7.204025449639612,5f35db0b93a88f0023c8ded5,-66.36399660000001,140.72799320000001,null_model_1
