,b,exp_param,n,vm_param,pp_id,ll,AIC,agent_type
0,8.07275459964426,0.016217451476026674,2.570061612021366,2.41038324648458,5f35d86c93a88f0023c8d7e9,-100.67014,209.34028,null_model_1
