,attention_cost,exp_param,vm_param,pp_id,ll,AIC,agent_type
0,12.907544969366391,0.1165973328802044,3.6987261050426055,5f360ee993a88f0023c908e8,-68.605048,143.210096,sparse_lqr
