attention_cost,exp_param,vm_param,pp_id,ll,AIC,agent_type
169.904048393675,0.0221498531201507,2.6645422883021164,5f35d62693a88f0023c8d611,-88.01793167536596,180.03586335073192,sparse_lqr
