,attention_cost,exp_param,step_size,vm_param,pp_id,ll,AIC,agent_type
0,21.087786583543014,0.021419990591864065,0.004925328401275131,1.5553947974631954,5f35d94f93a88f0023c8d95c,-101.87643,211.75286,sparse_max_continuous
