,attention_cost,exp_param,step_size,vm_param,pp_id,ll,AIC,agent_type
0,0.0,0.008666000308047865,0.6573519170079206,2.506588172794727,5f35d65d93a88f0023c8d629,-96.95325215703488,199.90650431406976,hill_climbing
