,attention_cost,exp_param,vm_param,pp_id,ll,AIC,agent_type
0,243.7705410793145,0.04690166080189823,3.2077898333475217,5f35d63193a88f0023c8d616,-80.6259,165.2518,sparse_lqr
