,attention_cost,exp_param,step_size,vm_param,pp_id,ll,AIC,agent_type
0,9.62051397170572,0.0037037698856805332,0.814525214041881,1.038227341798078,5f35dae093a88f0023c8de20,-127.083389,262.166778,sparse_max_continuous
