,attention_cost,exp_param,vm_param,pp_id,ll,AIC,agent_type
0,101.35728798494911,0.001,6.5022458153012215,5f35e70693a88f0023c90462,-209.131826,424.263652,sparse_lqr
