attention_cost,exp_param,step_size,vm_param,pp_id,ll,AIC,agent_type
25.635076188589903,0.0397051312885253,0.0107550335116799,4.885957957251969,5f362fb593a88f0023c91191,-65.86353294120701,139.72706588241402,sparse_max_continuous
