,exp_param,step_size,vm_param,pp_id,ll,AIC,agent_type
0,0.02075258617466138,0.21612489425214457,1.8462700951425821,5f35d83093a88f0023c8d771,-101.284636,208.569272,hill_climbing
