,exp_param,vm_param,pp_id,ll,AIC,agent_type
0,0.006928066807712945,3.046692710236669,5f35d6ae93a88f0023c8d644,-99.791345,203.58269,lqr
