,exp_param,vm_param,pp_id,ll,AIC,agent_type
0,0.011371828949461812,2.419322419993283,5f35d73993a88f0023c8d677,-100.794264,205.588528,lqr
