,exp_param,step_size,vm_param,pp_id,ll,AIC,agent_type
0,0.015123011996695569,0.32037320921232887,1.7377941285614595,5f35dc7593a88f0023c8e5d3,-107.925397,221.850794,hill_climbing
