,exp_param,step_size,vm_param,pp_id,ll,AIC,agent_type
0,0.05852592210256554,0.008696089376533489,3.1268115615547645,5f35dfdb93a88f0023c8f6da,-83.162822,172.325644,hill_climbing
