,attention_cost,exp_param,step_size,vm_param,pp_id,ll,AIC,agent_type
0,0.0,0.10924912732278255,0.09128778316462743,3.332739621590827,5f35d60a93a88f0023c8d608,-71.10576981328575,148.2115396265715,hill_climbing
