exp_param,vm_param,pp_id,ll,AIC,agent_type
0.0039865570330526,0.2324091340891321,5f361f5693a88f0023c90f72,-138.38106549295225,280.7621309859045,lqr
