,attention_cost,exp_param,step_size,vm_param,pp_id,ll,AIC,agent_type
0,26.30205358446993,0.04240004964829242,0.26112167259556707,3.059316641372977,5f35d65893a88f0023c8d625,-84.731219,177.462438,sparse_max_discrete
