,exp_param,step_size,vm_param,pp_id,ll,AIC,agent_type
0,0.03888235904809539,0.19274782865016232,3.9222127769083084,5f3612ca93a88f0023c909a0,-74.702454,155.404908,hill_climbing
