,attention_cost,exp_param,vm_param,pp_id,ll,AIC,agent_type
0,174.35141893090434,0.008581760941609319,7.926513603991508,5f35d72593a88f0023c8d671,-74.548098,153.096196,sparse_lqr
