,b,exp_param,n,vm_param,pp_id,ll,AIC,agent_type
0,43.43371818740225,0.008009280605297316,1.1838884701598018,2.153427453381326,5f36101b93a88f0023c90907,-104.55498468240528,217.10996936481055,null_model_1
