,attention_cost,exp_param,vm_param,pp_id,ll,AIC,agent_type
0,204.93499106902598,0.03070245090411185,2.546306412115331,5f35d62693a88f0023c8d611,-88.387072,180.774144,sparse_lqr
