,exp_param,vm_param,pp_id,ll,AIC,agent_type
0,0.00806786527752694,1.2810312365275545,5f35d62993a88f0023c8d613,-119.0282,242.0564,null_model_2
