,attention_cost,exp_param,step_size,vm_param,pp_id,ll,AIC,agent_type
0,0.02988063113074091,0.012905998861113554,0.7624739884959006,3.8202637516888482,5f35d83993a88f0023c8d78b,-94.800309,197.600618,sparse_max_continuous
