exp_param,vm_param,pp_id,ll,AIC,agent_type
0.0083026739573696,0.9968491217134944,5f35d6af93a88f0023c8d646,-122.9899641871941,249.9799283743882,lqr
