,attention_cost,exp_param,step_size,vm_param,pp_id,ll,AIC,agent_type
0,23.134179223776542,0.003995217108638532,0.017865015837572884,1.847099481916299,5f35d72493a88f0023c8d66f,-116.404122,240.808244,sparse_max_continuous
