,attention_cost,exp_param,vm_param,pp_id,ll,AIC,agent_type
0,29.832168874676768,0.115919977038196,3.734071317371953,5f35d73d93a88f0023c8d679,-65.685465,137.37093,sparse_lqr
