,exp_param,vm_param,pp_id,ll,AIC,agent_type
0,0.010303520255141713,3.05814005447497,5f35db0c93a88f0023c8deda,-93.457111,190.914222,null_model_2
