,attention_cost,exp_param,step_size,vm_param,pp_id,ll,AIC,agent_type
0,8.094607018897545,0.6223745862199576,0.5140163703127903,3.4946363621748757,5f35d74293a88f0023c8d67c,-57.937928,123.875856,sparse_max_discrete
