,attention_cost,exp_param,vm_param,pp_id,ll,AIC,agent_type
0,269.017189564679,0.07576702786579899,4.736652739223931,5f361ea793a88f0023c90f71,-66.424176,138.848352,sparse_lqr
