,attention_cost,exp_param,step_size,vm_param,pp_id,ll,AIC,agent_type
0,0.0,0.040438289822977855,0.5571250816713942,5.702424308089919,5f35d63193a88f0023c8d616,-67.0549,140.1098,hill_climbing
