,attention_cost,exp_param,step_size,vm_param,pp_id,ll,AIC,agent_type
0,0.0,0.14886464077461278,0.3178882004410582,2.176778555976769,5f35d7f393a88f0023c8d71a,-77.253029,160.506058,hill_climbing
