,attention_cost,exp_param,step_size,vm_param,pp_id,ll,AIC,agent_type
0,0.0,0.004773085450472948,0.6655176091096338,1.759544692805114,5f35d62993a88f0023c8d613,-114.91124527528524,235.82249055057048,hill_climbing
