,attention_cost,exp_param,step_size,vm_param,pp_id,ll,AIC,agent_type
0,5.288614365611667,0.001,0.6794849368853598,2.7499951164345116,5f35dba493a88f0023c8e193,-106.730195,221.46039,sparse_max_continuous
