,exp_param,vm_param,pp_id,ll,AIC,agent_type
0,0.03635567613655553,9.952117488270243,5f360f1993a88f0023c908ea,-51.839049,107.678098,null_model_2
