,attention_cost,exp_param,step_size,vm_param,pp_id,ll,AIC,agent_type
0,24.43857543784966,0.05505954666367589,0.19576600700889896,8.424458099564136,5f35d7d693a88f0023c8d6f7,-49.684968,107.369936,sparse_max_discrete
