,exp_param,vm_param,pp_id,ll,AIC,agent_type
0,0.0021618063940154067,1.6042275484308322,5f35d90b93a88f0023c8d8cf,-126.923419,257.846838,lqr
