b,exp_param,n,vm_param,pp_id,ll,AIC,agent_type
2.946706627471156,0.0712631081739097,2.8960251599522184,3.4916741295707734,5f35d78493a88f0023c8d69f,-72.26942113559397,152.53884227118797,null_model_1
