,attention_cost,exp_param,step_size,vm_param,pp_id,ll,AIC,agent_type
0,0.0,0.01666002681109843,0.008207729498216557,5.152509621815272,5f35d83093a88f0023c8d771,-73.59177,153.18354,hill_climbing
