,attention_cost,exp_param,step_size,vm_param,pp_id,ll,AIC,agent_type
0,9.306265406147034,0.04921241448619788,0.8319918786638896,4.308031587692471,5f35d73993a88f0023c8d677,-69.005128,146.010256,sparse_max_discrete
