,attention_cost,exp_param,step_size,vm_param,pp_id,ll,AIC,agent_type
0,1.9360219331924822,0.010228474381484467,0.035921198394026355,5.243026188907798,5f35db0c93a88f0023c8deda,-79.38407,166.76814,sparse_max_discrete
