,attention_cost,exp_param,step_size,vm_param,pp_id,ll,AIC,agent_type
0,7.716456960879489,0.10130741086281701,0.8703214129601096,2.0997759807459127,5f35d60393a88f0023c8d605,-76.81788710711301,161.63577421422602,sparse_max_discrete
