b,exp_param,n,vm_param,pp_id,ll,AIC,agent_type
1.6895990629888549,0.0369754963457444,2.3727348150982923,2.7909791479864388,5f35d71c93a88f0023c8d66e,-83.40863598379272,174.81727196758544,null_model_1
