,attention_cost,exp_param,step_size,vm_param,pp_id,ll,AIC,agent_type
0,0.0,0.08312664239634034,0.2174038427248532,9.910148638955322,5f35d88193a88f0023c8d7ff,-33.822372,73.644744,hill_climbing
