,attention_cost,exp_param,step_size,vm_param,pp_id,ll,AIC,agent_type
0,5.12175377696657,0.029262669616596113,0.2654668650095661,4.64068710288715,5f35d65893a88f0023c8d625,-67.532549,143.065098,sparse_max_discrete
