,attention_cost,exp_param,vm_param,pp_id,ll,AIC,agent_type
0,164.32832629350074,0.01752155910354465,1.513307187356504,5f35dc7593a88f0023c8e5d3,-107.431595,220.86319,sparse_lqr
