,exp_param,vm_param,pp_id,ll,AIC,agent_type
0,0.01961244394122582,4.179200615065575,5f35d78293a88f0023c8d697,-79.74857662301669,163.49715324603338,null_model_2
