,attention_cost,exp_param,step_size,vm_param,pp_id,ll,AIC,agent_type
0,0.0,0.029801075669750838,0.2223842831061153,9.840887353919934,5f35dafe93a88f0023c8de97,-37.4708,80.9416,hill_climbing
