,attention_cost,exp_param,step_size,vm_param,pp_id,ll,AIC,agent_type
0,17.601444538087687,0.37286554963455937,0.6811095957531552,3.269677084180434,5f35d73d93a88f0023c8d679,-55.069866,118.139732,sparse_max_discrete
