,exp_param,vm_param,pp_id,ll,AIC,agent_type
0,0.012757122552134712,3.1601721979311836,5f35d81193a88f0023c8d742,-91.6314,187.2628,null_model_2
