,attention_cost,exp_param,step_size,vm_param,pp_id,ll,AIC,agent_type
0,0.0,0.03542390203413934,0.14575067561898586,7.253726793413364,5f362fb593a88f0023c91191,-58.22004085293551,122.44008170587102,hill_climbing
