,b,exp_param,n,vm_param,pp_id,ll,AIC,agent_type
0,1.2885002908228451,0.001,4.99999997810239,3.097682592644985,5f35e70693a88f0023c90462,-195.3940504,398.7881008,null_model_1
