,attention_cost,exp_param,step_size,vm_param,pp_id,ll,AIC,agent_type
0,29.04117101323616,0.003402834190229874,0.26178937034196254,2.3084874020659774,5f36101b93a88f0023c90907,-105.961565,219.92313,sparse_max_continuous
