,attention_cost,exp_param,step_size,vm_param,pp_id,ll,AIC,agent_type
0,6.369719611990334,0.0033550479532561133,0.2897601933106368,2.045846248945563,5f35e94193a88f0023c905da,-105.373433,218.746866,sparse_max_continuous
