,attention_cost,exp_param,step_size,vm_param,pp_id,ll,AIC,agent_type
0,7.664441612839825,0.021065725023533856,0.135311321598858,3.3932172003156325,5f3612ca93a88f0023c909a0,-82.54792462184696,173.09584924369392,sparse_max_continuous
