,exp_param,vm_param,pp_id,ll,AIC,agent_type
0,0.001822714089777098,1.1022503629252844,5f35d71c93a88f0023c8d66e,-136.591021,277.182042,lqr
