,attention_cost,exp_param,step_size,vm_param,pp_id,ll,AIC,agent_type
0,3.4319980248081383,0.0669269041456476,0.8743963514573989,5.35529596663483,5f35d73993a88f0023c8d677,-61.786501,131.573002,sparse_max_discrete
