,b,exp_param,n,vm_param,pp_id,ll,AIC,agent_type
0,2.970244929094454,0.03388214232177397,2.423206008470902,2.364739018395765,5f35d63193a88f0023c8d616,-86.4581855,180.916371,null_model_1
