,attention_cost,exp_param,step_size,vm_param,pp_id,ll,AIC,agent_type
0,0.6063015771348912,0.04811455523101028,0.7383583772533995,4.776918035281548,5f35d83993a88f0023c8d78b,-80.544395,169.08879,sparse_max_continuous
