,attention_cost,exp_param,step_size,vm_param,pp_id,ll,AIC,agent_type
0,24.51974285940924,0.0394594451959005,0.016219220347856167,9.924131298831902,5f35d61893a88f0023c8d60c,-53.58249,115.16498,sparse_max_continuous
