,exp_param,vm_param,pp_id,ll,AIC,agent_type
0,0.007620961980573722,2.4917838805101833,5f35d7d693a88f0023c8d6f7,-103.113006,210.226012,lqr
