,attention_cost,exp_param,vm_param,pp_id,ll,AIC,agent_type
0,96.2653174140949,0.16304622217113077,2.268973770405023,5f35d73d93a88f0023c8d679,-81.22232399477713,166.44464798955426,sparse_lqr
