attention_cost,exp_param,step_size,vm_param,pp_id,ll,AIC,agent_type
1.2338203349962362,0.001140866020348,0.0704662441874687,3.5738470111049745,5f360ea493a88f0023c908e6,-112.61426416646566,233.2285283329313,sparse_max_discrete
