,attention_cost,exp_param,vm_param,pp_id,ll,AIC,agent_type
0,66.85245592592999,0.02143682985154598,3.499811589484759,5f35d62693a88f0023c8d611,-88.1304,180.2608,sparse_lqr
