,exp_param,step_size,vm_param,pp_id,ll,AIC,agent_type
0,0.11256257583177487,0.76104278755815,1.7069423880912904,5f361f5693a88f0023c90f72,-85.284212,176.568424,hill_climbing
