,b,exp_param,n,vm_param,pp_id,ll,AIC,agent_type
0,4.9791250583391715,0.021954695410020222,4.10352304278223,5.219294914564471,5f35d65893a88f0023c8d625,-79.73167,167.46334,null_model_1
