,attention_cost,exp_param,step_size,vm_param,pp_id,ll,AIC,agent_type
0,20.35963354999982,0.03324878972111399,0.06016998196367224,8.709789554219217,5f35d7d393a88f0023c8d6f4,-45.797158,99.594316,sparse_max_continuous
