,attention_cost,exp_param,step_size,vm_param,pp_id,ll,AIC,agent_type
0,26.009373656482197,0.02559294569312593,0.45531599051779587,3.1954959190258645,5f35d8e393a88f0023c8d887,-79.426671,166.853342,sparse_max_discrete
