attention_cost,exp_param,step_size,vm_param,pp_id,ll,AIC,agent_type
10.353477443402436,0.1607588698006939,0.6665222361691908,0.8377495384546052,5f35d80893a88f0023c8d735,-88.66503011669965,185.3300602333993,sparse_max_continuous
