,attention_cost,exp_param,step_size,vm_param,pp_id,ll,AIC,agent_type
0,9.669516230911013,0.012866535646444213,0.9888299195336889,1.6632108127225886,5f35d65d93a88f0023c8d629,-106.639253,221.278506,sparse_max_discrete
