,attention_cost,exp_param,step_size,vm_param,pp_id,ll,AIC,agent_type
0,22.42003511012185,0.053406951454732315,0.03106085065223463,6.6255321259327395,5f361ea793a88f0023c90f71,-65.166746,138.333492,sparse_max_continuous
