,attention_cost,exp_param,step_size,vm_param,pp_id,ll,AIC,agent_type
0,0.0,0.0010001618631786157,2.4303780572897907e-07,3.779949701754916,5f35e70693a88f0023c90462,-195.6127,397.2254,hill_climbing
