exp_param,vm_param,pp_id,ll,AIC,agent_type
0.0062282696494096,2.3583763918560274,5f35e93693a88f0023c905d9,-108.05182922139768,220.1036584427953,null_model_2
