,exp_param,vm_param,pp_id,ll,AIC,agent_type
0,0.04106217357441489,9.965313848376358,5f35d6bc93a88f0023c8d64b,-37.146144336415404,78.29228867283081,null_model_2
