,exp_param,vm_param,pp_id,ll,AIC,agent_type
0,0.051961089246276286,6.252587889872312,5f35d90b93a88f0023c8d8cf,-61.68372687883096,127.36745375766192,null_model_2
