,attention_cost,exp_param,step_size,vm_param,pp_id,ll,AIC,agent_type
0,18.577194745045094,0.028563471696967276,0.6707391617359206,1.7571591489411031,5f35d8b893a88f0023c8d833,-94.699454,197.398908,sparse_max_discrete
