,exp_param,vm_param,pp_id,ll,AIC,agent_type
0,0.011781688314830376,2.440598309519515,5f35d6aa93a88f0023c8d642,-100.533644,205.067288,null_model_2
