,b,exp_param,n,vm_param,pp_id,ll,AIC,agent_type
0,1.991295326312951,0.016428345914250814,2.2207039589021864,9.09212166914633,5f35d72f93a88f0023c8d675,-48.033936,104.067872,null_model_1
