,attention_cost,exp_param,step_size,vm_param,pp_id,ll,AIC,agent_type
0,0.0,0.05642660839131118,0.19375682547235348,4.0210975913747875,5f35df8793a88f0023c8f599,-80.597784,167.195568,hill_climbing
