,exp_param,vm_param,pp_id,ll,AIC,agent_type
0,0.0756150157771031,5.741668672447212,5f35d80393a88f0023c8d729,-60.365676,124.731352,null_model_2
