,exp_param,vm_param,pp_id,ll,AIC,agent_type
0,0.00574809412063088,1.4313817627835956,5f35d7a693a88f0023c8d6b2,-119.652165,243.30433,null_model_2
