,attention_cost,exp_param,step_size,vm_param,pp_id,ll,AIC,agent_type
0,0.0,0.019444895937539567,0.47580136709544524,4.895927739025431,5f36121793a88f0023c9095f,-69.79232,145.58464,hill_climbing
