,attention_cost,exp_param,step_size,vm_param,pp_id,ll,AIC,agent_type
0,0.0,0.0787800674452018,0.464582854755511,1.8762253717576363,5f35dfdb93a88f0023c8f6da,-89.7311,185.4622,hill_climbing
