attention_cost,exp_param,step_size,vm_param,pp_id,ll,AIC,agent_type
8.613997558929348,0.0775299140349866,0.1141840769405459,7.677697089248635,5f35d97e93a88f0023c8d9d4,-47.218952878058616,102.43790575611725,sparse_max_discrete
