,exp_param,vm_param,pp_id,ll,AIC,agent_type
0,0.0022117570909581507,1.5053309844873841,5f35d77893a88f0023c8d690,-128.39723,260.79446,lqr
