,attention_cost,exp_param,step_size,vm_param,pp_id,ll,AIC,agent_type
0,3.1581204871292092,0.018275560823790556,0.4708584742574472,1.114098305885064,5f35d8b893a88f0023c8d833,-106.348494,220.696988,sparse_max_continuous
