,exp_param,vm_param,pp_id,ll,AIC,agent_type
0,0.0017328897143451044,2.408912750053535,5f36101b93a88f0023c90907,-119.512907,243.025814,lqr
