,b,exp_param,n,vm_param,pp_id,ll,AIC,agent_type
0,19.934615121179625,0.009135776192352101,1.8255556017104446,1.7230684404585317,5f35dc7593a88f0023c8e5d3,-109.86271620000002,227.72543240000005,null_model_1
