,exp_param,vm_param,pp_id,ll,AIC,agent_type
0,0.006029420999016095,4.155177422631416,5f35d7fa93a88f0023c8d725,-92.600847,189.201694,lqr
