,exp_param,vm_param,pp_id,ll,AIC,agent_type
0,0.02728448858148802,2.138828046253524,5f35d79293a88f0023c8d6a1,-94.310209,192.620418,lqr
