,attention_cost,exp_param,vm_param,pp_id,ll,AIC,agent_type
0,41.91412336211883,0.032834680553960674,2.116106579461446,5f35d84893a88f0023c8d7af,-99.75645930948781,203.51291861897562,sparse_lqr
