,attention_cost,exp_param,step_size,vm_param,pp_id,ll,AIC,agent_type
0,27.692910948590924,0.033979569153532174,1.455520018864649,2.542154053161103,5f35e0a193a88f0023c8f986,-87.99366,183.98732,sparse_max_discrete
