,attention_cost,exp_param,step_size,vm_param,pp_id,ll,AIC,agent_type
0,16.465866493537366,0.003699631187735227,0.4158668011435817,1.6707571401909393,5f35dba493a88f0023c8e193,-124.656198,257.31239600000004,sparse_max_discrete
