,attention_cost,exp_param,step_size,vm_param,pp_id,ll,AIC,agent_type
0,0.0,0.01155380776771893,0.00016273130083388967,4.310063157558563,5f35d7f093a88f0023c8d716,-85.62265971824434,177.24531943648867,hill_climbing
