,exp_param,step_size,vm_param,pp_id,ll,AIC,agent_type
0,0.0887955198487351,0.29185341265136655,2.946639581590361,5f35da6493a88f0023c8dc69,-73.634524,153.269048,hill_climbing
