,exp_param,step_size,vm_param,pp_id,ll,AIC,agent_type
0,0.09412161115744092,0.26573838642757147,9.932664390738026,5f35d76793a88f0023c8d689,-42.525976,91.051952,hill_climbing
