,attention_cost,exp_param,step_size,vm_param,pp_id,ll,AIC,agent_type
0,5.7690494366996115,0.3415114571457148,0.8933785221227051,1.8103947352654326,5f35dcae93a88f0023c8e7a3,-84.754,177.508,sparse_max_discrete
