attention_cost,exp_param,step_size,vm_param,pp_id,ll,AIC,agent_type
15.501190793028364,0.0320659783800923,0.8567636087793502,1.804685089951156,5f35dab593a88f0023c8dda2,-90.24877693343248,188.49755386686496,sparse_max_continuous
