,exp_param,step_size,vm_param,pp_id,ll,AIC,agent_type
0,0.07202897037089026,0.47617672849022696,9.360742118226698,5f35d91293a88f0023c8d8e2,-52.019951,110.039902,hill_climbing
