,exp_param,step_size,vm_param,pp_id,ll,AIC,agent_type
0,0.03272902756155224,0.30626342430353504,9.861498740185809,5f35d7fa93a88f0023c8d725,-40.927508,87.855016,hill_climbing
