attention_cost,exp_param,step_size,vm_param,pp_id,ll,AIC,agent_type
16.791509461624273,0.0135434241789567,0.1079614195342301,9.67276330000272,5f35d65393a88f0023c8d623,-64.32410522955732,136.64821045911464,sparse_max_continuous
