,attention_cost,exp_param,step_size,vm_param,pp_id,ll,AIC,agent_type
0,0.0,0.03223238898655849,0.032872407328408494,2.4129858161644466,5f35d61893a88f0023c8d60c,-88.00549063031258,182.01098126062516,hill_climbing
