exp_param,vm_param,pp_id,ll,AIC,agent_type
0.0181779583069283,3.420063001444169,5f35df1293a88f0023c8f3db,-86.52829282608624,177.0565856521725,null_model_2
