,attention_cost,exp_param,step_size,vm_param,pp_id,ll,AIC,agent_type
0,0.0,0.09144478892059472,0.441578647853198,6.255098266147645,5f35d80393a88f0023c8d729,-46.84184856148276,99.68369712296553,hill_climbing
