,attention_cost,exp_param,vm_param,pp_id,ll,AIC,agent_type
0,61.775209035422826,0.057473836619158634,4.190582957197778,5f35e11793a88f0023c8fa8c,-67.406382,140.812764,sparse_lqr
