,exp_param,vm_param,pp_id,ll,AIC,agent_type
0,0.0076911804822201975,2.303438271020566,5f35d6b193a88f0023c8d648,-105.614661,215.229322,lqr
