,attention_cost,exp_param,step_size,vm_param,pp_id,ll,AIC,agent_type
0,10.505588938407707,0.014305267590976826,0.03988300780289972,2.9913307897850427,5f35d86c93a88f0023c8d7e9,-101.220699,210.441398,sparse_max_continuous
