,attention_cost,exp_param,vm_param,pp_id,ll,AIC,agent_type
0,61.27836823172894,0.025055883798609055,3.0533394912611636,5f36121793a88f0023c9095f,-76.827934,157.655868,sparse_lqr
