,attention_cost,exp_param,step_size,vm_param,pp_id,ll,AIC,agent_type
0,0.0,0.1225788476845655,0.2654295796440214,4.79644864255063,5f35d63193a88f0023c8d616,-59.058324,124.116648,hill_climbing
