,attention_cost,exp_param,step_size,vm_param,pp_id,ll,AIC,agent_type
0,7.897752188817818,0.09377710790838001,0.6688683808424291,5.063257897883448,5f362dee93a88f0023c91131,-66.490384,140.980768,sparse_max_discrete
