attention_cost,exp_param,step_size,vm_param,pp_id,ll,AIC,agent_type
0.0,0.0311371563854134,0.0097817018955161,8.305794789944745,5f35d93793a88f0023c8d930,-61.66231790729052,129.32463581458103,hill_climbing
