,attention_cost,exp_param,vm_param,pp_id,ll,AIC,agent_type
0,263.72512784189945,0.05432771459692001,4.6910683715847465,5f361ea793a88f0023c90f71,-66.43949,138.87898,sparse_lqr
