,attention_cost,exp_param,vm_param,pp_id,ll,AIC,agent_type
0,196.14936917261366,0.016037049293785025,1.70515344552439,5f35dc7593a88f0023c8e5d3,-107.087927,220.175854,sparse_lqr
