,exp_param,vm_param,pp_id,ll,AIC,agent_type
0,0.03642398846950763,6.127957869770956,5f35d88193a88f0023c8d7ff,-65.785465,135.57093,lqr
