,b,exp_param,n,vm_param,pp_id,ll,AIC,agent_type
0,2.3265708295677587,0.007879499257505657,1.5332826298013895,2.281469011568882,5f35e94193a88f0023c905da,-104.53786410000001,217.07572820000001,null_model_1
