b,exp_param,n,vm_param,pp_id,ll,AIC,agent_type
8.682778337658128,0.0195576259752321,1.280088574876889,4.863451109370319,5f35d83093a88f0023c8d771,-80.550935403706,169.101870807412,null_model_1
