,exp_param,vm_param,pp_id,ll,AIC,agent_type
0,0.0010620764872424783,1.3352240753473177,5f35d70093a88f0023c8d662,-138.691574,281.383148,lqr
