,attention_cost,exp_param,vm_param,pp_id,ll,AIC,agent_type
0,192.42097144292447,0.03272687511122083,4.296848584197557,5f35d65893a88f0023c8d625,-76.123908,158.247816,sparse_lqr
