attention_cost,exp_param,vm_param,pp_id,ll,AIC,agent_type
225.87777449398263,0.0083116503585359,3.2825610365078086,5f36101b93a88f0023c90907,-97.82641871384214,199.6528374276843,sparse_lqr
