,b,exp_param,n,vm_param,pp_id,ll,AIC,agent_type
0,1.4696315106718594,0.04874005172186254,1.9868581249961172,5.237255913769183,5f35d63193a88f0023c8d616,-72.49060389999998,152.98120779999996,null_model_1
