,b,exp_param,n,vm_param,pp_id,ll,AIC,agent_type
0,3.610841706759743,0.012650740095314663,2.295122756944965,7.902260929626897,5f35d7fa93a88f0023c8d725,-60.4666683,128.93333660000002,null_model_1
