,exp_param,vm_param,pp_id,ll,AIC,agent_type
0,0.015137428798431114,1.995356082354247,5f35d83093a88f0023c8d771,-102.126202,208.252404,null_model_2
