,attention_cost,exp_param,step_size,vm_param,pp_id,ll,AIC,agent_type
0,0.0,0.07754021518852328,0.03296671450182764,2.5684786910941506,5f361ea793a88f0023c90f71,-86.301306,178.602612,hill_climbing
