attention_cost,exp_param,step_size,vm_param,pp_id,ll,AIC,agent_type
10.151382536353664,0.0952312087569878,0.0342642003795621,3.013062110611222,5f35d60a93a88f0023c8d608,-71.77100220362063,151.54200440724125,sparse_max_discrete
