,attention_cost,exp_param,step_size,vm_param,pp_id,ll,AIC,agent_type
0,0.0,0.08738449957096625,0.6328616931526778,9.642839688850838,5f35d72f93a88f0023c8d675,-40.415661,86.831322,hill_climbing
