,attention_cost,exp_param,step_size,vm_param,pp_id,ll,AIC,agent_type
0,27.854288146969736,0.029072612633051567,1.4040608499524354,3.6794604647904237,5f3612ca93a88f0023c909a0,-81.64100184511622,171.28200369023244,sparse_max_discrete
