,attention_cost,exp_param,vm_param,pp_id,ll,AIC,agent_type
0,99.35967574022378,0.001,1.6069775921570275,5f35dba493a88f0023c8e193,-119.342988,242.685976,sparse_lqr
