,exp_param,vm_param,pp_id,ll,AIC,agent_type
0,0.003120179923907277,0.9812083219026813,5f35d80393a88f0023c8d729,-133.1060091516721,270.2120183033442,lqr
