,attention_cost,exp_param,vm_param,pp_id,ll,AIC,agent_type
0,115.98255994461434,0.03240940738738548,3.2146221871972847,5f35e0a193a88f0023c8f986,-79.4889,162.9778,sparse_lqr
