,attention_cost,exp_param,step_size,vm_param,pp_id,ll,AIC,agent_type
0,0.0017213299830542983,0.047222319299354956,0.01610971099794417,7.0698219442978125,5f35db9193a88f0023c8e13f,-56.55301548898905,121.1060309779781,sparse_max_discrete
