,attention_cost,exp_param,step_size,vm_param,pp_id,ll,AIC,agent_type
0,0.0,0.05885323797497612,0.04807275372661157,5.4637040674262725,5f35d7d693a88f0023c8d6f7,-65.034819,136.069638,hill_climbing
