attention_cost,exp_param,step_size,vm_param,pp_id,ll,AIC,agent_type
21.769276364846068,0.0268998669914856,0.6922818798706718,2.8130127253681136,5f3626b693a88f0023c91063,-84.87860459409322,177.75720918818644,sparse_max_continuous
