,attention_cost,exp_param,step_size,vm_param,pp_id,ll,AIC,agent_type
0,7.050119359378064,0.023203589515719675,0.0012408845530750834,9.60531122627714,5f35d78293a88f0023c8d697,-52.199145,112.39829,sparse_max_discrete
