,attention_cost,exp_param,vm_param,pp_id,ll,AIC,agent_type
0,77.88900303712329,0.038890769062660986,9.831747999153041,5f35d77893a88f0023c8d691,-50.241571,104.483142,sparse_lqr
