,attention_cost,exp_param,step_size,vm_param,pp_id,ll,AIC,agent_type
0,0.0,0.02007555699319486,0.7333082074247828,5.197039737626853,5f35d63193a88f0023c8d616,-68.130195,142.26039,hill_climbing
