,exp_param,vm_param,pp_id,ll,AIC,agent_type
0,0.027961935846355895,1.720701345459562,5f35d84893a88f0023c8d7af,-100.1153,204.2306,null_model_2
