,attention_cost,exp_param,vm_param,pp_id,ll,AIC,agent_type
0,26.46325967382421,0.0919769025926039,9.681657477177088,5f35d82093a88f0023c8d751,-51.631617,109.263234,sparse_lqr
