exp_param,vm_param,pp_id,ll,AIC,agent_type
0.0315675350784766,1.3001918524351053,5f35d77893a88f0023c8d690,-104.61251088278404,213.2250217655681,null_model_2
