,exp_param,step_size,vm_param,pp_id,ll,AIC,agent_type
0,0.0391559715150205,0.6258426643346008,3.9044168709315055,5f35d64293a88f0023c8d61c,-76.47952,158.95904,hill_climbing
