,exp_param,step_size,vm_param,pp_id,ll,AIC,agent_type
0,0.01927666837707173,0.16432515434053008,4.5672719145866285,5f35d76593a88f0023c8d688,-81.356203,168.712406,hill_climbing
