,attention_cost,exp_param,step_size,vm_param,pp_id,ll,AIC,agent_type
0,16.171955944561024,0.08816477618935925,0.21878758739628884,3.9993933208753987,5f35d82093a88f0023c8d751,-55.1385,118.277,sparse_max_discrete
