,b,exp_param,n,vm_param,pp_id,ll,AIC,agent_type
0,3.768215311643305,0.047393260238264984,2.727668208464845,6.455444523358764,5f35d6bc93a88f0023c8d64b,-66.78502259999999,141.57004519999998,null_model_1
