,attention_cost,exp_param,vm_param,pp_id,ll,AIC,agent_type
0,246.5118752728655,0.0290883371117112,2.2276637974911373,5f35d84893a88f0023c8d7af,-91.30469,188.60938,sparse_lqr
