,exp_param,vm_param,pp_id,ll,AIC,agent_type
0,0.06294361509428803,1.055639912893409,5f35e37d93a88f0023c8ffdc,-101.866884,207.733768,null_model_2
