attention_cost,exp_param,step_size,vm_param,pp_id,ll,AIC,agent_type
18.861902252559357,0.0132366937687225,0.0901807809524851,1.6382508739121782,5f35d6aa93a88f0023c8d642,-111.67229821542116,231.34459643084236,sparse_max_continuous
