,b,exp_param,n,vm_param,pp_id,ll,AIC,agent_type
0,0.9408916432320391,0.010776852675905505,1.7766883176017991,6.212186645308631,5f35d78293a88f0023c8d697,-62.7128871,133.4257742,null_model_1
