exp_param,vm_param,pp_id,ll,AIC,agent_type
0.053873335397692,1.2324084632552723,5f35d60393a88f0023c8d605,-100.93547794285276,205.87095588570557,lqr
