,exp_param,vm_param,pp_id,ll,AIC,agent_type
0,0.020430262706173246,1.210916431008544,5f35d67e93a88f0023c8d634,-110.876004,225.752008,null_model_2
