attention_cost,exp_param,vm_param,pp_id,ll,AIC,agent_type
270.5493626087254,0.0569693796602581,5.694493599741115,5f35d6b193a88f0023c8d648,-65.68959287842357,135.37918575684714,sparse_lqr
