,exp_param,vm_param,pp_id,ll,AIC,agent_type
0,0.0909661751097073,2.399182964832669,5f35da6493a88f0023c8dc69,-79.726528,163.453056,null_model_2
