,attention_cost,exp_param,step_size,vm_param,pp_id,ll,AIC,agent_type
0,0.0,0.10001936059615392,0.6181901333905744,9.235336442351917,5f35d64493a88f0023c8d61e,-48.904532,103.809064,hill_climbing
