,exp_param,vm_param,pp_id,ll,AIC,agent_type
0,0.08846187308228014,9.999238941581941,5f35d79293a88f0023c8d6a1,-43.194529,90.389058,null_model_2
