,attention_cost,exp_param,vm_param,pp_id,ll,AIC,agent_type
0,196.08882094173282,0.04265248530353544,2.3750643020552853,5f35d74693a88f0023c8d67e,-90.453283,186.906566,sparse_lqr
