attention_cost,exp_param,step_size,vm_param,pp_id,ll,AIC,agent_type
19.584827409155288,0.0095553880567557,0.6720263499244672,1.933418423717632,5f35d65d93a88f0023c8d629,-95.90425393410446,199.8085078682089,sparse_max_discrete
