,attention_cost,exp_param,step_size,vm_param,pp_id,ll,AIC,agent_type
0,20.939835461252027,0.031285559572839884,0.36078346652958815,3.690759576298759,5f3612ca93a88f0023c909a0,-75.719824,159.439648,sparse_max_discrete
