,attention_cost,exp_param,step_size,vm_param,pp_id,ll,AIC,agent_type
0,14.705859367326951,0.04643666352462378,0.417492196270353,6.399745691089123,5f35d63393a88f0023c8d617,-72.847051,153.694102,sparse_max_discrete
