,b,exp_param,n,vm_param,pp_id,ll,AIC,agent_type
0,0.9940066919897794,0.027184775890841558,1.1132259520831784,2.462110676030459,5f35da6493a88f0023c8dc69,-83.56763930000001,175.13527860000002,null_model_1
