,attention_cost,exp_param,step_size,vm_param,pp_id,ll,AIC,agent_type
0,0.6891944722181106,0.001,0.0,3.8766455460949323,5f35e70693a88f0023c90462,-191.3720553283964,390.7441106567928,sparse_max_continuous
