,b,exp_param,n,vm_param,pp_id,ll,AIC,agent_type
0,7.745474306334555,0.01187784506967551,4.033113041907985,3.199528380776784,5f35df1293a88f0023c8f3db,-95.37237414812739,198.74474829625478,null_model_1
