,exp_param,step_size,vm_param,pp_id,ll,AIC,agent_type
0,0.028272553841188965,1.5,1.6369778052694464,5f35d67e93a88f0023c8d634,-106.418024,218.836048,hill_climbing
