,b,exp_param,n,vm_param,pp_id,ll,AIC,agent_type
0,1.0383740022310373,0.010597745306695952,4.8346267166592,1.9926098441120599,5f360f4693a88f0023c908ef,-114.58700207637523,237.17400415275046,null_model_1
