,attention_cost,exp_param,step_size,vm_param,pp_id,ll,AIC,agent_type
0,9.989363622229392,0.011376250864981546,0.33586551226400746,4.341878423402968,5f35d68993a88f0023c8d637,-83.611147,175.222294,sparse_max_discrete
