,attention_cost,exp_param,vm_param,pp_id,ll,AIC,agent_type
0,47.78773451951503,0.044207540860522206,3.8717655693222133,5f36121793a88f0023c9095f,-66.330164,138.660328,sparse_lqr
