,attention_cost,exp_param,step_size,vm_param,pp_id,ll,AIC,agent_type
0,0.0,0.11216963165998224,0.5598192065486403,4.990223152098661,5f35d82093a88f0023c8d751,-62.57033446424349,131.14066892848697,hill_climbing
