,attention_cost,exp_param,step_size,vm_param,pp_id,ll,AIC,agent_type
0,10.566753307297375,0.011021178600260258,0.03587901637688795,1.8330415500275565,5f36101b93a88f0023c90907,-104.285848,216.571696,sparse_max_continuous
