,attention_cost,exp_param,step_size,vm_param,pp_id,ll,AIC,agent_type
0,27.912285569417325,0.001,0.0,3.809841211460611,5f35e70693a88f0023c90462,-191.369807,390.739614,sparse_max_continuous
