,exp_param,vm_param,pp_id,ll,AIC,agent_type
0,0.0017561654390109973,1.7457098492592726,5f35db0c93a88f0023c8deda,-127.291932,258.583864,lqr
