,attention_cost,exp_param,step_size,vm_param,pp_id,ll,AIC,agent_type
0,0.0,0.030369095871376258,0.5268545603111611,2.86525870522758,5f35e76793a88f0023c90491,-90.729527,187.459054,hill_climbing
