,attention_cost,exp_param,step_size,vm_param,pp_id,ll,AIC,agent_type
0,2.2325228165699573,0.017151052610080077,0.3133345636746395,2.8511965557440555,5f35d71a93a88f0023c8d66c,-82.987707,173.975414,sparse_max_discrete
