,exp_param,vm_param,pp_id,ll,AIC,agent_type
0,0.0024601217557337967,1.2793988863954142,5f362fb593a88f0023c91191,-130.806656,265.613312,lqr
