,exp_param,vm_param,pp_id,ll,AIC,agent_type
0,0.002822824036897381,1.8328448454994095,5f35d83093a88f0023c8d771,-120.497075,244.99415,lqr
