,attention_cost,exp_param,step_size,vm_param,pp_id,ll,AIC,agent_type
0,0.0,0.19760445602514168,0.07747705124869113,9.76546646886096,5f360ff993a88f0023c90904,-35.864686,77.729372,hill_climbing
