,attention_cost,exp_param,step_size,vm_param,pp_id,ll,AIC,agent_type
0,0.0,0.05747300624997153,0.10141441949164183,9.276602870665533,5f35d7d693a88f0023c8d6f7,-52.13827,110.27654,hill_climbing
