,attention_cost,exp_param,step_size,vm_param,pp_id,ll,AIC,agent_type
0,8.082818617980958,0.07637312447108775,0.8719293904153137,4.1687101341143675,5f35d73993a88f0023c8d677,-62.473469,132.946938,sparse_max_discrete
