attention_cost,exp_param,step_size,vm_param,pp_id,ll,AIC,agent_type
0.0,0.0052190544604817,0.000146362474812,2.722664300364277,5f36101b93a88f0023c90907,-99.86897519796112,205.73795039592227,hill_climbing
