,attention_cost,exp_param,vm_param,pp_id,ll,AIC,agent_type
0,211.19787818577126,0.01187408652930633,4.1132677860735365,5f35db0c93a88f0023c8deda,-92.46747199456301,188.93494398912603,sparse_lqr
