,exp_param,vm_param,pp_id,ll,AIC,agent_type
0,0.0157302314850282,1.732321049003634,5f35dab593a88f0023c8dda2,-105.804835,215.60967,lqr
