,attention_cost,exp_param,vm_param,pp_id,ll,AIC,agent_type
0,177.94607291085708,0.025841018214695408,3.310923417670505,5f35db0b93a88f0023c8ded5,-87.952677,179.905354,sparse_lqr
