,exp_param,vm_param,pp_id,ll,AIC,agent_type
0,0.013413297009862254,3.8095416274562117,5f35d81193a88f0023c8d742,-85.754269,175.508538,null_model_2
