,exp_param,vm_param,pp_id,ll,AIC,agent_type
0,0.0061462151297622105,1.256493710384925,5f35e0a193a88f0023c8f986,-122.117095,248.23419,lqr
