attention_cost,exp_param,vm_param,pp_id,ll,AIC,agent_type
16.911710553702587,0.0140470092425689,1.5639693571325153,5f35e76793a88f0023c90491,-96.22880598694088,196.4576119738817,sparse_lqr
