,attention_cost,exp_param,step_size,vm_param,pp_id,ll,AIC,agent_type
0,0.0,0.00242627750199328,0.8731913957639483,2.780634808925473,5f35dba493a88f0023c8e193,-108.98266262668244,223.96532525336488,hill_climbing
