exp_param,vm_param,pp_id,ll,AIC,agent_type
0.0233583367756298,1.0469701224601302,5f35d8b893a88f0023c8d833,-113.96894361897468,231.93788723794935,null_model_2
