,exp_param,vm_param,pp_id,ll,AIC,agent_type
0,0.0357214073601841,3.4673939167342773,5f35d74693a88f0023c8d67e,-79.461,162.922,null_model_2
