,b,exp_param,n,vm_param,pp_id,ll,AIC,agent_type
0,35.334107726348606,0.001,5.0,10.0,5f35da4f93a88f0023c8dc28,-75.9248243,159.8496486,null_model_1
