,exp_param,vm_param,pp_id,ll,AIC,agent_type
0,0.04657394717452639,1.9946154411691364,5f35e11793a88f0023c8fa8c,-91.4615,186.923,null_model_2
