,attention_cost,exp_param,step_size,vm_param,pp_id,ll,AIC,agent_type
0,19.360695438361553,0.02105886609061834,0.6011416593358132,5.284837196071397,5f35d63393a88f0023c8d617,-72.27798956478892,152.55597912957785,sparse_max_discrete
