,exp_param,vm_param,pp_id,ll,AIC,agent_type
0,0.003086644052460882,3.3938318188696304,5f360ff993a88f0023c90904,-103.045573,210.091146,lqr
