,attention_cost,exp_param,step_size,vm_param,pp_id,ll,AIC,agent_type
0,20.983650409147895,0.02991886462310292,0.08612360377368311,6.518564540912112,5f35d63393a88f0023c8d617,-70.668744,149.337488,sparse_max_continuous
