,b,exp_param,n,vm_param,pp_id,ll,AIC,agent_type
0,2.5841971826928583,0.06505917773702789,1.0264053753826095,9.602428151132344,5f35d97e93a88f0023c8d9d4,-36.487874600000005,80.97574920000001,null_model_1
