,exp_param,vm_param,pp_id,ll,AIC,agent_type
0,0.03558642776827163,6.035913068917491,5f35df8293a88f0023c8f57b,-66.14424091398533,136.28848182797066,null_model_2
