exp_param,vm_param,pp_id,ll,AIC,agent_type
0.0282599362939513,5.220512472525107,5f35d88193a88f0023c8d7ff,-71.93452872695626,147.86905745391252,null_model_2
