,attention_cost,exp_param,step_size,vm_param,pp_id,ll,AIC,agent_type
0,0.28143873824303167,0.029024149645747344,0.8210228123617447,4.087922944195181,5f35d83993a88f0023c8d78b,-96.84537522039012,201.69075044078025,sparse_max_continuous
