,attention_cost,exp_param,vm_param,pp_id,ll,AIC,agent_type
0,2.946171566078093,0.039497922889355275,4.624920145627377,5f35e76793a88f0023c90491,-77.350449,160.700898,sparse_lqr
