,attention_cost,exp_param,vm_param,pp_id,ll,AIC,agent_type
0,141.32838619685333,0.03064446061337729,4.246453917940848,5f35d78493a88f0023c8d69f,-74.816145,155.63229,sparse_lqr
