,b,exp_param,n,vm_param,pp_id,ll,AIC,agent_type
0,0.8133214446377379,0.006398824369840703,2.076247677490896,4.243782123910281,5f35df1293a88f0023c8f3db,-91.71449570000001,191.42899140000003,null_model_1
