,attention_cost,exp_param,step_size,vm_param,pp_id,ll,AIC,agent_type
0,23.621367739820386,0.006390640451306615,0.009703533496225047,3.2945941463528494,5f36101b93a88f0023c90907,-102.239166,212.478332,sparse_max_continuous
