,b,exp_param,n,vm_param,pp_id,ll,AIC,agent_type
0,0.0,0.001,5.0,1.895702876316999,5f35dae093a88f0023c8de20,-123.01629199999999,254.03258399999999,null_model_1
