,b,exp_param,n,vm_param,pp_id,ll,AIC,agent_type
0,1.7970550157449832,0.006398824369840703,2.076247677490896,4.243782123910281,5f35d72b93a88f0023c8d674,-92.03185688089144,192.06371376178288,null_model_1
