,b,exp_param,n,vm_param,pp_id,ll,AIC,agent_type
0,38.85685849056141,0.001,2.3070246913020744,10.0,5f35da4f93a88f0023c8dc28,-77.87686800000002,163.75373600000003,null_model_1
