,exp_param,step_size,vm_param,pp_id,ll,AIC,agent_type
0,0.08320128853212021,0.068315482459394,3.2723283851258933,5f35e00093a88f0023c8f758,-70.671647,147.343294,hill_climbing
