,attention_cost,exp_param,step_size,vm_param,pp_id,ll,AIC,agent_type
0,0.0,0.08145698443726027,0.42128646075520776,2.4433003680864065,5f35d6f793a88f0023c8d65f,-77.35564291301708,160.71128582603416,hill_climbing
