,attention_cost,exp_param,step_size,vm_param,pp_id,ll,AIC,agent_type
0,24.68083312756296,0.04751678924822407,0.1555869916769113,2.7332260795175287,5f35e0a193a88f0023c8f986,-79.093125,166.18625,sparse_max_discrete
