,attention_cost,exp_param,step_size,vm_param,pp_id,ll,AIC,agent_type
0,0.0,0.09677632138699417,0.7650077022973738,3.1224991166668814,5f35d71c93a88f0023c8d66e,-77.9983,161.9966,hill_climbing
