,b,exp_param,n,vm_param,pp_id,ll,AIC,agent_type
0,49.273348171233394,0.00741715429652744,1.1326231903815005,2.841342724643736,5f36101b93a88f0023c90907,-102.2570339,212.5140678,null_model_1
