,exp_param,vm_param,pp_id,ll,AIC,agent_type
0,0.02781631891156571,5.930410399035276,5f35d90c93a88f0023c8d8d0,-68.67361,141.34722,null_model_2
