,attention_cost,exp_param,step_size,vm_param,pp_id,ll,AIC,agent_type
0,0.0,0.042556398541330594,0.35290690737565994,3.8578362865339106,5f35d65893a88f0023c8d625,-76.877272,159.754544,hill_climbing
