,attention_cost,exp_param,step_size,vm_param,pp_id,ll,AIC,agent_type
0,0.0,0.08493079759282811,0.45314215293799537,2.798486298835962,5f35d6f793a88f0023c8d65f,-77.085153,160.170306,hill_climbing
