,exp_param,vm_param,pp_id,ll,AIC,agent_type
0,0.27241248481564323,9.960685286838164,5f360ff993a88f0023c90904,-34.91606,73.83212,null_model_2
