,attention_cost,exp_param,step_size,vm_param,pp_id,ll,AIC,agent_type
0,24.777823655212835,0.00894013469824696,0.26243155006033503,2.144685493353713,5f360f4693a88f0023c908ef,-111.90698424411613,231.81396848823226,sparse_max_discrete
