exp_param,vm_param,pp_id,ll,AIC,agent_type
0.0239916000052984,9.976349921338777,5f35dafe93a88f0023c8de97,-40.05009797990276,84.10019595980552,null_model_2
