,exp_param,step_size,vm_param,pp_id,ll,AIC,agent_type
0,0.16611999045556675,0.2633308042217715,9.976403417627907,5f35d79293a88f0023c8d6a1,-36.970035,79.94007,hill_climbing
