,attention_cost,exp_param,vm_param,pp_id,ll,AIC,agent_type
0,275.2198685617637,0.01017359588079626,4.317544315094511,5f35db0c93a88f0023c8deda,-87.298192,180.596384,sparse_lqr
