,b,exp_param,n,vm_param,pp_id,ll,AIC,agent_type
0,0.28986964588444963,0.31336847499932097,1.2227936508484185,2.9386248547054414,5f35da6493a88f0023c8dc69,-74.77986739999999,157.55973479999997,null_model_1
