,attention_cost,exp_param,step_size,vm_param,pp_id,ll,AIC,agent_type
0,23.251476280712975,0.029379530768060512,1.2148712363926384,3.536054335719511,5f35d70093a88f0023c8d662,-72.244268,152.488536,sparse_max_discrete
