,attention_cost,exp_param,step_size,vm_param,pp_id,ll,AIC,agent_type
0,0.0,0.035604110555309466,0.015633129710823312,6.278136819863821,5f35d7d393a88f0023c8d6f4,-69.783428,145.566856,hill_climbing
