,exp_param,vm_param,pp_id,ll,AIC,agent_type
0,0.0043460971904611435,4.044174783722754,5f35d72b93a88f0023c8d674,-97.14835391043516,198.29670782087032,lqr
