,attention_cost,exp_param,step_size,vm_param,pp_id,ll,AIC,agent_type
0,0.0,0.006183808193230675,0.10408057012845001,2.9241423601094407,5f36101b93a88f0023c90907,-100.527838,207.055676,hill_climbing
