,exp_param,vm_param,pp_id,ll,AIC,agent_type
0,0.003506868359241701,2.0349346538066393,5f35d6bc93a88f0023c8d64b,-118.223599,240.447198,lqr
