,b,exp_param,n,vm_param,pp_id,ll,AIC,agent_type
0,14.38845875500941,0.011322200980195287,1.9113437999138339,1.543611296365951,5f3626b693a88f0023c91063,-103.84266420000002,215.68532840000003,null_model_1
