,exp_param,step_size,vm_param,pp_id,ll,AIC,agent_type
0,0.1857922205366878,0.19279978180825758,9.974404921451061,5f35da2c93a88f0023c8db97,-21.211635,48.42327,hill_climbing
