,b,exp_param,n,vm_param,pp_id,ll,AIC,agent_type
0,40.081362809460664,0.001292930921874822,1.0491747863436185,1.3370911848754663,5f35dae093a88f0023c8de20,-134.25653079469527,276.51306158939053,null_model_1
