,attention_cost,exp_param,step_size,vm_param,pp_id,ll,AIC,agent_type
0,15.137700469351104,0.028127957531045838,0.6647440647127649,2.0636146884645568,5f35d71a93a88f0023c8d66c,-93.073272,194.146544,sparse_max_discrete
