,b,exp_param,n,vm_param,pp_id,ll,AIC,agent_type
0,1.6895990629888549,0.036975496345744485,2.3727348150982923,2.7909791479864388,5f35d71a93a88f0023c8d66c,-90.83113764890064,189.66227529780127,null_model_1
