,b,exp_param,n,vm_param,pp_id,ll,AIC,agent_type
0,6.700161536930377,0.022665304523916754,1.0699470665162205,7.4210473941579105,5f35d6ae93a88f0023c8d644,-58.72618723238777,125.45237446477554,null_model_1
