,exp_param,vm_param,pp_id,ll,AIC,agent_type
0,0.01383596826520651,2.209283838720113,5f35d86c93a88f0023c8d7e9,-99.848539,203.697078,null_model_2
