,exp_param,vm_param,pp_id,ll,AIC,agent_type
0,0.00493775291392757,3.664850749750795,5f35da2c93a88f0023c8db97,-97.72241,199.44482,lqr
