,attention_cost,exp_param,step_size,vm_param,pp_id,ll,AIC,agent_type
0,29.547199796379747,0.020989068813281837,0.009909093468881636,3.1713473538210204,5f35df1293a88f0023c8f3db,-86.68429721654951,181.36859443309902,sparse_max_discrete
