b,exp_param,n,vm_param,pp_id,ll,AIC,agent_type
1.974126558149984,0.0271847758908415,1.1132259520831784,2.462110676030459,5f35d74293a88f0023c8d67c,-89.06561800730356,186.1312360146071,null_model_1
