,attention_cost,exp_param,step_size,vm_param,pp_id,ll,AIC,agent_type
0,0.0,0.02236407600234812,0.40790756558697244,6.027796530719445,5f3626b693a88f0023c91063,-76.411533,158.823066,hill_climbing
