,exp_param,vm_param,pp_id,ll,AIC,agent_type
0,0.0029039255430118828,1.6558130242661795,5f3610a993a88f0023c90912,-123.909179,251.818358,lqr
