,exp_param,vm_param,pp_id,ll,AIC,agent_type
0,0.018412331615971847,0.6663447959765567,5f35d7f393a88f0023c8d71a,-118.9717,241.9434,lqr
