,attention_cost,exp_param,step_size,vm_param,pp_id,ll,AIC,agent_type
0,12.1450212819509,0.007866130918366666,0.0035913345918254236,1.435678101589205,5f360f4693a88f0023c908ef,-108.619609,225.239218,sparse_max_continuous
