,attention_cost,exp_param,step_size,vm_param,pp_id,ll,AIC,agent_type
0,22.23238286182991,0.020809350105577856,0.2998820462945608,4.5378606538402035,5f35db0b93a88f0023c8ded5,-79.354612,166.709224,sparse_max_discrete
