,exp_param,vm_param,pp_id,ll,AIC,agent_type
0,0.035394876141377166,3.4676949457889714,5f35d74693a88f0023c8d67e,-79.460483,162.920966,null_model_2
