,b,exp_param,n,vm_param,pp_id,ll,AIC,agent_type
0,6.232036984164502,0.02324110129719788,4.466524865715128,7.827932487727071,5f35d91293a88f0023c8d8e2,-70.25604529016114,148.51209058032228,null_model_1
