,b,exp_param,n,vm_param,pp_id,ll,AIC,agent_type
0,4.035221814761062,0.001,1.0,3.4771513921012476,5f35e70693a88f0023c90462,-195.1381636,398.2763272,null_model_1
