,exp_param,vm_param,pp_id,ll,AIC,agent_type
0,0.006132193459531094,2.193144334151924,5f35e93693a88f0023c905d9,-109.716352,223.432704,null_model_2
