,exp_param,vm_param,pp_id,ll,AIC,agent_type
0,0.003339429475336053,1.3721790794604416,5f35d64493a88f0023c8d61e,-126.85781126800106,257.7156225360021,lqr
