,attention_cost,exp_param,step_size,vm_param,pp_id,ll,AIC,agent_type
0,29.256806788303532,0.058066467382128055,0.3944495341414961,6.136397923649212,5f362fb593a88f0023c91191,-59.0667394248758,126.1334788497516,sparse_max_discrete
