,exp_param,vm_param,pp_id,ll,AIC,agent_type
0,0.04148703961569166,3.9228731594708366,5f35d70093a88f0023c8d662,-74.43832,152.87664,null_model_2
