,attention_cost,exp_param,step_size,vm_param,pp_id,ll,AIC,agent_type
0,0.0,0.06765284402187459,0.06092142267171735,9.687844730076204,5f35d72593a88f0023c8d671,-48.6214,103.2428,hill_climbing
