,attention_cost,exp_param,step_size,vm_param,pp_id,ll,AIC,agent_type
0,2.1079491858369304,0.023307572943017364,0.9920385965930243,2.3265158300750297,5f35d84893a88f0023c8d7af,-90.09710590899728,188.19421181799456,sparse_max_discrete
