,attention_cost,exp_param,vm_param,pp_id,ll,AIC,agent_type
0,287.81380894090796,0.016765225038635676,4.204085640284015,5f35d76593a88f0023c8d688,-86.595817,179.191634,sparse_lqr
