,attention_cost,exp_param,vm_param,pp_id,ll,AIC,agent_type
0,228.160418782416,0.001,2.554207291085219,5f360ea493a88f0023c908e6,-118.8731,241.7462,sparse_lqr
