,exp_param,vm_param,pp_id,ll,AIC,agent_type
0,0.005255353841235147,2.0572588639795573,5f35d78493a88f0023c8d69f,-112.339634,228.679268,lqr
