,attention_cost,exp_param,step_size,vm_param,pp_id,ll,AIC,agent_type
0,12.829952990908925,0.10034112235267363,0.17255251807536937,3.734071317371953,5f35d60a93a88f0023c8d608,-72.05209020978573,152.10418041957146,sparse_max_discrete
