,attention_cost,exp_param,vm_param,pp_id,ll,AIC,agent_type
0,15.476540233818817,0.001,2.1978223522575413,5f35da4f93a88f0023c8dc28,-130.163341,266.326682,sparse_lqr
