,attention_cost,exp_param,vm_param,pp_id,ll,AIC,agent_type
0,36.757759368123246,0.041463901227851416,2.821665632556111,5f35df8793a88f0023c8f599,-83.832337,173.664674,sparse_lqr
