exp_param,vm_param,pp_id,ll,AIC,agent_type
0.0057257048746765,1.796484342237753,5f35d7a693a88f0023c8d6b2,-115.8549581297798,235.7099162595596,null_model_2
