,attention_cost,exp_param,step_size,vm_param,pp_id,ll,AIC,agent_type
0,1.3493825543394111,0.0324417742214107,1.4993307643599625,1.9722815474019917,5f35d67e93a88f0023c8d634,-105.019546,218.039092,sparse_max_discrete
