,b,exp_param,n,vm_param,pp_id,ll,AIC,agent_type
0,0.9940066919897794,0.027184775890841558,1.1132259520831784,2.462110676030459,5f35d64293a88f0023c8d61c,-90.44314980000001,188.88629960000003,null_model_1
