,b,exp_param,n,vm_param,pp_id,ll,AIC,agent_type
0,1.072654913510486,0.027819322808352837,3.1874826060729284,2.373499150608165,5f35d73d93a88f0023c8d679,-92.56977396702065,193.1395479340413,null_model_1
