,exp_param,step_size,vm_param,pp_id,ll,AIC,agent_type
0,0.023530603287977837,0.0,4.086383715728765,5f3610a993a88f0023c90912,-81.108253,168.216506,hill_climbing
