attention_cost,exp_param,vm_param,pp_id,ll,AIC,agent_type
14.317328684998254,0.0338591179977898,0.9750402812411753,5f35d8b893a88f0023c8d833,-113.2575550296376,230.5151100592752,sparse_lqr
