,attention_cost,exp_param,vm_param,pp_id,ll,AIC,agent_type
0,221.79122226280256,0.005231763777160179,2.8721190090833804,5f35e93693a88f0023c905d9,-107.45616738072945,218.9123347614589,sparse_lqr
