,attention_cost,exp_param,step_size,vm_param,pp_id,ll,AIC,agent_type
0,6.586708527933109,0.02247045140989686,0.14456345312090502,4.254412331111729,5f35db0c93a88f0023c8deda,-88.241034,184.482068,sparse_max_continuous
