,attention_cost,exp_param,vm_param,pp_id,ll,AIC,agent_type
0,44.51361141402166,0.01869606539119673,1.2182842059081478,5f35d8b893a88f0023c8d833,-107.096687,220.193374,sparse_lqr
