,exp_param,vm_param,pp_id,ll,AIC,agent_type
0,0.0032590916826577207,2.119094755880119,5f35d72493a88f0023c8d66f,-115.884136,235.768272,null_model_2
