,attention_cost,exp_param,vm_param,pp_id,ll,AIC,agent_type
0,209.53319409675788,0.007896275759935945,7.398340800730377,5f35d6ae93a88f0023c8d644,-71.792642,149.585284,sparse_lqr
