,attention_cost,exp_param,step_size,vm_param,pp_id,ll,AIC,agent_type
0,12.557546447434202,0.022741706179353442,0.02901071894067303,6.473904426039575,5f35d5ea93a88f0023c8d5fd,-69.534985,147.06997,sparse_max_continuous
