,exp_param,vm_param,pp_id,ll,AIC,agent_type
0,0.07490863533845939,6.580731807439971,5f35d80393a88f0023c8d729,-56.9376,117.8752,null_model_2
