,b,exp_param,n,vm_param,pp_id,ll,AIC,agent_type
0,3.713053005497778,0.010119997445050505,3.261784394651722,2.0840841075245633,5f35d72b93a88f0023c8d674,-103.65923539999999,215.31847079999997,null_model_1
