,exp_param,vm_param,pp_id,ll,AIC,agent_type
0,0.015034065356313846,2.0330146215464637,5f35d83093a88f0023c8d771,-102.120572,208.241144,null_model_2
