,attention_cost,exp_param,step_size,vm_param,pp_id,ll,AIC,agent_type
0,0.0,0.018288980756166286,0.0,4.775684105138515,5f3610a993a88f0023c90912,-82.175608,170.351216,hill_climbing
