,b,exp_param,n,vm_param,pp_id,ll,AIC,agent_type
0,10.607488401641886,0.021504842947229312,1.0771642809238755,4.62682273767327,5f35da2c93a88f0023c8db97,-77.452837,162.905674,null_model_1
