,exp_param,vm_param,pp_id,ll,AIC,agent_type
0,0.030954873270945402,1.3516643250450289,5f35d77893a88f0023c8d690,-104.587287,213.174574,null_model_2
