,exp_param,step_size,vm_param,pp_id,ll,AIC,agent_type
0,0.09251068804868864,0.3092194196521806,2.995377605581756,5f35da6493a88f0023c8dc69,-73.550846,153.101692,hill_climbing
