,attention_cost,exp_param,step_size,vm_param,pp_id,ll,AIC,agent_type
0,5.2120907188106225,0.027202442976567747,0.37024499614434836,2.3016047906305404,5f35d67e93a88f0023c8d634,-100.119471,208.238942,sparse_max_discrete
