,attention_cost,exp_param,vm_param,pp_id,ll,AIC,agent_type
0,294.2399353506591,0.24280268004388914,9.966870984753221,5f35d6ae93a88f0023c8d644,-27.6238,59.2476,sparse_lqr
