,attention_cost,exp_param,vm_param,pp_id,ll,AIC,agent_type
0,92.5949985800854,0.0787749802624151,5.079524538636772,5f35d97e93a88f0023c8d9d4,-59.3458,122.6916,sparse_lqr
