,attention_cost,exp_param,vm_param,pp_id,ll,AIC,agent_type
0,287.9062528336068,0.01318750362704996,2.3884547736711506,5f35d83093a88f0023c8d771,-101.135226,208.270452,sparse_lqr
