,attention_cost,exp_param,step_size,vm_param,pp_id,ll,AIC,agent_type
0,26.855324764074833,0.016519525303112927,0.13474777754346517,3.045158315039107,5f35d68993a88f0023c8d637,-92.31165,192.6233,sparse_max_discrete
