,attention_cost,exp_param,step_size,vm_param,pp_id,ll,AIC,agent_type
0,17.58985033187806,0.007391694554198476,0.699272624817056,2.7698215986636407,5f360f4693a88f0023c908ef,-103.732803,215.465606,sparse_max_discrete
