,attention_cost,exp_param,step_size,vm_param,pp_id,ll,AIC,agent_type
0,0.0,0.11344662529194757,0.6581631340278109,3.2711680760428994,5f362dee93a88f0023c91131,-69.155455,144.31091,hill_climbing
