,b,exp_param,n,vm_param,pp_id,ll,AIC,agent_type
0,0.22554724906639345,0.005775070232133714,3.5452272427541396,3.6593219150237486,5f36121793a88f0023c9095f,-86.1773238,180.3546476,null_model_1
