,exp_param,vm_param,pp_id,ll,AIC,agent_type
0,0.01540050100624498,2.7958749603801847,5f35d68993a88f0023c8d637,-93.46281045022141,190.92562090044282,null_model_2
