exp_param,vm_param,pp_id,ll,AIC,agent_type
0.0035691321952895,1.2901529988051263,5f35d64493a88f0023c8d61e,-126.88804672449643,257.77609344899287,lqr
