,attention_cost,exp_param,step_size,vm_param,pp_id,ll,AIC,agent_type
0,14.349390099043722,0.021483924967459184,0.015753607917400103,8.142609778047932,5f35d61893a88f0023c8d60c,-54.955767,117.911534,sparse_max_continuous
