,b,exp_param,n,vm_param,pp_id,ll,AIC,agent_type
0,1.3547799924029276,0.013493322635752113,3.7357417584753656,8.188529067648727,5f35d7d393a88f0023c8d6f4,-63.96020217134674,135.92040434269347,null_model_1
