,exp_param,step_size,vm_param,pp_id,ll,AIC,agent_type
0,0.05819739858592075,0.1921057672846853,5.206799154955451,5f35df8293a88f0023c8f57b,-63.818747,133.637494,hill_climbing
