,exp_param,vm_param,pp_id,ll,AIC,agent_type
0,0.00828621163457589,1.8742176483608963,5f35db0b93a88f0023c8ded5,-110.406123,224.812246,lqr
