,b,exp_param,n,vm_param,pp_id,ll,AIC,agent_type
0,7.32877898686627,0.011980308517909558,2.9309895949016624,1.810432603346086,5f35d83993a88f0023c8d78b,-105.25995480000002,218.51990960000003,null_model_1
