,exp_param,vm_param,pp_id,ll,AIC,agent_type
0,0.0032047141244330043,1.9973414319400862,5f35d5d093a88f0023c8d5f7,-116.722665,237.44533,lqr
