,attention_cost,exp_param,step_size,vm_param,pp_id,ll,AIC,agent_type
0,0.0,0.10818303164275893,0.18174675294867948,1.4679020049199643,5f35d80893a88f0023c8d735,-86.336558,178.673116,hill_climbing
