,exp_param,step_size,vm_param,pp_id,ll,AIC,agent_type
0,0.09019321704495002,0.5483243353440038,6.835885031631069,5f362dee93a88f0023c91131,-54.826426,115.652852,hill_climbing
