,exp_param,vm_param,pp_id,ll,AIC,agent_type
0,0.038818233168663244,2.846116697912601,5f35d85593a88f0023c8d7c5,-83.749021,171.498042,null_model_2
