attention_cost,exp_param,vm_param,pp_id,ll,AIC,agent_type
289.4995115655474,0.1514053863647649,9.31741798228032,5f35d6ae93a88f0023c8d644,-25.521626893827595,55.04325378765519,sparse_lqr
