,attention_cost,exp_param,step_size,vm_param,pp_id,ll,AIC,agent_type
0,21.18346121592683,0.05395636711548437,0.030440993625111268,3.948551598805791,5f35e00093a88f0023c8f758,-73.173119,154.346238,sparse_max_discrete
