,attention_cost,exp_param,step_size,vm_param,pp_id,ll,AIC,agent_type
0,5.7140324091691514,0.052621268124821825,0.06353381421605353,7.301419973202816,5f35db9193a88f0023c8e13f,-55.7867958805019,119.5735917610038,sparse_max_continuous
