,exp_param,vm_param,pp_id,ll,AIC,agent_type
0,0.004123632212808051,1.7251242720817594,5f35d68993a88f0023c8d637,-119.587017,243.174034,lqr
