,attention_cost,exp_param,vm_param,pp_id,ll,AIC,agent_type
0,60.04305826104892,0.019268279160870774,5.667304635260482,5f35d64293a88f0023c8d61c,-79.882563,165.765126,sparse_lqr
