,attention_cost,exp_param,step_size,vm_param,pp_id,ll,AIC,agent_type
0,7.728917631588646,0.016766969314399822,0.06594562192064352,8.689344773283745,5f35db0b93a88f0023c8ded5,-59.241932,126.483864,sparse_max_continuous
