,attention_cost,exp_param,step_size,vm_param,pp_id,ll,AIC,agent_type
0,0.8556129538467916,0.12806060192363675,0.45905312257419145,1.141806008610201,5f35e37d93a88f0023c8ffdc,-94.38078916820635,196.7615783364127,sparse_max_discrete
