,attention_cost,exp_param,step_size,vm_param,pp_id,ll,AIC,agent_type
0,0.0,0.16341826036037688,0.46376249872801195,1.5818199782746645,5f35d7f393a88f0023c8d71a,-83.455763,172.911526,hill_climbing
