,attention_cost,exp_param,step_size,vm_param,pp_id,ll,AIC,agent_type
0,7.6059563091696445,0.020212752820643737,0.24748440464530141,3.034986118806552,5f35d72b93a88f0023c8d674,-95.306458,198.612916,sparse_max_discrete
