,attention_cost,exp_param,step_size,vm_param,pp_id,ll,AIC,agent_type
0,0.0,0.02426664812511319,0.14545543821442092,6.903187494569874,5f35d65393a88f0023c8d623,-70.921434,147.842868,hill_climbing
