,exp_param,vm_param,pp_id,ll,AIC,agent_type
0,0.006733825962797337,2.704647336423861,5f35d6ae93a88f0023c8d644,-103.355394,210.710788,lqr
