,attention_cost,exp_param,vm_param,pp_id,ll,AIC,agent_type
0,299.43921154514356,0.001,1.5146825507399169,5f35dba493a88f0023c8e193,-131.594557,269.189114,sparse_lqr
