,attention_cost,exp_param,step_size,vm_param,pp_id,ll,AIC,agent_type
0,0.0,0.0059723703181341365,0.1865105280898675,2.8646530033962057,5f36101b93a88f0023c90907,-100.752182,207.504364,hill_climbing
