,attention_cost,exp_param,step_size,vm_param,pp_id,ll,AIC,agent_type
0,0.28717146032211205,0.03632543824336556,0.07564073034256036,8.77219509980889,5f35d78493a88f0023c8d69f,-55.25046856946618,118.50093713893236,sparse_max_continuous
