,b,exp_param,n,vm_param,pp_id,ll,AIC,agent_type
0,2.9467066274711557,0.07126310817390971,2.8960251599522184,3.4916741295707734,5f362dee93a88f0023c91131,-68.7401833,145.4803666,null_model_1
