,exp_param,vm_param,pp_id,ll,AIC,agent_type
0,0.0022572304785025803,1.4636790325988402,5f35d71a93a88f0023c8d66c,-129.058179,262.116358,lqr
