,exp_param,vm_param,pp_id,ll,AIC,agent_type
0,0.019304322905275475,4.165506942270442,5f35dc9193a88f0023c8e6bd,-80.6415212712102,165.2830425424204,null_model_2
