,attention_cost,exp_param,step_size,vm_param,pp_id,ll,AIC,agent_type
0,5.181932988597372,0.00677799215551563,0.7313935227347116,1.3584571665898149,5f35d62993a88f0023c8d613,-119.11212812056289,246.22425624112577,sparse_max_continuous
