b,exp_param,n,vm_param,pp_id,ll,AIC,agent_type
2.242860511513173,0.0160342665120437,2.1089606915440777,2.4999551824523936,5f35d68993a88f0023c8d637,-94.52763343820264,197.05526687640528,null_model_1
