attention_cost,exp_param,step_size,vm_param,pp_id,ll,AIC,agent_type
4.747628543520261,0.0030195073860613,0.5593072260716291,1.64109158458438,5f35d62993a88f0023c8d613,-117.75105011801575,243.5021002360315,sparse_max_discrete
