,b,exp_param,n,vm_param,pp_id,ll,AIC,agent_type
0,1.9741265581499838,0.027184775890841558,1.1132259520831784,2.462110676030459,5f35d8e393a88f0023c8d887,-98.84960099550483,205.69920199100966,null_model_1
