,exp_param,vm_param,pp_id,ll,AIC,agent_type
0,0.007447973744568481,1.361822818198567,5f35d83993a88f0023c8d78b,-118.723766,241.447532,lqr
