,exp_param,vm_param,pp_id,ll,AIC,agent_type
0,0.0013915154447032433,0.7168766127384252,5f360ea493a88f0023c908e6,-144.31886726474693,292.63773452949386,lqr
