,exp_param,vm_param,pp_id,ll,AIC,agent_type
0,0.0036331036238221003,0.6258422276454367,5f35d81193a88f0023c8d742,-136.0513,276.1026,lqr
