,exp_param,vm_param,pp_id,ll,AIC,agent_type
0,0.0016696982329591063,1.2004606414314134,5f3626b693a88f0023c91063,-136.42555142736427,276.85110285472854,lqr
