,attention_cost,exp_param,vm_param,pp_id,ll,AIC,agent_type
0,65.49166387530056,0.04152567006211619,3.6983505114424284,5f35e0a193a88f0023c8f986,-79.58979,163.17958,sparse_lqr
