,attention_cost,exp_param,vm_param,pp_id,ll,AIC,agent_type
0,296.39953761072786,0.001,4.937115958112476,5f35d61893a88f0023c8d60c,-98.353118,202.706236,sparse_lqr
