,exp_param,vm_param,pp_id,ll,AIC,agent_type
0,0.03612091100715047,5.509638611502158,5f35df8293a88f0023c8f57b,-68.142839,140.285678,null_model_2
