,attention_cost,exp_param,vm_param,pp_id,ll,AIC,agent_type
0,111.55842837145353,0.016440626064487665,2.517282000917147,5f35d72b93a88f0023c8d674,-93.744035,193.48807,sparse_lqr
