attention_cost,exp_param,vm_param,pp_id,ll,AIC,agent_type
30.683401065325555,0.0206462650783745,1.871918066216609,5f35d84893a88f0023c8d7af,-98.77557557469711,201.55115114939423,sparse_lqr
