,exp_param,vm_param,pp_id,ll,AIC,agent_type
0,0.040137583399783926,8.117294410973571,5f35d6bc93a88f0023c8d64b,-58.592653,121.185306,null_model_2
