,attention_cost,exp_param,vm_param,pp_id,ll,AIC,agent_type
0,243.46386958723463,0.012309102863595104,2.5314737012563038,5f35e94193a88f0023c905da,-101.600618,209.201236,sparse_lqr
