,attention_cost,exp_param,step_size,vm_param,pp_id,ll,AIC,agent_type
0,10.29076078649225,0.037279267926165226,0.1522297451007732,3.292164874245287,5f3612ca93a88f0023c909a0,-76.332594,160.665188,sparse_max_discrete
