,attention_cost,exp_param,vm_param,pp_id,ll,AIC,agent_type
0,100.28292149814789,0.08990922260155558,1.8490559027840836,5f35d79b93a88f0023c8d6aa,-86.219576,178.439152,sparse_lqr
