,exp_param,step_size,vm_param,pp_id,ll,AIC,agent_type
0,0.030690086450279052,0.19542026106266808,2.891149536971777,5f35d62693a88f0023c8d611,-87.003078,180.006156,hill_climbing
