,exp_param,vm_param,pp_id,ll,AIC,agent_type
0,0.019039867998192253,1.9449376164655352,5f35d83993a88f0023c8d78b,-100.12753640264017,204.25507280528035,null_model_2
