attention_cost,exp_param,vm_param,pp_id,ll,AIC,agent_type
46.391508497106045,0.0201303419480107,2.539552936094067,5f35d9ad93a88f0023c8da5b,-96.63445833979765,197.2689166795953,sparse_lqr
