,attention_cost,exp_param,step_size,vm_param,pp_id,ll,AIC,agent_type
0,17.31673644548976,0.02424645730264034,0.048294488946078296,2.9994024370712404,5f35df1293a88f0023c8f3db,-83.643996,175.287992,sparse_max_continuous
