,attention_cost,exp_param,step_size,vm_param,pp_id,ll,AIC,agent_type
0,0.0,0.0881534717598477,0.008666782962706288,2.8878917419159436,5f35d5d093a88f0023c8d5f7,-80.55268136674934,167.10536273349868,hill_climbing
