,attention_cost,exp_param,vm_param,pp_id,ll,AIC,agent_type
0,186.89224030868237,0.020600039310545937,4.606689134412758,5f35d90c93a88f0023c8d8d0,-74.694243,155.388486,sparse_lqr
