,b,exp_param,n,vm_param,pp_id,ll,AIC,agent_type
0,7.062157578481136,0.02125562806833164,4.996074222374311,3.651554885401904,5f35d5ea93a88f0023c8d5fd,-82.33699346710576,172.6739869342115,null_model_1
