attention_cost,exp_param,step_size,vm_param,pp_id,ll,AIC,agent_type
0.0,0.0217293489297013,0.0006071629736581,3.906239432774783,5f35d8e393a88f0023c8d887,-85.92480370051561,177.84960740103122,hill_climbing
