,attention_cost,exp_param,vm_param,pp_id,ll,AIC,agent_type
0,269.11271785440636,0.050126830655063445,4.120990889023847,5f35d63193a88f0023c8d616,-72.999854,151.999708,sparse_lqr
