,attention_cost,exp_param,vm_param,pp_id,ll,AIC,agent_type
0,88.2647064732764,0.10435609656028494,1.443154002290481,5f35d7f393a88f0023c8d71a,-93.339177,190.678354,sparse_lqr
