,exp_param,vm_param,pp_id,ll,AIC,agent_type
0,0.012933455793153824,3.986890107458655,5f35d7f093a88f0023c8d716,-85.493819,174.987638,null_model_2
