,exp_param,step_size,vm_param,pp_id,ll,AIC,agent_type
0,0.07021566472103784,0.7186011081642586,3.056974027579943,5f35d73993a88f0023c8d677,-76.176654,158.353308,hill_climbing
