,exp_param,vm_param,pp_id,ll,AIC,agent_type
0,0.0031572607581702326,3.817858362049422,5f360ff993a88f0023c90904,-100.423316,204.846632,lqr
