,attention_cost,exp_param,step_size,vm_param,pp_id,ll,AIC,agent_type
0,27.760086779201117,0.015643100149318117,0.27167171477047697,1.9648461859968192,5f35d65d93a88f0023c8d629,-109.103114,226.206228,sparse_max_discrete
