,exp_param,vm_param,pp_id,ll,AIC,agent_type
0,0.00859094570998898,1.2928703365758176,5f35d72f93a88f0023c8d675,-118.218,240.436,lqr
