,attention_cost,exp_param,step_size,vm_param,pp_id,ll,AIC,agent_type
0,0.0,0.011319069081676746,0.08637838002880416,5.477866963210822,5f35db0c93a88f0023c8deda,-79.056007,164.112014,hill_climbing
