,exp_param,vm_param,pp_id,ll,AIC,agent_type
0,0.01210205641521777,1.4515117883725226,5f36121793a88f0023c9095f,-101.83734240888708,207.67468481777416,lqr
