,attention_cost,exp_param,vm_param,pp_id,ll,AIC,agent_type
0,103.08642080030255,0.0332781927749222,8.673753921346595,5f35d65393a88f0023c8d623,-61.3266,126.6532,sparse_lqr
