,exp_param,vm_param,pp_id,ll,AIC,agent_type
0,0.024997646149906357,3.187453458449776,5f35e76793a88f0023c90491,-84.971879,173.943758,lqr
