,attention_cost,exp_param,step_size,vm_param,pp_id,ll,AIC,agent_type
0,20.65478285286117,0.025593390082171118,0.06979695623660698,6.342571517249987,5f35d7da93a88f0023c8d703,-75.5871,159.1742,sparse_max_continuous
