,attention_cost,exp_param,step_size,vm_param,pp_id,ll,AIC,agent_type
0,0.0,0.07126310817390971,0.7110094349820819,3.4916741295707734,5f35d73993a88f0023c8d677,-76.361506,158.723012,hill_climbing
