,attention_cost,exp_param,step_size,vm_param,pp_id,ll,AIC,agent_type
0,26.859596869079752,0.08178169812947679,0.01612913069746963,3.017844151176894,5f361ea793a88f0023c90f71,-86.801421,181.602842,sparse_max_continuous
