,b,exp_param,n,vm_param,pp_id,ll,AIC,agent_type
0,3.2293533136570387,0.10115246728582558,4.9138128683863265,9.969587306018177,5f360ff993a88f0023c90904,-19.6493334,47.2986668,null_model_1
