,exp_param,vm_param,pp_id,ll,AIC,agent_type
0,0.0010081526439283596,2.207232692110701,5f35da4f93a88f0023c8dc28,-129.360655,262.72131,lqr
