,attention_cost,exp_param,step_size,vm_param,pp_id,ll,AIC,agent_type
0,0.0,0.40202536225766994,0.03146929083610858,9.912359004315869,5f360ff993a88f0023c90904,-13.9594,33.918800000000005,hill_climbing
