,b,exp_param,n,vm_param,pp_id,ll,AIC,agent_type
0,39.281599608634885,0.002143052457933948,1.1130179967105813,1.167630958598621,5f35e94193a88f0023c905da,-127.7031678,263.40633560000003,null_model_1
