,exp_param,vm_param,pp_id,ll,AIC,agent_type
0,0.007211195194011726,3.1941079127944807,5f35d7d693a88f0023c8d6f7,-97.83648660375866,199.67297320751732,lqr
