,exp_param,step_size,vm_param,pp_id,ll,AIC,agent_type
0,0.049835008598410904,0.0,3.6279459516617956,5f35e11793a88f0023c8fa8c,-72.386084,150.772168,hill_climbing
