,attention_cost,exp_param,step_size,vm_param,pp_id,ll,AIC,agent_type
0,9.71816469813739,0.16787955757736506,0.6597583476751837,2.4147790920607415,5f35d6f793a88f0023c8d65f,-69.6783,147.3566,sparse_max_discrete
