,b,exp_param,n,vm_param,pp_id,ll,AIC,agent_type
0,1.07813706888506,0.015565188911369016,2.1508957354212295,3.07424563593371,5f35e76793a88f0023c90491,-96.16435849999999,200.32871699999998,null_model_1
