,attention_cost,exp_param,step_size,vm_param,pp_id,ll,AIC,agent_type
0,7.219709829445576,0.03611788859000161,0.5528804168566552,1.3805976507753448,5f35d8b893a88f0023c8d833,-103.02529243000625,214.0505848600125,sparse_max_discrete
