,b,exp_param,n,vm_param,pp_id,ll,AIC,agent_type
0,2.764416284105657,0.007663956136156266,3.0544040733951117,6.478588894797119,5f35db0c93a88f0023c8deda,-81.9080552,171.8161104,null_model_1
