,b,exp_param,n,vm_param,pp_id,ll,AIC,agent_type
0,2.1480169972691368,0.020572430198567696,1.0713310922704844,4.0540648642948245,5f35e09e93a88f0023c8f979,-85.648426,179.296852,null_model_1
