attention_cost,exp_param,step_size,vm_param,pp_id,ll,AIC,agent_type
27.827258570637568,0.0315184089795661,0.03616932854774,2.5753949679727697,5f35d62693a88f0023c8d611,-88.05789006145676,184.11578012291352,sparse_max_continuous
