,exp_param,vm_param,pp_id,ll,AIC,agent_type
0,0.06455825938721552,4.587740111639121,5f361ea793a88f0023c90f71,-66.288205,136.57641,null_model_2
