,exp_param,vm_param,pp_id,ll,AIC,agent_type
0,0.002724375340586421,1.0100555872442085,5f35dc7593a88f0023c8e5d3,-134.083321,272.166642,lqr
