,attention_cost,exp_param,step_size,vm_param,pp_id,ll,AIC,agent_type
0,22.25570782369028,0.02804565021676161,0.08487304554583347,4.097000411961963,5f35d8e393a88f0023c8d887,-81.17925685202991,170.35851370405982,sparse_max_continuous
