,attention_cost,exp_param,vm_param,pp_id,ll,AIC,agent_type
0,12.094377977242566,0.07200276691895097,2.5937758685719925,5f35e37d93a88f0023c8ffdc,-81.388534,168.777068,sparse_lqr
