,attention_cost,exp_param,step_size,vm_param,pp_id,ll,AIC,agent_type
0,0.49061201617714656,0.2501099555896809,0.9686003064335305,3.459194776530282,5f35d7f393a88f0023c8d71a,-61.994689,131.989378,sparse_max_discrete
