,attention_cost,exp_param,step_size,vm_param,pp_id,ll,AIC,agent_type
0,0.0,0.10187141359499173,0.13844522231358036,5.383131840339518,5f35d97e93a88f0023c8d9d4,-59.891285,125.78257,hill_climbing
