attention_cost,exp_param,step_size,vm_param,pp_id,ll,AIC,agent_type
0.0,0.0636419996896664,0.0025406091816049,9.66758179721824,5f35d72593a88f0023c8d671,-48.80387015040962,103.60774030081924,hill_climbing
