,b,exp_param,n,vm_param,pp_id,ll,AIC,agent_type
0,0.15266624472418666,0.0366884217134513,3.2180385792532,4.834851374443504,5f35d8e393a88f0023c8d887,-72.2724604,152.5449208,null_model_1
