,attention_cost,exp_param,step_size,vm_param,pp_id,ll,AIC,agent_type
0,14.402212801244772,0.0185560977213129,0.08379219380357866,7.131620395310704,5f35d5ea93a88f0023c8d5fd,-66.674481,141.348962,sparse_max_continuous
