,exp_param,vm_param,pp_id,ll,AIC,agent_type
0,0.0017385414225601927,2.27448916244283,5f35d61893a88f0023c8d60c,-121.397306,246.794612,lqr
