,attention_cost,exp_param,vm_param,pp_id,ll,AIC,agent_type
0,52.02905123613686,0.12033759328339527,8.126105880328288,5f35d6f793a88f0023c8d65f,-54.172432,114.344864,sparse_lqr
