b,exp_param,n,vm_param,pp_id,ll,AIC,agent_type
6.797608179625547,0.0140473924427954,1.997638315303611,2.055361754692575,5f35d94f93a88f0023c8d95c,-111.15633938043156,230.3126787608631,null_model_1
