,exp_param,vm_param,pp_id,ll,AIC,agent_type
0,0.013470199295940434,3.132234973009692,5f35d81193a88f0023c8d742,-91.62788126750496,187.25576253500992,null_model_2
