,attention_cost,exp_param,step_size,vm_param,pp_id,ll,AIC,agent_type
0,8.455254134663042,0.0016343337035422498,0.27480726151814916,7.453798005139949,5f35d72493a88f0023c8d66f,-82.862937,173.725874,sparse_max_continuous
