,exp_param,vm_param,pp_id,ll,AIC,agent_type
0,0.0011237150920764176,1.6115017773540274,5f35d65393a88f0023c8d623,-134.208176,272.416352,lqr
