,exp_param,vm_param,pp_id,ll,AIC,agent_type
0,0.034109343825557574,7.5542764259108175,5f35d93793a88f0023c8d930,-61.583358,127.166716,null_model_2
