,attention_cost,exp_param,vm_param,pp_id,ll,AIC,agent_type
0,185.30341152078017,0.08841793571876339,6.562795973069385,5f35d74293a88f0023c8d67c,-55.219471,116.438942,sparse_lqr
