,exp_param,step_size,vm_param,pp_id,ll,AIC,agent_type
0,0.11371192436649674,0.3805227592893447,6.859714565461934,5f35d80393a88f0023c8d729,-50.253145,106.50629,hill_climbing
