,attention_cost,exp_param,step_size,vm_param,pp_id,ll,AIC,agent_type
0,6.62554536097438,0.02130584373604764,0.007156841306099004,3.1709607869282994,5f35d62693a88f0023c8d611,-88.51266,185.02532,sparse_max_continuous
