,attention_cost,exp_param,step_size,vm_param,pp_id,ll,AIC,agent_type
0,0.002134709803272017,0.045320661378590296,1.4328647123328788,4.413882653141307,5f362dee93a88f0023c91131,-68.88130574551744,145.76261149103487,sparse_max_continuous
