,attention_cost,exp_param,step_size,vm_param,pp_id,ll,AIC,agent_type
0,1.1256950251880915,0.043781204730406635,0.042670716953041365,5.5304520886955455,5f35d91293a88f0023c8d8e2,-61.87432763540315,131.7486552708063,sparse_max_discrete
