,attention_cost,exp_param,vm_param,pp_id,ll,AIC,agent_type
0,173.23433275486823,0.022445626050353655,3.993659984059368,5f3610a993a88f0023c90912,-81.094924,168.189848,sparse_lqr
