,b,exp_param,n,vm_param,pp_id,ll,AIC,agent_type
0,0.34409111720564156,0.06869797707066799,2.9382488913333753,4.211745256862134,5f361ea793a88f0023c90f71,-74.2265485,156.453097,null_model_1
