,attention_cost,exp_param,step_size,vm_param,pp_id,ll,AIC,agent_type
0,6.229582407408377,0.012089338002377388,0.12709569609356275,1.802970212233298,5f35e76793a88f0023c90491,-99.152545,206.30509,sparse_max_continuous
