,b,exp_param,n,vm_param,pp_id,ll,AIC,agent_type
0,2.410767545836394,0.019581935461150026,4.8964036166848715,2.0115932795626823,5f35d83993a88f0023c8d78b,-106.76941,221.53882,null_model_1
