,attention_cost,exp_param,step_size,vm_param,pp_id,ll,AIC,agent_type
0,28.799559167652514,0.0338975400087904,0.4494117679591088,4.035908858168581,5f3612ca93a88f0023c909a0,-75.860843,159.721686,sparse_max_discrete
