,exp_param,vm_param,pp_id,ll,AIC,agent_type
0,0.018515373959287897,9.83759686205497,5f35d76593a88f0023c8d688,-61.2128,126.4256,null_model_2
