,attention_cost,exp_param,step_size,vm_param,pp_id,ll,AIC,agent_type
0,10.151336190302494,0.021206933697988168,0.3363624192465719,9.41798615936987,5f35d7fa93a88f0023c8d725,-45.734944,99.469888,sparse_max_discrete
