,exp_param,vm_param,pp_id,ll,AIC,agent_type
0,0.040598888467424966,1.016367937465077,5f360ee993a88f0023c908e8,-106.914617,217.829234,lqr
