,attention_cost,exp_param,vm_param,pp_id,ll,AIC,agent_type
0,66.85245592592999,0.02143682985154598,3.499811589484759,5f35d83993a88f0023c8d78b,-84.638914,175.277828,sparse_lqr
