,attention_cost,exp_param,vm_param,pp_id,ll,AIC,agent_type
0,208.8625074597566,0.06430787032008156,6.346797718631193,5f35d80393a88f0023c8d729,-57.060492,120.120984,sparse_lqr
