,attention_cost,exp_param,step_size,vm_param,pp_id,ll,AIC,agent_type
0,0.0,0.12357476756148685,0.23482069332848654,9.98737138411569,5f35d72f93a88f0023c8d675,-32.001582,70.003164,hill_climbing
