,exp_param,vm_param,pp_id,ll,AIC,agent_type
0,0.0038225339801200285,2.064249969533308,5f35d91293a88f0023c8d8e2,-113.624077,231.248154,lqr
