,attention_cost,exp_param,step_size,vm_param,pp_id,ll,AIC,agent_type
0,12.813259029785351,0.010432444440751795,0.2366100364263714,4.912016250106551,5f35db0c93a88f0023c8deda,-88.70045562586928,185.40091125173856,sparse_max_continuous
