,exp_param,vm_param,pp_id,ll,AIC,agent_type
0,0.09570643444121912,1.716401747087054,5f35d80893a88f0023c8d735,-88.02367521105568,180.04735042211135,null_model_2
