attention_cost,exp_param,step_size,vm_param,pp_id,ll,AIC,agent_type
10.055702724304568,0.0089409828436146,0.0771386230236703,3.200303744199071,5f35d65d93a88f0023c8d629,-98.4635880445882,204.9271760891764,sparse_max_continuous
