,exp_param,vm_param,pp_id,ll,AIC,agent_type
0,0.012139986901780777,3.838737644694482,5f35e09e93a88f0023c8f979,-86.863542,177.727084,lqr
