,b,exp_param,n,vm_param,pp_id,ll,AIC,agent_type
0,1.60858945801593,0.026331087115262896,1.5902169770129504,5.140429094567626,5f35d77893a88f0023c8d691,-72.81849790000001,153.63699580000002,null_model_1
