,exp_param,step_size,vm_param,pp_id,ll,AIC,agent_type
0,0.051941382374038836,0.0,9.103635901417892,5f362fb593a88f0023c91191,-53.436685,112.87337,hill_climbing
