,attention_cost,exp_param,step_size,vm_param,pp_id,ll,AIC,agent_type
0,28.199116827611967,0.02739069572956792,1.4927062518865717,3.4676483997869543,5f3612ca93a88f0023c909a0,-81.76672,171.53344,sparse_max_discrete
