attention_cost,exp_param,step_size,vm_param,pp_id,ll,AIC,agent_type
29.07649035831781,0.0167413119453478,0.0582242951093026,8.513563158924558,5f35d83093a88f0023c8d771,-71.93018466353962,151.86036932707924,sparse_max_continuous
