,b,exp_param,n,vm_param,pp_id,ll,AIC,agent_type
0,1.9149305805732846,0.03492691488653549,3.84236861839262,2.5382097588995522,5f35e37d93a88f0023c8ffdc,-83.9960076,175.9920152,null_model_1
