,exp_param,step_size,vm_param,pp_id,ll,AIC,agent_type
0,0.009549674087828704,0.10740375434936289,2.245358224769345,5f35d62993a88f0023c8d613,-106.01837,218.03674,hill_climbing
