,exp_param,vm_param,pp_id,ll,AIC,agent_type
0,0.018864796320290457,5.084802705806032,5f35d64293a88f0023c8d61c,-75.422824,154.845648,null_model_2
