,exp_param,step_size,vm_param,pp_id,ll,AIC,agent_type
0,0.17392741058940556,0.2104405804635736,3.5938259006700424,5f35d73d93a88f0023c8d679,-62.491959,130.98391800000002,hill_climbing
