,attention_cost,exp_param,vm_param,pp_id,ll,AIC,agent_type
0,277.5208154330723,0.008682348083650164,3.1265830989148458,5f36101b93a88f0023c90907,-97.611,199.222,sparse_lqr
