,exp_param,vm_param,pp_id,ll,AIC,agent_type
0,0.003919202084505136,1.4382419297498794,5f35d81193a88f0023c8d742,-123.714723,251.429446,lqr
