,exp_param,vm_param,pp_id,ll,AIC,agent_type
0,0.0303893399808853,3.843285208366332,5f35d73993a88f0023c8d677,-78.32851715864922,160.65703431729844,null_model_2
