,attention_cost,exp_param,step_size,vm_param,pp_id,ll,AIC,agent_type
0,0.0,0.004268679381582442,0.2909235139516221,2.9432145733128645,5f36101b93a88f0023c90907,-101.14968874396564,208.29937748793128,hill_climbing
