,exp_param,vm_param,pp_id,ll,AIC,agent_type
0,0.005167079707367165,1.5490338644641999,5f35d78493a88f0023c8d69f,-118.9088,241.8176,lqr
