,attention_cost,exp_param,step_size,vm_param,pp_id,ll,AIC,agent_type
0,12.309200637411141,0.044597279982913844,0.9676487705887342,3.39005538652277,5f35d73993a88f0023c8d677,-68.15668342853063,144.31336685706125,sparse_max_discrete
