,attention_cost,exp_param,step_size,vm_param,pp_id,ll,AIC,agent_type
0,10.399825196196183,0.001,0.0,3.294881834707839,5f35e70693a88f0023c90462,-195.322252,398.644504,sparse_max_discrete
