,exp_param,step_size,vm_param,pp_id,ll,AIC,agent_type
0,0.06350773015677201,0.14327815701317986,9.918512328784763,5f35d7d693a88f0023c8d6f7,-52.065829,110.131658,hill_climbing
