,attention_cost,exp_param,step_size,vm_param,pp_id,ll,AIC,agent_type
0,1.1263559529403755,0.11723742450132242,1.2062198607937598,1.9151899666517136,5f35d80893a88f0023c8d735,-74.567713,157.135426,sparse_max_discrete
