,attention_cost,exp_param,step_size,vm_param,pp_id,ll,AIC,agent_type
0,25.172968731065772,0.045803064532353444,1.2944519614236496,9.87450429159322,5f362fb593a88f0023c91191,-52.97388,113.94776,sparse_max_continuous
