,exp_param,vm_param,pp_id,ll,AIC,agent_type
0,0.020678063745338707,4.957999981446723,5f35d64293a88f0023c8d61c,-75.46666260643154,154.93332521286308,null_model_2
