,exp_param,vm_param,pp_id,ll,AIC,agent_type
0,0.014290881996688896,1.7584865189886423,5f35d73d93a88f0023c8d679,-106.492496,216.984992,lqr
