,exp_param,vm_param,pp_id,ll,AIC,agent_type
0,0.04663889792945664,4.1463708282002,5f35e11793a88f0023c8fa8c,-72.151333,148.302666,null_model_2
