,exp_param,vm_param,pp_id,ll,AIC,agent_type
0,0.003741790397101937,1.1374324473358555,5f35d86c93a88f0023c8d7e9,-129.32605793367821,262.65211586735643,lqr
