,attention_cost,exp_param,step_size,vm_param,pp_id,ll,AIC,agent_type
0,0.0,0.010418498334135728,0.7723067237943012,2.6029621897273403,5f35d65d93a88f0023c8d629,-95.33426829084354,196.66853658168708,hill_climbing
