,exp_param,vm_param,pp_id,ll,AIC,agent_type
0,0.05421800168229256,9.966984178961493,5f35db9193a88f0023c8e13f,-39.938915,83.87783,null_model_2
