,attention_cost,exp_param,step_size,vm_param,pp_id,ll,AIC,agent_type
0,4.898262443845303,0.0828539747294997,0.54182839046838,5.732591224203319,5f362dee93a88f0023c91131,-60.82852,129.65704,sparse_max_discrete
