,attention_cost,exp_param,step_size,vm_param,pp_id,ll,AIC,agent_type
0,15.247530548030229,0.004339443837387984,0.01048265835307588,2.6722592599366237,5f35dae093a88f0023c8de20,-122.689139,253.378278,sparse_max_discrete
