,attention_cost,exp_param,step_size,vm_param,pp_id,ll,AIC,agent_type
0,22.728653778321974,0.017300100048695307,0.04545821142129708,6.762743832800262,5f35d94f93a88f0023c8d95c,-69.842386,147.684772,sparse_max_discrete
