,attention_cost,exp_param,step_size,vm_param,pp_id,ll,AIC,agent_type
0,0.0,0.00846083413447541,0.17624131624664152,4.57423773919158,5f35db0c93a88f0023c8deda,-86.652266,179.304532,hill_climbing
