,exp_param,vm_param,pp_id,ll,AIC,agent_type
0,0.03993424633003031,8.098506560258262,5f35d6bc93a88f0023c8d64b,-58.592482,121.184964,null_model_2
