exp_param,vm_param,pp_id,ll,AIC,agent_type
0.027121432906676,1.6571451943051865,5f35e76793a88f0023c90491,-102.6106983264812,209.22139665296243,null_model_2
