,attention_cost,exp_param,vm_param,pp_id,ll,AIC,agent_type
0,288.15082061026163,0.02458854351845864,4.408850618846469,5f3610a993a88f0023c90912,-78.90361347917367,161.80722695834734,sparse_lqr
