,exp_param,vm_param,pp_id,ll,AIC,agent_type
0,0.033971912115953816,2.4498442192242065,5f35d93793a88f0023c8d930,-88.998379,181.996758,null_model_2
