,attention_cost,exp_param,step_size,vm_param,pp_id,ll,AIC,agent_type
0,0.0,0.041957744339486305,0.5540519063442385,4.620408922649537,5f35d78493a88f0023c8d69f,-69.72044,145.44088,hill_climbing
