,exp_param,vm_param,pp_id,ll,AIC,agent_type
0,0.001437023193793604,1.8538026559387177,5f35d65d93a88f0023c8d629,-127.287044,258.57408799999996,lqr
