,attention_cost,exp_param,step_size,vm_param,pp_id,ll,AIC,agent_type
0,0.0,0.04524688307856067,0.03162140959957538,3.911517195362281,5f35d6af93a88f0023c8d646,-72.9766282717874,151.9532565435748,hill_climbing
