,attention_cost,exp_param,vm_param,pp_id,ll,AIC,agent_type
0,262.4074567141135,0.0338119182827666,4.569203745982816,5f35d78493a88f0023c8d69f,-74.83763,155.67526,sparse_lqr
