,attention_cost,exp_param,step_size,vm_param,pp_id,ll,AIC,agent_type
0,21.362685309680167,0.05915544714524479,0.2202492398374818,3.8855988965053214,5f35d5d093a88f0023c8d5f7,-78.72983658491637,165.45967316983274,sparse_max_discrete
