,attention_cost,exp_param,step_size,vm_param,pp_id,ll,AIC,agent_type
0,28.466323314409944,0.01348546304279483,1.4751172864459399,3.314413216512757,5f35e94193a88f0023c905da,-96.053621,200.107242,sparse_max_discrete
