attention_cost,exp_param,step_size,vm_param,pp_id,ll,AIC,agent_type
12.889950767111184,0.0339190627161898,0.0816949715727664,5.043859692473898,5f35d88193a88f0023c8d7ff,-66.1152567916493,140.2305135832986,sparse_max_continuous
