,exp_param,vm_param,pp_id,ll,AIC,agent_type
0,0.0011621638038408315,1.3691921846221589,5f35d65393a88f0023c8d623,-137.266585,278.53317,lqr
