,attention_cost,exp_param,step_size,vm_param,pp_id,ll,AIC,agent_type
0,0.020338744215652182,0.026937064031787944,1.3240026462582262,3.7056556107671454,5f362dee93a88f0023c91131,-79.57846,167.15692,sparse_max_continuous
