,exp_param,vm_param,pp_id,ll,AIC,agent_type
0,0.02679151890480039,5.72009266986144,5f35d90c93a88f0023c8d8d0,-70.19248065203604,144.38496130407208,null_model_2
