,attention_cost,exp_param,vm_param,pp_id,ll,AIC,agent_type
0,204.95368622092747,0.02931017472222753,2.8730182489475133,5f35e76793a88f0023c90491,-80.159808,166.319616,sparse_lqr
