,exp_param,vm_param,pp_id,ll,AIC,agent_type
0,0.002756863799009003,1.4479546315457703,5f35d63193a88f0023c8d616,-126.306895,256.61379,lqr
