,attention_cost,exp_param,vm_param,pp_id,ll,AIC,agent_type
0,240.38644576744167,0.025585083687098546,1.8942563255851208,5f35dc9193a88f0023c8e6bd,-101.694925,209.38985,sparse_lqr
