,attention_cost,exp_param,vm_param,pp_id,ll,AIC,agent_type
0,116.63077235709369,0.0759273445471305,2.1026054862641375,5f361ea793a88f0023c90f71,-86.17491075072775,176.3498215014555,sparse_lqr
