,exp_param,step_size,vm_param,pp_id,ll,AIC,agent_type
0,0.04710277915444449,0.04444742446426042,8.017770695689574,5f35d6bc93a88f0023c8d64b,-57.640239,121.280478,hill_climbing
