,exp_param,vm_param,pp_id,ll,AIC,agent_type
0,0.038542991731132265,1.8372546107202903,5f35d85593a88f0023c8d7c5,-95.366922,194.733844,null_model_2
