,exp_param,vm_param,pp_id,ll,AIC,agent_type
0,0.014389095003943288,1.53476136963278,5f35d73d93a88f0023c8d679,-109.442316328955,222.88463265791,lqr
