,attention_cost,exp_param,step_size,vm_param,pp_id,ll,AIC,agent_type
0,24.97519887847228,0.012051751554936922,0.251018258502191,2.0750065844972676,5f35d83093a88f0023c8d771,-102.054965,212.10993,sparse_max_discrete
