,attention_cost,exp_param,step_size,vm_param,pp_id,ll,AIC,agent_type
0,27.57551654790238,0.02139881289736887,0.1892202825403667,3.1560951423767447,5f3610a993a88f0023c90912,-80.192268,168.384536,sparse_max_discrete
