,attention_cost,exp_param,vm_param,pp_id,ll,AIC,agent_type
0,12.938788053384942,0.020726050309344237,5.706035701581759,5f36107b93a88f0023c9090e,-70.703635,145.40727,sparse_lqr
