,attention_cost,exp_param,step_size,vm_param,pp_id,ll,AIC,agent_type
0,0.0,0.025140835217672363,0.25197155747379163,3.7472163990147367,5f35db0b93a88f0023c8ded5,-79.038033,164.076066,hill_climbing
