,exp_param,vm_param,pp_id,ll,AIC,agent_type
0,0.02747266488847176,2.4473509594491913,5f35d71a93a88f0023c8d66c,-91.09966327443371,186.19932654886742,null_model_2
