,attention_cost,exp_param,step_size,vm_param,pp_id,ll,AIC,agent_type
0,28.714442962747356,0.025053116688057358,0.03903281763725841,4.438543591074363,5f35d78293a88f0023c8d697,-80.0557,168.1114,sparse_max_discrete
