,exp_param,vm_param,pp_id,ll,AIC,agent_type
0,0.00402661961323943,1.1203895194622238,5f35d62993a88f0023c8d613,-128.522302,261.044604,lqr
