,attention_cost,exp_param,step_size,vm_param,pp_id,ll,AIC,agent_type
0,27.506350279067718,0.01977336816342589,1.297167316520535,1.8146851892873628,5f35d67e93a88f0023c8d634,-101.75057855379985,211.5011571075997,sparse_max_discrete
