,attention_cost,exp_param,vm_param,pp_id,ll,AIC,agent_type
0,277.41125446080844,0.06567524345810731,9.913465087318091,5f35d72f93a88f0023c8d675,-36.344254,78.688508,sparse_lqr
