,attention_cost,exp_param,vm_param,pp_id,ll,AIC,agent_type
0,125.79025432000446,0.08967596287507128,9.945613317455555,5f35d73b93a88f0023c8d678,-54.62982815152231,113.25965630304462,sparse_lqr
