,attention_cost,exp_param,vm_param,pp_id,ll,AIC,agent_type
0,264.05396365023205,0.008567595229790654,2.7161685218446143,5f35db0c93a88f0023c8deda,-104.972685,215.94537,sparse_lqr
