,attention_cost,exp_param,step_size,vm_param,pp_id,ll,AIC,agent_type
0,0.0,0.04105611223196366,0.6951630389328748,9.491870537936155,5f35d91293a88f0023c8d8e2,-43.605866790735305,93.21173358147061,hill_climbing
