attention_cost,exp_param,step_size,vm_param,pp_id,ll,AIC,agent_type
0.0,0.066586455553709,0.3526312619439633,2.627902055439597,5f35d77893a88f0023c8d690,-91.54455664489424,189.0891132897885,hill_climbing
