,attention_cost,exp_param,step_size,vm_param,pp_id,ll,AIC,agent_type
0,17.955936742562983,0.004224343462012228,0.024197245170860693,9.358813872852231,5f35da4f93a88f0023c8dc28,-65.035125,138.07025,sparse_max_continuous
