,b,exp_param,n,vm_param,pp_id,ll,AIC,agent_type
0,1.8497872368214665,0.033476440113343796,1.0665915247611801,4.797781029781726,5f35d7d393a88f0023c8d6f4,-62.19668990139064,132.39337980278128,null_model_1
