,attention_cost,exp_param,step_size,vm_param,pp_id,ll,AIC,agent_type
0,15.149119165657112,0.06577789704122806,0.6982121456778883,3.454205340735373,5f36107b93a88f0023c9090e,-70.316229,148.632458,sparse_max_discrete
