,attention_cost,exp_param,step_size,vm_param,pp_id,ll,AIC,agent_type
0,18.540445660024538,0.13798937628971608,0.4756273986697629,2.1379333515800045,5f35e11793a88f0023c8fa8c,-80.52544840444972,169.05089680889944,sparse_max_discrete
