,exp_param,vm_param,pp_id,ll,AIC,agent_type
0,0.002421692229504774,2.205692814467912,5f35dba493a88f0023c8e193,-118.43442422570551,240.86884845141103,null_model_2
