,attention_cost,exp_param,vm_param,pp_id,ll,AIC,agent_type
0,95.62686079618047,0.023507298002579835,2.37185422938593,5f35e0a193a88f0023c8f986,-90.329519,186.659038,sparse_lqr
