,b,exp_param,n,vm_param,pp_id,ll,AIC,agent_type
0,4.419512946706218,0.042835692729696284,1.1975855385332572,1.5045502836766345,5f361ea793a88f0023c90f71,-88.41297690290607,184.82595380581213,null_model_1
