attention_cost,exp_param,step_size,vm_param,pp_id,ll,AIC,agent_type
18.54891202084394,0.0295751651180049,0.3765592196539844,4.380392089884251,5f35d63393a88f0023c8d617,-71.52708113421852,151.05416226843704,sparse_max_discrete
