,attention_cost,exp_param,vm_param,pp_id,ll,AIC,agent_type
0,46.391508497106045,0.020130341948010767,2.539552936094067,5f35d9ad93a88f0023c8da5b,-96.63351954068324,197.26703908136648,sparse_lqr
