,exp_param,step_size,vm_param,pp_id,ll,AIC,agent_type
0,0.09878981339833459,0.19635811187027885,4.911100622911911,5f360eea93a88f0023c908e9,-60.123781,126.247562,hill_climbing
