,exp_param,vm_param,pp_id,ll,AIC,agent_type
0,0.004037309508073182,2.1746217553972547,5f35d91293a88f0023c8d8e2,-113.441999,230.883998,lqr
