,attention_cost,exp_param,step_size,vm_param,pp_id,ll,AIC,agent_type
0,0.0,0.004449746360076331,0.23986227674913752,9.896730263328863,5f35d72493a88f0023c8d66f,-81.18847381949176,168.37694763898352,hill_climbing
