,exp_param,vm_param,pp_id,ll,AIC,agent_type
0,0.003166687841513551,2.379042098636951,5f35d72493a88f0023c8d66f,-115.986832,235.973664,null_model_2
