,b,exp_param,n,vm_param,pp_id,ll,AIC,agent_type
0,1.1963173953169695,0.036930231055666465,2.0268686415435555,2.348289748659348,5f361ea793a88f0023c90f71,-78.22393790000001,164.44787580000002,null_model_1
