,attention_cost,exp_param,vm_param,pp_id,ll,AIC,agent_type
0,76.14185999585644,0.10934073546089755,1.9924485227135191,5f35d80893a88f0023c8d735,-84.053346,174.106692,sparse_lqr
