attention_cost,exp_param,vm_param,pp_id,ll,AIC,agent_type
225.87777449398263,0.0083116503585359,3.2825610365078086,5f35db0c93a88f0023c8deda,-92.5746649197668,189.1493298395336,sparse_lqr
