attention_cost,exp_param,step_size,vm_param,pp_id,ll,AIC,agent_type
11.581893765441611,0.0417485608786812,0.0068402124278922,5.452538854505357,5f35d6b193a88f0023c8d648,-64.9947984808686,137.9895969617372,sparse_max_continuous
