,exp_param,vm_param,pp_id,ll,AIC,agent_type
0,0.05813510268297502,4.839373547272912,5f362dee93a88f0023c91131,-66.067745,136.13549,null_model_2
