,exp_param,vm_param,pp_id,ll,AIC,agent_type
0,0.049017072013663586,1.328842120256296,5f361f5693a88f0023c90f72,-100.512874,205.025748,null_model_2
