,exp_param,vm_param,pp_id,ll,AIC,agent_type
0,0.03612459106970805,5.5810050173049905,5f35df8293a88f0023c8f57b,-68.145323,140.290646,null_model_2
