,exp_param,step_size,vm_param,pp_id,ll,AIC,agent_type
0,0.06088495897523422,0.0,1.667852880192031,5f35d60393a88f0023c8d605,-84.105724,174.211448,hill_climbing
