,b,exp_param,n,vm_param,pp_id,ll,AIC,agent_type
0,1.0321349688838468,0.0519989499655429,4.548741128077537,2.588807810886775,5f35e09e93a88f0023c8f979,-90.30811,188.61622,null_model_1
