,exp_param,step_size,vm_param,pp_id,ll,AIC,agent_type
0,0.04903315090547384,0.44285785052177495,3.2410085394094534,5f35d84893a88f0023c8d7af,-77.026029,160.052058,hill_climbing
