,exp_param,vm_param,pp_id,ll,AIC,agent_type
0,0.0022892800756647955,1.3602821621663475,5f35d77893a88f0023c8d690,-131.39811,266.79622,lqr
