,attention_cost,exp_param,step_size,vm_param,pp_id,ll,AIC,agent_type
0,0.0,0.17027868433730808,0.21638942746779577,3.628190259929166,5f35d73d93a88f0023c8d679,-62.48476,130.96952,hill_climbing
