,exp_param,vm_param,pp_id,ll,AIC,agent_type
0,0.029266321533926592,5.151929358438,5f35d88193a88f0023c8d7ff,-71.930931,147.861862,null_model_2
