,b,exp_param,n,vm_param,pp_id,ll,AIC,agent_type
0,5.146462554460718,0.015862198133719852,4.161936889541181,3.7434949006349774,5f35d91293a88f0023c8d8e2,-74.28976049999999,156.57952099999997,null_model_1
