,attention_cost,exp_param,step_size,vm_param,pp_id,ll,AIC,agent_type
0,15.216288936622387,0.010200004181825185,1.476562567971043,3.111054122861654,5f35e93693a88f0023c905d9,-97.2212152690484,202.4424305380968,sparse_max_discrete
