attention_cost,exp_param,step_size,vm_param,pp_id,ll,AIC,agent_type
28.056770826746288,0.0389066444591893,0.8183229916356785,4.270642251785062,5f35d73993a88f0023c8d677,-73.78762668622022,155.57525337244044,sparse_max_continuous
