,attention_cost,exp_param,step_size,vm_param,pp_id,ll,AIC,agent_type
0,11.712022199533838,0.0053169979693769714,0.765999799134063,4.417326002782662,5f36121793a88f0023c9095f,-76.068438,160.136876,sparse_max_continuous
