,attention_cost,exp_param,step_size,vm_param,pp_id,ll,AIC,agent_type
0,25.35884436997926,0.0219300202815473,0.14109892522175704,6.788182508135531,5f35d7f093a88f0023c8d716,-79.322462,166.644924,sparse_max_continuous
