,attention_cost,exp_param,step_size,vm_param,pp_id,ll,AIC,agent_type
0,0.0,0.019395429637285147,0.0065941284217393425,3.658608372091675,5f35df1293a88f0023c8f3db,-86.6149,179.2298,hill_climbing
