,exp_param,step_size,vm_param,pp_id,ll,AIC,agent_type
0,0.008189958548814213,1.1090284942397393,1.6561905452570147,5f35e93693a88f0023c905d9,-109.419138,224.838276,hill_climbing
