,attention_cost,exp_param,step_size,vm_param,pp_id,ll,AIC,agent_type
0,3.3696640622290808,0.22687511869875904,1.4611309188918447,2.2958732760803247,5f361f5693a88f0023c90f72,-78.418481,164.836962,sparse_max_discrete
