,b,exp_param,n,vm_param,pp_id,ll,AIC,agent_type
0,1.2840722529667605,0.31336847499932097,1.2227936508484185,2.9386248547054414,5f35da6493a88f0023c8dc69,-71.5461433,151.0922866,null_model_1
