,attention_cost,exp_param,vm_param,pp_id,ll,AIC,agent_type
0,73.19775257023038,0.031803271350929044,2.8472677893859366,5f35d62693a88f0023c8d611,-88.0764,180.1528,sparse_lqr
