,exp_param,vm_param,pp_id,ll,AIC,agent_type
0,0.003854833055597445,1.670521983739146,5f35d86c93a88f0023c8d7e9,-120.479678,244.959356,lqr
