attention_cost,exp_param,step_size,vm_param,pp_id,ll,AIC,agent_type
1.3365563563428515,0.1083866349769868,0.338564007911782,7.129889803826766,5f35df8293a88f0023c8f57b,-55.844325297888986,119.68865059577796,sparse_max_discrete
