exp_param,vm_param,pp_id,ll,AIC,agent_type
0.0631079067346074,8.267308359036843,5f35d72f93a88f0023c8d675,-53.53717486799639,111.07434973599278,null_model_2
