,attention_cost,exp_param,step_size,vm_param,pp_id,ll,AIC,agent_type
0,1.0435445187335612,0.10574505778236493,0.7170333722884693,2.6272981797865635,5f35d80893a88f0023c8d735,-76.402917,160.805834,sparse_max_discrete
