,attention_cost,exp_param,step_size,vm_param,pp_id,ll,AIC,agent_type
0,0.0,0.041353304313623426,0.06969483829204076,7.742043259272444,5f35d6bc93a88f0023c8d64b,-57.619913,121.239826,hill_climbing
