,attention_cost,exp_param,vm_param,pp_id,ll,AIC,agent_type
0,85.0319988231896,0.025747695158463,1.958921857597845,5f35e0a193a88f0023c8f986,-90.433738,186.867476,sparse_lqr
