,b,exp_param,n,vm_param,pp_id,ll,AIC,agent_type
0,1.07813706888506,0.015565188911369016,2.1508957354212295,3.07424563593371,5f3626b693a88f0023c91063,-96.6167067,201.2334134,null_model_1
