,attention_cost,exp_param,step_size,vm_param,pp_id,ll,AIC,agent_type
0,0.04033300027535325,0.5570749116074273,0.03339911407720819,4.449168980765189,5f360ff993a88f0023c90904,-50.3136,108.6272,sparse_max_continuous
