,attention_cost,exp_param,step_size,vm_param,pp_id,ll,AIC,agent_type
0,0.0,0.06543408339534629,0.24546783790476107,5.2010045591600225,5f35df8293a88f0023c8f57b,-61.921128,129.84225600000002,hill_climbing
