,attention_cost,exp_param,step_size,vm_param,pp_id,ll,AIC,agent_type
0,0.0,0.020579292079957224,0.006267282353784709,8.167430666557749,5f35d76593a88f0023c8d688,-61.765483,129.530966,hill_climbing
