,exp_param,vm_param,pp_id,ll,AIC,agent_type
0,0.0018746104370823426,1.228788089790721,5f35d71c93a88f0023c8d66e,-134.329693,272.659386,lqr
