,attention_cost,exp_param,step_size,vm_param,pp_id,ll,AIC,agent_type
0,10.415906923483432,0.032305095738030344,0.5703999751182702,3.1916366948426522,5f35d9ad93a88f0023c8da5b,-92.996046,193.992092,sparse_max_discrete
