exp_param,vm_param,pp_id,ll,AIC,agent_type
0.0313068520781087,2.634848597989621,5f35d65893a88f0023c8d625,-87.8449563905542,179.6899127811084,null_model_2
