,attention_cost,exp_param,step_size,vm_param,pp_id,ll,AIC,agent_type
0,3.9935280269826876,0.04158125084642827,0.31627981413649875,3.878259664540412,5f35d78493a88f0023c8d69f,-73.672122,155.344244,sparse_max_discrete
