,exp_param,vm_param,pp_id,ll,AIC,agent_type
0,0.01871167943446667,2.8313441609538903,5f35d83993a88f0023c8d78b,-90.255623,184.511246,null_model_2
