,attention_cost,exp_param,vm_param,pp_id,ll,AIC,agent_type
0,85.68229970653536,0.04886374881614093,9.984366226957121,5f35d6bc93a88f0023c8d64b,-34.829408,73.658816,sparse_lqr
