,attention_cost,exp_param,step_size,vm_param,pp_id,ll,AIC,agent_type
0,23.374201202936188,0.002596848654581204,0.1082193047636617,2.6002930179953343,5f35d72493a88f0023c8d66f,-116.391447,240.782894,sparse_max_continuous
