,attention_cost,exp_param,vm_param,pp_id,ll,AIC,agent_type
0,213.9098570748988,0.02642097688704993,4.7621592677276405,5f35d64293a88f0023c8d61c,-78.486757,162.973514,sparse_lqr
