,attention_cost,exp_param,step_size,vm_param,pp_id,ll,AIC,agent_type
0,0.0,0.051645850310523295,0.2643659216860841,7.1339948281226295,5f35d77893a88f0023c8d691,-44.862345,95.72469,hill_climbing
