,attention_cost,exp_param,step_size,vm_param,pp_id,ll,AIC,agent_type
0,17.828875813242444,0.023988520256618573,0.1557304778156421,5.474598436090233,5f35dafe93a88f0023c8de97,-69.344888,146.689776,sparse_max_discrete
