,attention_cost,exp_param,vm_param,pp_id,ll,AIC,agent_type
0,102.80667238598453,0.06914113906828742,3.7792417932809985,5f360eea93a88f0023c908e9,-70.706533,147.413066,sparse_lqr
