attention_cost,exp_param,step_size,vm_param,pp_id,ll,AIC,agent_type
17.172153373039478,0.045800489254499,1.1806744344837512,1.8960594781829652,5f35d85593a88f0023c8d7c5,-88.78570481710287,185.5714096342057,sparse_max_continuous
