,exp_param,vm_param,pp_id,ll,AIC,agent_type
0,0.02800440209224676,3.3622806899528577,5f35df8793a88f0023c8f599,-83.0966,170.1932,null_model_2
