,exp_param,vm_param,pp_id,ll,AIC,agent_type
0,0.0029979009570323674,9.892118020445881,5f35da4f93a88f0023c8dc28,-64.021898,132.043796,null_model_2
