,attention_cost,exp_param,vm_param,pp_id,ll,AIC,agent_type
0,91.14114920758138,0.029199662059620914,2.3243111711055198,5f35d84893a88f0023c8d7af,-90.673075,187.34615,sparse_lqr
