,attention_cost,exp_param,vm_param,pp_id,ll,AIC,agent_type
0,281.21159493294374,0.008048593349086223,2.4087223037377936,5f35db0c93a88f0023c8deda,-105.270555,216.54111,sparse_lqr
