,attention_cost,exp_param,step_size,vm_param,pp_id,ll,AIC,agent_type
0,18.201395448513544,0.023405598693290088,0.04098039995411218,9.238632855689001,5f35d90c93a88f0023c8d8d0,-66.908501,141.817002,sparse_max_continuous
