,b,exp_param,n,vm_param,pp_id,ll,AIC,agent_type
0,5.154431304862628,0.0068036179160124105,1.0283240165693446,7.130713241924821,5f35d78293a88f0023c8d697,-62.0747114,132.1494228,null_model_1
