attention_cost,exp_param,vm_param,pp_id,ll,AIC,agent_type
72.44861569828012,0.0358514679240884,6.571239569696196,5f362fb593a88f0023c91191,-64.00418439715486,132.00836879430972,sparse_lqr
