,attention_cost,exp_param,step_size,vm_param,pp_id,ll,AIC,agent_type
0,28.93644821466514,0.016687196965024485,1.481049107625768,5.460043409520879,5f35d70093a88f0023c8d662,-68.534175,145.06835,sparse_max_discrete
