,attention_cost,exp_param,vm_param,pp_id,ll,AIC,agent_type
0,26.8892096782386,0.21156017114493172,5.028243835184045,5f35d60a93a88f0023c8d608,-55.434309,116.868618,sparse_lqr
