,attention_cost,exp_param,vm_param,pp_id,ll,AIC,agent_type
0,53.52891286992004,0.06276012047608419,9.565877183137719,5f35d79293a88f0023c8d6a1,-42.092048,90.184096,sparse_lqr
