,exp_param,vm_param,pp_id,ll,AIC,agent_type
0,0.006895869167941122,1.7312778555839037,5f35d6ae93a88f0023c8d644,-114.096216,232.192432,lqr
