,attention_cost,exp_param,step_size,vm_param,pp_id,ll,AIC,agent_type
0,0.03318701279011016,0.031243404780790195,0.4160873877367312,3.841445972902373,5f35d77893a88f0023c8d691,-63.586137,135.17227400000002,sparse_max_continuous
