attention_cost,exp_param,vm_param,pp_id,ll,AIC,agent_type
113.6925926995345,0.0140709805714723,1.633448133637263,5f35d62993a88f0023c8d613,-121.17352211670492,246.34704423340983,sparse_lqr
