exp_param,vm_param,pp_id,ll,AIC,agent_type
0.0248395567755179,0.5650501279983622,5f35e37d93a88f0023c8ffdc,-117.95983674968188,239.9196734993637,lqr
