attention_cost,exp_param,step_size,vm_param,pp_id,ll,AIC,agent_type
18.83736480478519,0.0212710503766194,0.0093939391232524,9.576559181124098,5f35d76593a88f0023c8d688,-61.33950492794973,130.6790098558995,sparse_max_discrete
