,attention_cost,exp_param,vm_param,pp_id,ll,AIC,agent_type
0,63.57982199237665,0.03765119212377376,5.812102022652259,5f35dafe93a88f0023c8de97,-70.023509,146.047018,sparse_lqr
