,attention_cost,exp_param,step_size,vm_param,pp_id,ll,AIC,agent_type
0,21.046030119800164,0.04079141361714428,0.7672623445558826,4.277632057704612,5f35d64293a88f0023c8d61c,-74.059857,156.119714,sparse_max_discrete
