attention_cost,exp_param,step_size,vm_param,pp_id,ll,AIC,agent_type
4.335990901764997,0.0299368157118144,0.7479532010023151,0.5431586521067389,5f35d8b893a88f0023c8d833,-108.15956456176988,224.31912912353977,sparse_max_continuous
