,exp_param,vm_param,pp_id,ll,AIC,agent_type
0,0.025278183757093082,4.268855736237463,5f35e76793a88f0023c90491,-77.761956,159.523912,lqr
