,exp_param,vm_param,pp_id,ll,AIC,agent_type
0,0.029101315787524198,0.48496907320056404,5f35d74293a88f0023c8d67c,-116.9703,237.9406,lqr
