,exp_param,step_size,vm_param,pp_id,ll,AIC,agent_type
0,0.04495527862774639,0.0,6.692383710110857,5f35d73b93a88f0023c8d678,-57.128638,120.257276,hill_climbing
