,attention_cost,exp_param,step_size,vm_param,pp_id,ll,AIC,agent_type
0,0.0,0.029042829756988037,1.455394582970806,1.6561442248337002,5f35d67e93a88f0023c8d634,-106.669483,219.338966,hill_climbing
