,attention_cost,exp_param,step_size,vm_param,pp_id,ll,AIC,agent_type
0,16.613222384579977,0.014389913773310812,0.6894556809021419,3.3962965306676174,5f35e93693a88f0023c905d9,-97.36062062989694,202.72124125979389,sparse_max_continuous
