,attention_cost,exp_param,step_size,vm_param,pp_id,ll,AIC,agent_type
0,0.0,0.044612704287078433,0.07287123785380223,6.02183618704124,5f35d6b193a88f0023c8d648,-65.325984,136.651968,hill_climbing
