attention_cost,exp_param,step_size,vm_param,pp_id,ll,AIC,agent_type
26.36516347508045,0.0383999625348585,0.1218978628330886,9.80722606093527,5f35dafe93a88f0023c8de97,-38.79102707427153,85.58205414854307,sparse_max_discrete
