,attention_cost,exp_param,step_size,vm_param,pp_id,ll,AIC,agent_type
0,23.85756083878564,0.004045916210928429,0.14763439450650362,3.0647685086215692,5f36101b93a88f0023c90907,-106.97394766775254,221.94789533550508,sparse_max_continuous
