,attention_cost,exp_param,step_size,vm_param,pp_id,ll,AIC,agent_type
0,2.9130250701953195,0.3332269807736884,1.2066430474750673,1.4884408137269791,5f35dcae93a88f0023c8e7a3,-81.898121,171.796242,sparse_max_discrete
