,exp_param,vm_param,pp_id,ll,AIC,agent_type
0,0.004178687260825927,0.6122196083503073,5f35d62993a88f0023c8d613,-135.222762,274.445524,lqr
