attention_cost,exp_param,vm_param,pp_id,ll,AIC,agent_type
106.5082903177482,0.0328086978659305,5.828620210304809,5f35d90c93a88f0023c8d8d0,-68.98056542812138,141.96113085624276,sparse_lqr
