,exp_param,vm_param,pp_id,ll,AIC,agent_type
0,0.06293137136858874,2.3670554700604174,5f35e37d93a88f0023c8ffdc,-83.738052,171.476104,null_model_2
