,exp_param,vm_param,pp_id,ll,AIC,agent_type
0,0.0692626999990458,2.0632536452321215,5f35d60393a88f0023c8d605,-86.533877,177.067754,null_model_2
