,exp_param,step_size,vm_param,pp_id,ll,AIC,agent_type
0,0.04463631424821568,0.4564929325600624,5.51438922037841,5f35d65893a88f0023c8d625,-61.783593,129.567186,hill_climbing
