,exp_param,vm_param,pp_id,ll,AIC,agent_type
0,0.008745291663978964,1.3103711431440779,5f35d72f93a88f0023c8d675,-118.21821481804838,240.43642963609676,lqr
