exp_param,vm_param,pp_id,ll,AIC,agent_type
0.0034277763276832,1.0132335764295786,5f360f4693a88f0023c908ef,-131.36469924273206,266.7293984854641,lqr
