,attention_cost,exp_param,vm_param,pp_id,ll,AIC,agent_type
0,241.02473436060825,0.028980012659818404,7.819612827703494,5f35db0b93a88f0023c8ded5,-64.603201,135.206402,sparse_lqr
