attention_cost,exp_param,step_size,vm_param,pp_id,ll,AIC,agent_type
0.0,0.0410561122319636,0.6951630389328748,9.491870537936157,5f35d91293a88f0023c8d8e2,-43.605866790735305,93.2117335814706,hill_climbing
