,b,exp_param,n,vm_param,pp_id,ll,AIC,agent_type
0,2.315961331593469,0.012544226008417012,4.089934471677426,5.609754103127766,5f35dc9193a88f0023c8e6bd,-76.09344370000001,160.18688740000002,null_model_1
