,attention_cost,exp_param,vm_param,pp_id,ll,AIC,agent_type
0,90.07450186017002,0.14386282242984127,9.013084363492737,5f35da2c93a88f0023c8db97,-29.325135,64.65027,sparse_lqr
