,exp_param,step_size,vm_param,pp_id,ll,AIC,agent_type
0,0.0922580055136595,0.10295864179987119,5.697256520371276,5f35d60a93a88f0023c8d608,-55.383157,116.766314,hill_climbing
