,attention_cost,exp_param,vm_param,pp_id,ll,AIC,agent_type
0,127.31453452412529,0.0020744827804417,2.9162975598812837,5f35dae093a88f0023c8de20,-119.809521,243.619042,sparse_lqr
