,attention_cost,exp_param,vm_param,pp_id,ll,AIC,agent_type
0,58.50820899643193,0.07023307504918666,7.887133406566055,5f35d82093a88f0023c8d751,-42.228627,90.457254,sparse_lqr
