,attention_cost,exp_param,vm_param,pp_id,ll,AIC,agent_type
0,87.37684488405759,0.08664798086067522,3.1236389752502127,5f360ee993a88f0023c908e8,-70.436373,146.872746,sparse_lqr
