,attention_cost,exp_param,step_size,vm_param,pp_id,ll,AIC,agent_type
0,0.0,0.043264820994001106,0.11123238334454466,4.027658844863771,5f35d70093a88f0023c8d662,-72.373533,150.747066,hill_climbing
