,b,exp_param,n,vm_param,pp_id,ll,AIC,agent_type
0,3.532191156701181,0.02200151626326965,2.20556176766748,8.702850408886151,5f35d88193a88f0023c8d7ff,-51.075178199999996,110.15035639999999,null_model_1
