attention_cost,exp_param,step_size,vm_param,pp_id,ll,AIC,agent_type
0.0,0.10247989447022,0.3387103836468527,9.713204692732113,5f35d73b93a88f0023c8d678,-46.450796552373006,98.901593104746,hill_climbing
