b,exp_param,n,vm_param,pp_id,ll,AIC,agent_type
1.0403945549381306,0.1303029130805478,1.008372912222324,7.13081986900634,5f362fb593a88f0023c91191,-40.4370623112916,88.8741246225832,null_model_1
