,exp_param,vm_param,pp_id,ll,AIC,agent_type
0,0.005527520419831956,1.5059761957658102,5f35d7a693a88f0023c8d6b2,-119.640254,243.280508,null_model_2
