,exp_param,vm_param,pp_id,ll,AIC,agent_type
0,0.001336082610238242,1.066992379435906,5f35d77893a88f0023c8d691,-140.20785546544727,284.41571093089453,lqr
