,attention_cost,exp_param,step_size,vm_param,pp_id,ll,AIC,agent_type
0,0.0,0.10149575261364943,0.6510567973654982,9.57207610068735,5f35db9193a88f0023c8e13f,-38.20174790927383,82.40349581854765,hill_climbing
