,attention_cost,exp_param,vm_param,pp_id,ll,AIC,agent_type
0,79.38185822172377,0.03373601980849489,2.097845403962771,5f35e0a193a88f0023c8f986,-89.612298,185.224596,sparse_lqr
