,attention_cost,exp_param,vm_param,pp_id,ll,AIC,agent_type
0,144.88566257565654,0.022571756692499053,4.637240374588037,5f35d8e393a88f0023c8d887,-76.833563,159.667126,sparse_lqr
