,attention_cost,exp_param,step_size,vm_param,pp_id,ll,AIC,agent_type
0,2.8861884379949965,0.002666622023238427,0.09435002546249538,2.9820333000662402,5f360ea493a88f0023c908e6,-113.00030210286408,234.00060420572817,sparse_max_discrete
