,exp_param,vm_param,pp_id,ll,AIC,agent_type
0,0.003859003228441164,2.8099850386748115,5f35d78293a88f0023c8d697,-106.5767,217.1534,lqr
