,attention_cost,exp_param,vm_param,pp_id,ll,AIC,agent_type
0,208.38192934518756,0.03358879901788662,2.3049216218930937,5f35d77893a88f0023c8d690,-94.322568,194.645136,sparse_lqr
