attention_cost,exp_param,step_size,vm_param,pp_id,ll,AIC,agent_type
19.63297942852041,0.0226280242822528,0.2032679280058756,2.8957203822388697,5f35d94f93a88f0023c8d95c,-100.02951623047724,208.05903246095448,sparse_max_discrete
