,b,exp_param,n,vm_param,pp_id,ll,AIC,agent_type
0,17.107894358424275,0.014007712749407677,1.0876428157366864,1.8527768586078963,5f35d83093a88f0023c8d771,-103.3183041,214.6366082,null_model_1
