,exp_param,vm_param,pp_id,ll,AIC,agent_type
0,0.08111526371606716,5.233551954113061,5f35d97e93a88f0023c8d9d4,-61.08006377371172,126.16012754742344,null_model_2
