,attention_cost,exp_param,vm_param,pp_id,ll,AIC,agent_type
0,105.09797476928601,0.016990822008533444,6.308112417589164,5f35d83093a88f0023c8d771,-71.20868175738144,146.41736351476288,sparse_lqr
