,attention_cost,exp_param,vm_param,pp_id,ll,AIC,agent_type
0,30.026998553994222,0.03946194954055171,4.96198610415019,5f35d78493a88f0023c8d69f,-72.736782,151.473564,sparse_lqr
