exp_param,vm_param,pp_id,ll,AIC,agent_type
0.0139848737411413,0.9195149719265994,5f35d6aa93a88f0023c8d642,-119.28827239019918,242.5765447803984,lqr
