,attention_cost,exp_param,vm_param,pp_id,ll,AIC,agent_type
0,208.75384017969793,0.07287527294383712,9.710833196254638,5f35d88193a88f0023c8d7ff,-52.07894,110.15788,sparse_lqr
