attention_cost,exp_param,step_size,vm_param,pp_id,ll,AIC,agent_type
23.964727252341454,0.0619131491586698,0.0181278098139768,5.205922710319175,5f35d7d693a88f0023c8d6f7,-64.71114953451817,137.42229906903634,sparse_max_continuous
