,exp_param,vm_param,pp_id,ll,AIC,agent_type
0,0.02756012793805641,1.9398689981838402,5f35d71a93a88f0023c8d66c,-97.552889,199.105778,null_model_2
