,attention_cost,exp_param,step_size,vm_param,pp_id,ll,AIC,agent_type
0,7.0375256504993855,0.01608222280476629,0.13648281573952503,4.105495103186064,5f36121793a88f0023c9095f,-73.816148,155.632296,sparse_max_discrete
