,exp_param,step_size,vm_param,pp_id,ll,AIC,agent_type
0,0.006609590658804679,0.6490958178817964,1.686198868365224,5f35d7a693a88f0023c8d6b2,-116.522216,239.044432,hill_climbing
