attention_cost,exp_param,step_size,vm_param,pp_id,ll,AIC,agent_type
0.437061952899952,0.2159943770078331,0.1760653804696946,7.674235177414532,5f35da2c93a88f0023c8db97,-49.66231035573639,107.32462071147278,sparse_max_continuous
