exp_param,vm_param,pp_id,ll,AIC,agent_type
0.0571021641705777,2.561169354971229,5f35d6f793a88f0023c8d65f,-82.646732849133,169.293465698266,null_model_2
