,attention_cost,exp_param,step_size,vm_param,pp_id,ll,AIC,agent_type
0,0.0,0.0025275424980059154,0.09583762183660882,9.958618286765141,5f35da4f93a88f0023c8dc28,-64.9814,135.9628,hill_climbing
