attention_cost,exp_param,step_size,vm_param,pp_id,ll,AIC,agent_type
0.0,0.0881534717598477,0.0086667829627062,2.887891741915944,5f35d5d093a88f0023c8d5f7,-80.55268136674934,167.10536273349868,hill_climbing
