,attention_cost,exp_param,step_size,vm_param,pp_id,ll,AIC,agent_type
0,0.0,0.015032152711893138,0.46900168148068133,6.290143589446652,5f35dc7593a88f0023c8e5d3,-79.52283982583897,165.04567965167794,hill_climbing
