,exp_param,step_size,vm_param,pp_id,ll,AIC,agent_type
0,0.013933690980116556,0.21071140874326372,3.5857425379640064,5f35d81193a88f0023c8d742,-84.710224,175.420448,hill_climbing
