,attention_cost,exp_param,step_size,vm_param,pp_id,ll,AIC,agent_type
0,2.7958923589708053,0.04021695069235432,0.03735338699520169,8.410793846552494,5f35d73b93a88f0023c8d678,-54.26291,116.52582,sparse_max_discrete
