,b,exp_param,n,vm_param,pp_id,ll,AIC,agent_type
0,8.821152125642623,0.0018535579921851318,2.8997851396266063,1.2681799757600987,5f35dba493a88f0023c8e193,-128.7296918,265.4593836,null_model_1
