,attention_cost,exp_param,vm_param,pp_id,ll,AIC,agent_type
0,288.75684214923183,0.0037111123798977273,3.432222419719342,5f35d61893a88f0023c8d60c,-96.849439,199.698878,sparse_lqr
