,attention_cost,exp_param,step_size,vm_param,pp_id,ll,AIC,agent_type
0,2.7349221998761983,0.12962898421013813,1.4342196047671623,1.8507115076324898,5f35d80893a88f0023c8d735,-80.31183991459864,168.62367982919727,sparse_max_discrete
