,exp_param,vm_param,pp_id,ll,AIC,agent_type
0,0.00564083563877626,1.7834931730639814,5f35d63393a88f0023c8d617,-115.367772,234.735544,lqr
