,attention_cost,exp_param,step_size,vm_param,pp_id,ll,AIC,agent_type
0,0.0,0.12707784682920947,0.7809403902269489,1.8621786568117837,5f361f5693a88f0023c90f72,-83.774701,173.549402,hill_climbing
