,attention_cost,exp_param,step_size,vm_param,pp_id,ll,AIC,agent_type
0,4.60120022583056,0.1909621712095251,0.9488406278349757,1.816758304422445,5f35dcae93a88f0023c8e7a3,-79.058349,166.116698,sparse_max_discrete
