,exp_param,vm_param,pp_id,ll,AIC,agent_type
0,0.023308817331711053,5.724064093185744,5f35dafe93a88f0023c8de97,-71.280186,146.560372,null_model_2
