,attention_cost,exp_param,step_size,vm_param,pp_id,ll,AIC,agent_type
0,0.0,0.03171962208813501,0.22992847575174913,3.8030922407732564,5f35db0b93a88f0023c8ded5,-78.82098640645707,163.64197281291413,hill_climbing
