exp_param,vm_param,pp_id,ll,AIC,agent_type
0.0031197174373893,1.6507712822107434,5f35d6bc93a88f0023c8d64b,-123.28051839056202,250.56103678112405,lqr
