,attention_cost,exp_param,step_size,vm_param,pp_id,ll,AIC,agent_type
0,0.0,0.08467489178243891,0.29908153622981176,3.1085460362280735,5f35da6493a88f0023c8dc69,-73.609614,153.219228,hill_climbing
