,b,exp_param,n,vm_param,pp_id,ll,AIC,agent_type
0,0.0,0.03,1.0,2.0,5f360ee993a88f0023c908e8,-82.77188620000001,173.54377240000002,null_model_1
