,attention_cost,exp_param,vm_param,pp_id,ll,AIC,agent_type
0,90.02431377760693,0.08102354016224324,9.046310029362429,5f35db9193a88f0023c8e13f,-37.777154,81.554308,sparse_lqr
