,attention_cost,exp_param,step_size,vm_param,pp_id,ll,AIC,agent_type
0,0.0,0.005880165304566673,0.6644220602553769,2.084551898202882,5f360f4693a88f0023c908ef,-105.09459006302592,216.18918012605184,hill_climbing
