,attention_cost,exp_param,step_size,vm_param,pp_id,ll,AIC,agent_type
0,18.772327209975785,0.011155621079562677,0.6675797785536632,1.5502316499807711,5f35e93693a88f0023c905d9,-101.599522,211.199044,sparse_max_discrete
