,exp_param,vm_param,pp_id,ll,AIC,agent_type
0,0.002549229131249655,1.983396261274244,5f35dae093a88f0023c8de20,-119.832769,243.665538,null_model_2
