,attention_cost,exp_param,vm_param,pp_id,ll,AIC,agent_type
0,191.19895986160614,0.030922024205121995,2.834961416034434,5f35dfdb93a88f0023c8f6da,-82.800689,171.601378,sparse_lqr
