,exp_param,vm_param,pp_id,ll,AIC,agent_type
0,0.06535490806215916,4.63864291980744,5f361ea793a88f0023c90f71,-66.288623,136.577246,null_model_2
