,b,exp_param,n,vm_param,pp_id,ll,AIC,agent_type
0,4.419512946706218,0.042835692729696284,1.1975855385332572,1.5045502836766345,5f35dcae93a88f0023c8e7a3,-100.13812942472035,208.2762588494407,null_model_1
