,attention_cost,exp_param,vm_param,pp_id,ll,AIC,agent_type
0,96.25901760650737,0.024038121299002773,2.3767003875861503,5f35d84893a88f0023c8d7af,-90.115361,186.230722,sparse_lqr
