,attention_cost,exp_param,step_size,vm_param,pp_id,ll,AIC,agent_type
0,20.613709821374982,0.006196336498695779,0.5826876682165164,1.7788722970335236,5f35d7a693a88f0023c8d6b2,-113.842073,235.684146,sparse_max_discrete
