,attention_cost,exp_param,step_size,vm_param,pp_id,ll,AIC,agent_type
0,7.854072216866551,0.01096575000438773,0.5696218193605853,6.495522336438557,5f36121793a88f0023c9095f,-73.17240580661837,154.34481161323674,sparse_max_continuous
