,exp_param,vm_param,pp_id,ll,AIC,agent_type
0,0.00491659791515617,2.1212972111862802,5f35d84893a88f0023c8d7af,-111.942902,227.885804,lqr
