,attention_cost,exp_param,vm_param,pp_id,ll,AIC,agent_type
0,46.21596645589495,0.03265705905245407,4.010469282506564,5f36121793a88f0023c9095f,-70.962725,147.92545,sparse_lqr
