,attention_cost,exp_param,step_size,vm_param,pp_id,ll,AIC,agent_type
0,10.69264072826737,0.022072847493244785,0.3734462914640097,8.397514217836244,5f35d65393a88f0023c8d623,-62.289315,132.57863,sparse_max_discrete
