,b,exp_param,n,vm_param,pp_id,ll,AIC,agent_type
0,22.08570426758648,0.0042714094264825805,1.885734498583898,2.101761224134254,5f36101b93a88f0023c90907,-104.60306936993769,217.20613873987537,null_model_1
