,b,exp_param,n,vm_param,pp_id,ll,AIC,agent_type
0,8.233426154746606,0.009201892916767075,1.2259944281880335,2.357130810453442,5f35d6aa93a88f0023c8d642,-104.08578075120644,216.17156150241289,null_model_1
