,attention_cost,exp_param,vm_param,pp_id,ll,AIC,agent_type
0,224.14440733523926,0.003729040172719233,1.7455581414127197,5f35d7a693a88f0023c8d6b2,-116.0871596348766,236.1743192697532,sparse_lqr
