,attention_cost,exp_param,step_size,vm_param,pp_id,ll,AIC,agent_type
0,0.0,0.03140335429086044,1.0986936903747873,3.280342447966663,5f35d9ad93a88f0023c8da5b,-82.683175,171.36635,hill_climbing
