,attention_cost,exp_param,step_size,vm_param,pp_id,ll,AIC,agent_type
0,17.262450455597865,0.021462338497174282,0.07402739653658552,2.4603502292749777,5f35d86c93a88f0023c8d7e9,-99.6723,207.3446,sparse_max_discrete
