,exp_param,vm_param,pp_id,ll,AIC,agent_type
0,0.0025521309312264233,9.852401339976732,5f35da4f93a88f0023c8dc28,-64.279323,132.558646,null_model_2
