,exp_param,vm_param,pp_id,ll,AIC,agent_type
0,0.08712946854086775,3.2363228321418047,5f35d79293a88f0023c8d6a1,-72.114051,148.228102,null_model_2
