,attention_cost,exp_param,vm_param,pp_id,ll,AIC,agent_type
0,127.67063537608614,0.080467189885544,8.453784913906894,5f35d73b93a88f0023c8d678,-53.8768,111.7536,sparse_lqr
