,attention_cost,exp_param,step_size,vm_param,pp_id,ll,AIC,agent_type
0,11.894788552025194,0.0022058175182087044,0.438005294723501,0.9918214976355222,5f35dba493a88f0023c8e193,-124.781964,257.56392800000003,sparse_max_continuous
