,attention_cost,exp_param,vm_param,pp_id,ll,AIC,agent_type
0,75.94710150997017,0.04028725244594076,6.301467057661377,5f35df8293a88f0023c8f57b,-63.9215,131.84300000000002,sparse_lqr
