,attention_cost,exp_param,vm_param,pp_id,ll,AIC,agent_type
0,144.86348797180625,0.001968869615304166,1.9848246742241649,5f35dba493a88f0023c8e193,-128.279519,262.559038,sparse_lqr
