attention_cost,exp_param,step_size,vm_param,pp_id,ll,AIC,agent_type
0.0133561752859567,0.1071841718603789,0.713783326383341,5.695241246710692,5f35d91293a88f0023c8d8e2,-56.27406017988788,120.54812035977577,sparse_max_continuous
