,attention_cost,exp_param,step_size,vm_param,pp_id,ll,AIC,agent_type
0,23.138764104038433,0.03085666874800932,0.027766931485502577,2.3149161712389557,5f35db0b93a88f0023c8ded5,-80.464139,168.928278,sparse_max_continuous
