,attention_cost,exp_param,step_size,vm_param,pp_id,ll,AIC,agent_type
0,0.0,0.014431528907497285,0.014440699379666522,6.260202770055048,5f35d83093a88f0023c8d771,-72.97379,151.94758,hill_climbing
