attention_cost,exp_param,step_size,vm_param,pp_id,ll,AIC,agent_type
12.272724957505798,0.2696231301904332,0.1080180527546549,4.181361337253158,5f35d73d93a88f0023c8d679,-72.5036047710867,153.0072095421734,sparse_max_continuous
