,exp_param,vm_param,pp_id,ll,AIC,agent_type
0,0.0022616862218799135,1.6658459567605721,5f35dba493a88f0023c8e193,-126.054002,256.108004,null_model_2
