,attention_cost,exp_param,vm_param,pp_id,ll,AIC,agent_type
0,120.4355716762076,0.034927613711834615,9.854318635767573,5f362fb593a88f0023c91191,-52.705853,111.411706,sparse_lqr
