,exp_param,vm_param,pp_id,ll,AIC,agent_type
0,0.03538274483693825,6.08924499806254,5f35df8293a88f0023c8f57b,-66.1465,136.293,null_model_2
