,exp_param,vm_param,pp_id,ll,AIC,agent_type
0,0.012894254861343268,3.6812935998011245,5f35e09e93a88f0023c8f979,-88.311998,180.623996,lqr
