,attention_cost,exp_param,step_size,vm_param,pp_id,ll,AIC,agent_type
0,0.0,0.05016446398858104,0.00121807595106449,1.850439039766395,5f35d79b93a88f0023c8d6aa,-90.0339910342017,186.0679820684034,hill_climbing
