,b,exp_param,n,vm_param,pp_id,ll,AIC,agent_type
0,4.419512946706218,0.042835692729696284,1.1975855385332572,1.5045502836766345,5f361f5693a88f0023c90f72,-104.45856906060217,216.91713812120435,null_model_1
