,attention_cost,exp_param,step_size,vm_param,pp_id,ll,AIC,agent_type
0,0.0,0.05396993518940409,0.03734105333226222,2.4188051181418384,5f35d6b193a88f0023c8d648,-88.918033,183.836066,hill_climbing
