attention_cost,exp_param,vm_param,pp_id,ll,AIC,agent_type
42.11608157857013,0.1989033875957939,8.007445686755366,5f35d72f93a88f0023c8d675,-49.25413647659053,102.50827295318106,sparse_lqr
