,exp_param,vm_param,pp_id,ll,AIC,agent_type
0,0.027683839257504048,1.0219433681244139,5f35d79293a88f0023c8d6a1,-111.99481302800095,227.9896260560019,lqr
