,exp_param,step_size,vm_param,pp_id,ll,AIC,agent_type
0,0.02963646280933844,0.033255291616627713,9.839761880992446,5f35d61893a88f0023c8d60c,-53.139047,112.278094,hill_climbing
