,attention_cost,exp_param,step_size,vm_param,pp_id,ll,AIC,agent_type
0,0.0,0.025224575172331468,0.5017294126773372,5.105568396563043,5f35d71a93a88f0023c8d66c,-83.548117,173.096234,hill_climbing
