,attention_cost,exp_param,vm_param,pp_id,ll,AIC,agent_type
0,197.82259482828306,0.042207359388672074,9.505930044238294,5f35d88193a88f0023c8d7ff,-49.020416,104.040832,sparse_lqr
