,attention_cost,exp_param,vm_param,pp_id,ll,AIC,agent_type
0,270.4680345775403,0.019636032502568068,3.4537186653206655,5f35d76593a88f0023c8d688,-87.009772,180.019544,sparse_lqr
