,attention_cost,exp_param,step_size,vm_param,pp_id,ll,AIC,agent_type
0,0.0,0.10810645749264661,0.4590620460071505,8.69650130616744,5f35d64493a88f0023c8d61e,-50.920811251343736,107.84162250268747,hill_climbing
