,attention_cost,exp_param,step_size,vm_param,pp_id,ll,AIC,agent_type
0,0.0,0.029215470167193534,0.13752771768634398,5.928721076266656,5f35d90c93a88f0023c8d8d0,-66.981017,139.962034,hill_climbing
