exp_param,vm_param,pp_id,ll,AIC,agent_type
0.0117052719369339,3.106340197316769,5f35db0c93a88f0023c8deda,-93.4572232322858,190.9144464645716,null_model_2
