exp_param,vm_param,pp_id,ll,AIC,agent_type
0.008420273244605,1.293135276423587,5f35d62993a88f0023c8d613,-119.03409651118773,242.06819302237545,null_model_2
