,attention_cost,exp_param,vm_param,pp_id,ll,AIC,agent_type
0,274.45159034903133,0.02923424897905671,6.8554795700942295,5f35d65393a88f0023c8d623,-66.752858,139.505716,sparse_lqr
