,attention_cost,exp_param,vm_param,pp_id,ll,AIC,agent_type
0,106.29534416366062,0.030695056901541565,4.151552343865851,5f35d63393a88f0023c8d617,-73.4847,150.9694,sparse_lqr
