,attention_cost,exp_param,step_size,vm_param,pp_id,ll,AIC,agent_type
0,4.26310283736206,0.06177526744987951,0.4655907422213595,5.303162553425512,5f36121793a88f0023c9095f,-68.899901,145.799802,sparse_max_continuous
