,exp_param,vm_param,pp_id,ll,AIC,agent_type
0,0.02561694347809534,1.708227134051994,5f35e76793a88f0023c90491,-102.639059,209.278118,null_model_2
