,b,exp_param,n,vm_param,pp_id,ll,AIC,agent_type
0,1.0461924195640502,0.05368372049111089,2.310968835046772,7.274669124205257,5f35d7d693a88f0023c8d6f7,-51.828374,111.656748,null_model_1
