,b,exp_param,n,vm_param,pp_id,ll,AIC,agent_type
0,2.691511195793953,0.03626820030392455,1.0585766192308594,3.6790631113888406,5f35d72593a88f0023c8d671,-73.20520791116935,154.4104158223387,null_model_1
