,attention_cost,exp_param,vm_param,pp_id,ll,AIC,agent_type
0,157.34113431098254,0.037247053620090835,4.618406968789759,5f35d77893a88f0023c8d691,-69.749289,145.498578,sparse_lqr
