attention_cost,exp_param,step_size,vm_param,pp_id,ll,AIC,agent_type
25.278910490892745,0.001,0.0,1.7545874289624368,5f35dae093a88f0023c8de20,-127.13607846212692,262.27215692425386,sparse_max_continuous
