,exp_param,vm_param,pp_id,ll,AIC,agent_type
0,0.0017527722871670693,3.7683768118772774,5f35db0c93a88f0023c8deda,-106.777715,217.55543,lqr
