,attention_cost,exp_param,step_size,vm_param,pp_id,ll,AIC,agent_type
0,6.0553756237170635,0.06547054783854357,1.2775262655502295,1.8038712730341455,5f35d79b93a88f0023c8d6aa,-87.44796494690259,182.89592989380517,sparse_max_discrete
