,exp_param,vm_param,pp_id,ll,AIC,agent_type
0,0.02743780931568423,2.747077183367704,5f35df8793a88f0023c8f599,-87.35171,178.70342,null_model_2
