,attention_cost,exp_param,vm_param,pp_id,ll,AIC,agent_type
0,232.3738552384128,0.023802525959897677,2.4719357043680046,5f35d62693a88f0023c8d611,-93.07027,192.14054,sparse_lqr
