,exp_param,vm_param,pp_id,ll,AIC,agent_type
0,0.009735860680839072,2.4123451310780144,5f35d65d93a88f0023c8d629,-102.17508093169818,208.35016186339635,null_model_2
