,attention_cost,exp_param,step_size,vm_param,pp_id,ll,AIC,agent_type
0,0.0,0.03329606336344462,0.03238900174291401,2.4028120284997905,5f35d61893a88f0023c8d60c,-88.043359,182.086718,hill_climbing
