,exp_param,vm_param,pp_id,ll,AIC,agent_type
0,0.05598737056070994,5.074818106476283,5f35d64493a88f0023c8d61e,-65.927241,135.854482,null_model_2
