,attention_cost,exp_param,vm_param,pp_id,ll,AIC,agent_type
0,178.41027416649342,0.02248341972638689,4.524035166464243,5f35d78293a88f0023c8d697,-79.85110921678832,163.70221843357663,sparse_lqr
