attention_cost,exp_param,step_size,vm_param,pp_id,ll,AIC,agent_type
22.421792272812088,0.0561067387807838,0.1474027259124771,9.957520728778633,5f35d72f93a88f0023c8d675,-51.01045686562655,110.0209137312531,sparse_max_continuous
