,attention_cost,exp_param,step_size,vm_param,pp_id,ll,AIC,agent_type
0,0.0,0.01121536251332262,1.0600552080611225,1.5884852401686256,5f35e93693a88f0023c905d9,-108.954482,223.908964,hill_climbing
