,attention_cost,exp_param,step_size,vm_param,pp_id,ll,AIC,agent_type
0,11.375481213691462,0.0023983986339671686,0.1612944924930449,2.059093481741694,5f35dba493a88f0023c8e193,-115.06178809554017,238.12357619108033,sparse_max_discrete
