,attention_cost,exp_param,vm_param,pp_id,ll,AIC,agent_type
0,255.06637782860906,0.0163043616454889,1.4839695240057182,5f35dc7593a88f0023c8e5d3,-108.460067,222.920134,sparse_lqr
