,exp_param,step_size,vm_param,pp_id,ll,AIC,agent_type
0,0.08947038834661265,0.32302270126502886,9.996097885595939,5f35db9193a88f0023c8e13f,-37.177632,80.355264,hill_climbing
