,b,exp_param,n,vm_param,pp_id,ll,AIC,agent_type
0,1.8723073827434005,0.005773550668064149,4.152000279176033,1.8627140348510918,5f35e94193a88f0023c905da,-108.13843219999998,224.27686439999997,null_model_1
