,attention_cost,exp_param,step_size,vm_param,pp_id,ll,AIC,agent_type
0,9.97990510644257,0.10401628703243354,0.08260739423434738,3.7149017387709327,5f35e11793a88f0023c8fa8c,-68.901468,145.802936,sparse_max_continuous
