attention_cost,exp_param,step_size,vm_param,pp_id,ll,AIC,agent_type
2.093579355126256,0.0428356927296962,0.0740945769499714,1.5045502836766345,5f35e76793a88f0023c90491,-99.90343824697528,207.8068764939505,sparse_max_continuous
