attention_cost,exp_param,step_size,vm_param,pp_id,ll,AIC,agent_type
19.71513677854095,0.0164689777129371,0.0880802488342277,2.7151786053290627,5f35df8793a88f0023c8f599,-81.19343542084457,170.38687084168913,sparse_max_continuous
