,attention_cost,exp_param,vm_param,pp_id,ll,AIC,agent_type
0,171.22571650835275,0.027597539224027388,3.6747116743695027,5f36107b93a88f0023c9090e,-83.380823,172.761646,sparse_lqr
