,exp_param,step_size,vm_param,pp_id,ll,AIC,agent_type
0,0.031141405372013813,0.9253078764632721,3.2649627767233724,5f35d83993a88f0023c8d78b,-79.211935,164.42387,hill_climbing
