exp_param,vm_param,pp_id,ll,AIC,agent_type
0.0021610952713774,0.9162944281321485,5f35d77893a88f0023c8d690,-137.37966311908696,278.7593262381739,lqr
