,attention_cost,exp_param,step_size,vm_param,pp_id,ll,AIC,agent_type
0,0.0,0.05381168808126377,0.17581933976261516,9.900291748253437,5f360f1993a88f0023c908ea,-48.993773,103.987546,hill_climbing
