,attention_cost,exp_param,step_size,vm_param,pp_id,ll,AIC,agent_type
0,0.0,0.1045116585189881,0.09249647607087402,4.95101335940677,5f35d97e93a88f0023c8d9d4,-59.867380127236125,125.73476025447225,hill_climbing
