,exp_param,vm_param,pp_id,ll,AIC,agent_type
0,0.007831185421734518,1.50922936884053,5f35d6b193a88f0023c8d648,-117.01219644244865,238.0243928848973,lqr
