,attention_cost,exp_param,vm_param,pp_id,ll,AIC,agent_type
0,247.3880756818084,0.060510133027496325,4.763496444368224,5f362dee93a88f0023c91131,-63.24725,132.49450000000002,sparse_lqr
