,b,exp_param,n,vm_param,pp_id,ll,AIC,agent_type
0,29.008664779690598,0.005334163638288095,1.7599952232407534,2.1534209156929487,5f35d7a693a88f0023c8d6b2,-124.96221572959298,257.92443145918594,null_model_1
