,exp_param,vm_param,pp_id,ll,AIC,agent_type
0,0.006263433387853401,4.13814232737977,5f35d7fa93a88f0023c8d725,-92.586286,189.172572,lqr
