,attention_cost,exp_param,vm_param,pp_id,ll,AIC,agent_type
0,17.811223914014207,0.030677295679242465,5.816073557726269,5f35d5d093a88f0023c8d5f7,-77.6682,159.3364,sparse_lqr
