,b,exp_param,n,vm_param,pp_id,ll,AIC,agent_type
0,3.103164451673093,0.017699020816326846,4.072993816936963,3.4861357093328724,5f35e09e93a88f0023c8f979,-89.70648207183763,187.41296414367525,null_model_1
