,exp_param,vm_param,pp_id,ll,AIC,agent_type
0,0.08258225669914296,9.99999843035958,5f35d97e93a88f0023c8d9d4,-28.420175,60.84035,null_model_2
