,attention_cost,exp_param,step_size,vm_param,pp_id,ll,AIC,agent_type
0,0.0,0.05193078171005736,0.45298123881139263,7.616868953959249,5f35d91293a88f0023c8d8e2,-56.91132968765625,119.8226593753125,hill_climbing
