,attention_cost,exp_param,step_size,vm_param,pp_id,ll,AIC,agent_type
0,0.5024816014881442,0.34815262822414145,0.8703674491022829,5.691454782305518,5f35d7f393a88f0023c8d71a,-59.411117,126.822234,sparse_max_discrete
