,attention_cost,exp_param,vm_param,pp_id,ll,AIC,agent_type
0,243.4187413682099,0.057463964983014613,9.896393227648328,5f35d6bc93a88f0023c8d64b,-35.097907,74.195814,sparse_lqr
