b,exp_param,n,vm_param,pp_id,ll,AIC,agent_type
5.752392608952924,0.014589807391805,2.19949356421761,5.135072502736628,5f35d76593a88f0023c8d688,-80.66127027202435,169.3225405440487,null_model_1
