,attention_cost,exp_param,step_size,vm_param,pp_id,ll,AIC,agent_type
0,0.0,0.09988821936824759,0.2215255129899779,4.502277247022336,5f361ea793a88f0023c90f71,-65.889869,137.779738,hill_climbing
