,exp_param,step_size,vm_param,pp_id,ll,AIC,agent_type
0,0.09766905568156715,0.10006724844939374,6.212384910678594,5f35d60a93a88f0023c8d608,-55.249697,116.499394,hill_climbing
