,exp_param,vm_param,pp_id,ll,AIC,agent_type
0,0.02874066324415671,0.45816518666516814,5f35d74293a88f0023c8d67c,-116.961031,237.922062,lqr
