,attention_cost,exp_param,step_size,vm_param,pp_id,ll,AIC,agent_type
0,8.338955736728296,0.09740171567251195,0.059245465487050175,9.962273973784967,5f35d73b93a88f0023c8d678,-51.29425788005216,110.58851576010431,sparse_max_continuous
