,attention_cost,exp_param,step_size,vm_param,pp_id,ll,AIC,agent_type
0,19.172994283596324,0.06409249308800644,0.0055902683703834,1.9382607191262569,5f35e00093a88f0023c8f758,-85.70966746718905,179.4193349343781,sparse_max_discrete
