,exp_param,vm_param,pp_id,ll,AIC,agent_type
0,0.015242539839542667,6.624231707464551,5f35d83093a88f0023c8d771,-73.04116525427725,150.0823305085545,null_model_2
