,attention_cost,exp_param,step_size,vm_param,pp_id,ll,AIC,agent_type
0,20.639257553779153,0.0049721597768105546,0.3907400070847448,2.4971405458916376,5f35d7a693a88f0023c8d6b2,-110.992672,229.985344,sparse_max_discrete
