,b,exp_param,n,vm_param,pp_id,ll,AIC,agent_type
0,0.045338803304190156,0.10092139578790393,4.036700885433055,1.7226268184702165,5f35e37d93a88f0023c8ffdc,-83.655368,175.310736,null_model_1
