,exp_param,step_size,vm_param,pp_id,ll,AIC,agent_type
0,0.07447556540984593,0.1657921599748025,4.004374532523654,5f35d70093a88f0023c8d662,-73.427905,152.85581,hill_climbing
