,attention_cost,exp_param,step_size,vm_param,pp_id,ll,AIC,agent_type
0,15.932461510935859,0.010876072879357011,0.9231832651472336,2.479461154848428,5f360f4693a88f0023c908ef,-101.586531,211.173062,sparse_max_continuous
