attention_cost,exp_param,vm_param,pp_id,ll,AIC,agent_type
236.781308632152,0.0126177810537266,4.709381517710466,5f35d7f093a88f0023c8d716,-85.1277161798964,174.2554323597928,sparse_lqr
