,attention_cost,exp_param,vm_param,pp_id,ll,AIC,agent_type
0,156.61465844874402,0.03066929314786748,1.9771130890603161,5f35d77893a88f0023c8d690,-95.466051,196.932102,sparse_lqr
