,attention_cost,exp_param,vm_param,pp_id,ll,AIC,agent_type
0,51.3218747976496,0.04054157528587288,6.640207680447695,5f35d7d393a88f0023c8d6f4,-68.49,140.98,sparse_lqr
