,b,exp_param,n,vm_param,pp_id,ll,AIC,agent_type
0,0.0,0.03,1.0,2.0,5f35e11793a88f0023c8fa8c,-83.73900700000002,175.47801400000003,null_model_1
