,attention_cost,exp_param,vm_param,pp_id,ll,AIC,agent_type
0,278.9693449932688,0.001,1.7816943711854747,5f35dba493a88f0023c8e193,-133.242866,272.485732,sparse_lqr
