,exp_param,vm_param,pp_id,ll,AIC,agent_type
0,0.0019089249824724998,1.703173601207767,5f361ea793a88f0023c90f71,-127.721919,259.443838,lqr
