,attention_cost,exp_param,vm_param,pp_id,ll,AIC,agent_type
0,79.47586729884281,0.06726849959401313,3.700841979141063,5f360ee993a88f0023c908e8,-71.190144,148.380288,sparse_lqr
