,b,exp_param,n,vm_param,pp_id,ll,AIC,agent_type
0,2.649156867175906,0.03617948366761525,1.0882253007134581,6.4486198165571205,5f35d90b93a88f0023c8d8cf,-60.708878199999994,129.41775639999997,null_model_1
