,attention_cost,exp_param,vm_param,pp_id,ll,AIC,agent_type
0,63.10384206965027,0.011762124836100108,2.0753591663004,5f360f4693a88f0023c908ef,-114.00938607192928,232.01877214385857,sparse_lqr
