,attention_cost,exp_param,vm_param,pp_id,ll,AIC,agent_type
0,56.64769083050011,0.03844086581517382,6.725869640760665,5f35df8293a88f0023c8f57b,-63.986971799783745,131.9739435995675,sparse_lqr
