,attention_cost,exp_param,vm_param,pp_id,ll,AIC,agent_type
0,18.110396837832134,0.03999865877824539,4.461123118335086,5f35e76793a88f0023c90491,-82.044629,170.089258,sparse_lqr
