,attention_cost,exp_param,step_size,vm_param,pp_id,ll,AIC,agent_type
0,0.9064522690885535,0.03635503808593451,0.010524496515835646,3.672048860511068,5f35d70093a88f0023c8d662,-73.678008,155.356016,sparse_max_continuous
