,exp_param,step_size,vm_param,pp_id,ll,AIC,agent_type
0,0.016507475051751302,0.0,3.9308243175918083,5f3610a993a88f0023c90912,-81.728245,169.45649,hill_climbing
