,b,exp_param,n,vm_param,pp_id,ll,AIC,agent_type
0,0.020503742272903747,0.03923698993083228,3.587466356688474,6.069495918522282,5f35d82093a88f0023c8d751,-70.00791050000001,148.01582100000002,null_model_1
