,b,exp_param,n,vm_param,pp_id,ll,AIC,agent_type
0,10.38964055850577,0.032387930709699066,3.493970306924551,1.3214076849278744,5f35d77893a88f0023c8d690,-99.3686781000611,206.7373562001222,null_model_1
