,b,exp_param,n,vm_param,pp_id,ll,AIC,agent_type
0,2.643620482865699,0.02342999751308558,2.444982736331127,8.435310209936674,5f35df8293a88f0023c8f57b,-63.627438760064344,135.25487752012867,null_model_1
