,attention_cost,exp_param,step_size,vm_param,pp_id,ll,AIC,agent_type
0,6.382576592253496,0.014576913983535212,0.4212682054893468,2.9445303602282245,5f36121793a88f0023c9095f,-76.668488,161.336976,sparse_max_discrete
