attention_cost,exp_param,step_size,vm_param,pp_id,ll,AIC,agent_type
24.814963091708428,0.0599952988389334,0.0584451944678398,2.0937629321917783,5f35e00093a88f0023c8f758,-88.54297733611085,185.0859546722217,sparse_max_continuous
