,attention_cost,exp_param,step_size,vm_param,pp_id,ll,AIC,agent_type
0,0.0,0.029320177742038652,1.0925341622372218,3.0729988527213603,5f35d9ad93a88f0023c8da5b,-82.64431790565227,171.28863581130454,hill_climbing
