,exp_param,step_size,vm_param,pp_id,ll,AIC,agent_type
0,0.012380261080020247,0.002816311496245061,3.5879216859241057,5f35df1293a88f0023c8f3db,-87.505791,181.011582,hill_climbing
