,attention_cost,exp_param,step_size,vm_param,pp_id,ll,AIC,agent_type
0,25.223017710680022,0.0060339152555457755,0.2430473202648596,1.8297811705176736,5f35e94193a88f0023c905da,-105.642861,219.285722,sparse_max_continuous
