,attention_cost,exp_param,step_size,vm_param,pp_id,ll,AIC,agent_type
0,0.0,0.0038064163241202215,0.1988557235074624,9.658955932973072,5f35d72493a88f0023c8d66f,-80.5222,167.0444,hill_climbing
