,exp_param,step_size,vm_param,pp_id,ll,AIC,agent_type
0,0.05427124577646845,0.0,2.1033823964243195,5f35d85593a88f0023c8d7c5,-85.492437,176.984874,hill_climbing
