,attention_cost,exp_param,step_size,vm_param,pp_id,ll,AIC,agent_type
0,0.0,0.10303586950696485,0.42012534313467087,3.8484402999975442,5f35e09e93a88f0023c8f979,-70.22711213909668,146.45422427819335,hill_climbing
