,attention_cost,exp_param,vm_param,pp_id,ll,AIC,agent_type
0,30.045561070166883,0.04439669103661389,5.83872083427785,5f35d6af93a88f0023c8d646,-62.378523,130.757046,sparse_lqr
