,attention_cost,exp_param,step_size,vm_param,pp_id,ll,AIC,agent_type
0,0.11446732864740072,0.046015083198463834,0.16948386782413333,5.136563281168024,5f35d84893a88f0023c8d7af,-81.407959,170.815918,sparse_max_continuous
