,exp_param,vm_param,pp_id,ll,AIC,agent_type
0,0.0033953659331357007,1.3426159273227767,5f35d64493a88f0023c8d61e,-126.853767,257.707534,lqr
