,exp_param,vm_param,pp_id,ll,AIC,agent_type
0,0.02709646873859009,4.36372723636868,5f35d63393a88f0023c8d617,-75.740175,155.48035,null_model_2
