exp_param,vm_param,pp_id,ll,AIC,agent_type
0.0314947473951182,1.3467362573959096,5f35d60a93a88f0023c8d608,-104.00201028289676,212.00402056579352,lqr
