attention_cost,exp_param,step_size,vm_param,pp_id,ll,AIC,agent_type
4.627286102904211,0.0035202547120384,0.0756364850364275,9.821631817371998,5f35da4f93a88f0023c8dc28,-65.20226794734808,138.40453589469615,sparse_max_continuous
