,exp_param,vm_param,pp_id,ll,AIC,agent_type
0,0.015072988295640605,2.8038854010306515,5f35d68993a88f0023c8d637,-94.367268,192.734536,null_model_2
