,attention_cost,exp_param,step_size,vm_param,pp_id,ll,AIC,agent_type
0,0.0,0.0028910490617590134,0.036542058254364684,9.079405627620059,5f35da4f93a88f0023c8dc28,-65.609869,137.219738,hill_climbing
