,exp_param,vm_param,pp_id,ll,AIC,agent_type
0,0.0027387470100201333,1.0463799745700686,5f35dc7593a88f0023c8e5d3,-133.931337,271.862674,lqr
