exp_param,vm_param,pp_id,ll,AIC,agent_type
0.0068958691679411,1.7312778555839037,5f35d6ae93a88f0023c8d644,-114.0963139229417,232.1926278458834,lqr
