,attention_cost,exp_param,step_size,vm_param,pp_id,ll,AIC,agent_type
0,27.179543549597796,0.012998849678569162,0.34862895331829663,1.7583059812323276,5f35dc9193a88f0023c8e6bd,-99.909635,207.81927,sparse_max_discrete
