,exp_param,vm_param,pp_id,ll,AIC,agent_type
0,0.007184577565404812,3.0890459958273633,5f35d7d693a88f0023c8d6f7,-97.872132,199.744264,lqr
