,exp_param,vm_param,pp_id,ll,AIC,agent_type
0,0.0018079816012744815,2.031945832069637,5f36101b93a88f0023c90907,-123.504451,251.008902,lqr
