,exp_param,vm_param,pp_id,ll,AIC,agent_type
0,0.01782646505646334,1.9962005873656163,5f35d94f93a88f0023c8d95c,-100.95331870730135,205.9066374146027,null_model_2
