,exp_param,vm_param,pp_id,ll,AIC,agent_type
0,0.009633607512429553,2.3809517211294096,5f35d65d93a88f0023c8d629,-102.175199,208.350398,null_model_2
