,attention_cost,exp_param,step_size,vm_param,pp_id,ll,AIC,agent_type
0,2.9190195054669066,0.07729276647166826,0.03858817590328284,8.675138697633292,5f35d7d693a88f0023c8d6f7,-51.808331,111.616662,sparse_max_continuous
