,attention_cost,exp_param,step_size,vm_param,pp_id,ll,AIC,agent_type
0,0.0,0.008192464302146932,0.765865859290543,1.8674341645212456,5f360f4693a88f0023c908ef,-105.105283,216.210566,hill_climbing
