,attention_cost,exp_param,step_size,vm_param,pp_id,ll,AIC,agent_type
0,8.649619537974898,0.03224105995362573,0.24981875562624656,9.161161243908996,5f35d7fa93a88f0023c8d725,-44.612188,97.224376,sparse_max_discrete
