,b,exp_param,n,vm_param,pp_id,ll,AIC,agent_type
0,2.979624526568029,0.08547052819735879,1.281170556771206,4.30119326659136,5f35d5d093a88f0023c8d5f7,-65.1515795,138.303159,null_model_1
