,exp_param,vm_param,pp_id,ll,AIC,agent_type
0,0.03662343759160375,9.953079193058421,5f360f1993a88f0023c908ea,-51.839098,107.678196,null_model_2
