,attention_cost,exp_param,vm_param,pp_id,ll,AIC,agent_type
0,275.4879875984004,0.02173832057309895,3.897281254767612,5f35d5ea93a88f0023c8d5fd,-85.872475,177.74495,sparse_lqr
