,exp_param,vm_param,pp_id,ll,AIC,agent_type
0,0.02335833677562986,1.0469701224601302,5f35d8b893a88f0023c8d833,-113.96894361897469,231.93788723794938,null_model_2
