,exp_param,vm_param,pp_id,ll,AIC,agent_type
0,0.018198200887423188,0.6759785058052759,5f35d7f393a88f0023c8d71a,-118.965619,241.931238,lqr
