attention_cost,exp_param,step_size,vm_param,pp_id,ll,AIC,agent_type
27.860759917534708,0.2719061909330927,0.7659382095957433,2.0066868011910675,5f35d73d93a88f0023c8d679,-67.83903634418657,143.6780726883731,sparse_max_discrete
