,attention_cost,exp_param,step_size,vm_param,pp_id,ll,AIC,agent_type
0,29.228176888652253,0.008269617058199324,0.7900343116299211,1.0766632848079771,5f35d62993a88f0023c8d613,-118.233322,244.466644,sparse_max_discrete
