,exp_param,vm_param,pp_id,ll,AIC,agent_type
0,0.009158627072334693,5.389300876337291,5f35db0c93a88f0023c8deda,-79.723048,163.446096,null_model_2
