,b,exp_param,n,vm_param,pp_id,ll,AIC,agent_type
0,1.1828176040160587,0.0024538165726898883,2.877175130084391,1.2674214176304677,5f35dba493a88f0023c8e193,-126.1291214,260.2582428,null_model_1
