,b,exp_param,n,vm_param,pp_id,ll,AIC,agent_type
0,1.8377819781970959,0.07073902520687385,1.029144888961496,4.527646890830437,5f35dfdb93a88f0023c8f6da,-80.6566603,169.3133206,null_model_1
