,attention_cost,exp_param,step_size,vm_param,pp_id,ll,AIC,agent_type
0,15.202676988245226,0.07376636550610281,0.34194388940594006,3.4410629306199416,5f360ee993a88f0023c908e8,-71.884752,151.769504,sparse_max_continuous
