,attention_cost,exp_param,vm_param,pp_id,ll,AIC,agent_type
0,185.30023430778786,0.09310205450343155,6.762410213071891,5f35d74293a88f0023c8d67c,-55.239894,116.479788,sparse_lqr
