,attention_cost,exp_param,vm_param,pp_id,ll,AIC,agent_type
0,168.73522072027583,0.01318113815071761,6.057482818673339,5f35df1293a88f0023c8f3db,-76.2179,156.4358,sparse_lqr
