,attention_cost,exp_param,step_size,vm_param,pp_id,ll,AIC,agent_type
0,25.833477405723993,0.01977606261469109,0.31721460278262764,5.09682176277649,5f35dc9193a88f0023c8e6bd,-71.49417113352925,150.9883422670585,sparse_max_discrete
