,attention_cost,exp_param,vm_param,pp_id,ll,AIC,agent_type
0,78.84484621995735,0.02098216304520024,2.479684617109026,5f3626b693a88f0023c91063,-87.5083,179.0166,sparse_lqr
