,attention_cost,exp_param,step_size,vm_param,pp_id,ll,AIC,agent_type
0,0.0,0.052719271960465885,0.15339815525971756,2.4783049900858933,5f35d7da93a88f0023c8d703,-86.293407,178.586814,hill_climbing
