,attention_cost,exp_param,step_size,vm_param,pp_id,ll,AIC,agent_type
0,0.0,0.011790607595564814,0.47937785485052115,2.4656942857529893,5f35e94193a88f0023c905da,-98.703563,203.407126,hill_climbing
