,exp_param,vm_param,pp_id,ll,AIC,agent_type
0,0.039428532288406676,9.942298762858318,5f362fb593a88f0023c91191,-52.862797,109.725594,null_model_2
