,attention_cost,exp_param,step_size,vm_param,pp_id,ll,AIC,agent_type
0,29.291925968159724,0.018263054481113792,0.001893579228682496,8.095382983937064,5f35d78293a88f0023c8d697,-54.064044,116.128088,sparse_max_continuous
