,b,exp_param,n,vm_param,pp_id,ll,AIC,agent_type
0,2.1479834219854554,0.01097472216613345,4.325392594674131,4.012717081959347,5f35df1293a88f0023c8f3db,-88.79374020000002,185.58748040000003,null_model_1
