,attention_cost,exp_param,step_size,vm_param,pp_id,ll,AIC,agent_type
0,0.0,0.057504231646305824,0.4561178387501148,8.781497460628916,5f35d91293a88f0023c8d8e2,-51.364465,108.72893,hill_climbing
