attention_cost,exp_param,vm_param,pp_id,ll,AIC,agent_type
191.9426499600964,0.0226375441522754,3.189886215315493,5f35db0b93a88f0023c8ded5,-87.91021689660744,179.82043379321487,sparse_lqr
