,attention_cost,exp_param,step_size,vm_param,pp_id,ll,AIC,agent_type
0,19.778252577932303,0.021075773279201584,1.4937065199655706,3.6364405541287317,5f35d62693a88f0023c8d611,-80.73742530169609,169.47485060339218,sparse_max_discrete
