,exp_param,step_size,vm_param,pp_id,ll,AIC,agent_type
0,0.03542799781756499,0.11272956571652426,9.577314930988146,5f35dafe93a88f0023c8de97,-55.087326,116.174652,hill_climbing
