,attention_cost,exp_param,step_size,vm_param,pp_id,ll,AIC,agent_type
0,0.0,0.019864278932661957,0.11053834589580214,4.3860187904725265,5f35d76593a88f0023c8d688,-81.078236,168.156472,hill_climbing
