,attention_cost,exp_param,vm_param,pp_id,ll,AIC,agent_type
0,183.12073780983806,0.25837931534883224,9.954569816583723,5f360ff993a88f0023c90904,-34.929343,75.858686,sparse_lqr
