,exp_param,step_size,vm_param,pp_id,ll,AIC,agent_type
0,0.08540293635668057,0.3071810494541749,3.09432596114384,5f35da6493a88f0023c8dc69,-73.61168,153.22336,hill_climbing
