,attention_cost,exp_param,vm_param,pp_id,ll,AIC,agent_type
0,296.3611235646188,0.09175621021602737,2.114829786986847,5f35da6493a88f0023c8dc69,-79.935034,165.870068,sparse_lqr
