,attention_cost,exp_param,vm_param,pp_id,ll,AIC,agent_type
0,29.507495317104027,0.07540264574213985,1.4066700708157698,5f35dcae93a88f0023c8e7a3,-91.583038,187.166076,sparse_lqr
