,b,exp_param,n,vm_param,pp_id,ll,AIC,agent_type
0,1.811040098030591,0.04829398314547449,4.098044437880471,6.145365721392187,5f35d7d393a88f0023c8d6f4,-62.48087,132.96174000000002,null_model_1
