,attention_cost,exp_param,step_size,vm_param,pp_id,ll,AIC,agent_type
0,0.0,0.07435665710191883,0.1567204496535466,2.102479164048802,5f35d60393a88f0023c8d605,-83.44846233240517,172.89692466481034,hill_climbing
