,attention_cost,exp_param,step_size,vm_param,pp_id,ll,AIC,agent_type
0,19.94938450244106,0.01835316909073569,1.3242003435219707,2.9390130775302636,5f35d83993a88f0023c8d78b,-85.791633,179.583266,sparse_max_discrete
