,attention_cost,exp_param,vm_param,pp_id,ll,AIC,agent_type
0,53.90082586610606,0.03581142396915795,1.2569746831054596,5f35d67e93a88f0023c8d634,-106.999446,219.998892,sparse_lqr
