,exp_param,step_size,vm_param,pp_id,ll,AIC,agent_type
0,0.028362575993127116,0.1228555179784021,9.835170778226972,5f35d7d393a88f0023c8d6f4,-44.357777,94.715554,hill_climbing
