,attention_cost,exp_param,step_size,vm_param,pp_id,ll,AIC,agent_type
0,13.730520779575304,0.08231519412259232,0.5972378529783323,6.934131487377483,5f35d64493a88f0023c8d61e,-57.149735,122.29947,sparse_max_discrete
