attention_cost,exp_param,vm_param,pp_id,ll,AIC,agent_type
170.0754857815349,0.001,3.9486222996038616,5f35e70693a88f0023c90462,-212.88995365349768,429.77990730699537,sparse_lqr
