,attention_cost,exp_param,step_size,vm_param,pp_id,ll,AIC,agent_type
0,15.097082869952047,0.08673388061943929,0.781595573374178,6.177512632777344,5f35d64493a88f0023c8d61e,-55.839884,119.679768,sparse_max_discrete
