,attention_cost,exp_param,vm_param,pp_id,ll,AIC,agent_type
0,170.12012247869671,0.001,3.87880289592788,5f35e70693a88f0023c90462,-212.811221,429.622442,sparse_lqr
