b,exp_param,n,vm_param,pp_id,ll,AIC,agent_type
2.1807897595609864,0.0866932609203668,1.6670553228344276,0.0400778060155726,5f35e37d93a88f0023c8ffdc,-106.49972590352904,220.99945180705805,null_model_1
