,exp_param,vm_param,pp_id,ll,AIC,agent_type
0,0.017698873487929426,3.986590599223787,5f35d8e393a88f0023c8d887,-83.149379,170.298758,lqr
