,exp_param,step_size,vm_param,pp_id,ll,AIC,agent_type
0,0.04327760800871925,0.41683211259481245,9.307991445912561,5f35d91293a88f0023c8d8e2,-50.687604,107.375208,hill_climbing
