,attention_cost,exp_param,vm_param,pp_id,ll,AIC,agent_type
0,103.3937546805077,0.001,6.809799271634033,5f35e70693a88f0023c90462,-209.876048,425.752096,sparse_lqr
