,attention_cost,exp_param,vm_param,pp_id,ll,AIC,agent_type
0,61.75057299309547,0.041506596030429596,5.129462077252387,5f360f1993a88f0023c908ea,-70.7915,145.583,sparse_lqr
