,attention_cost,exp_param,vm_param,pp_id,ll,AIC,agent_type
0,186.86231450171752,0.0047158255762038935,8.702325886523056,5f35d6ae93a88f0023c8d644,-71.475728,148.951456,sparse_lqr
