,exp_param,vm_param,pp_id,ll,AIC,agent_type
0,0.005181905609585079,1.8220948413649296,5f35e94193a88f0023c905da,-115.41752,234.83504,lqr
