attention_cost,exp_param,step_size,vm_param,pp_id,ll,AIC,agent_type
29.89293778967302,0.0656892431733197,0.8005216777339823,3.089564390625493,5f361ea793a88f0023c90f71,-88.02801848351145,184.0560369670229,sparse_max_continuous
