exp_param,vm_param,pp_id,ll,AIC,agent_type
0.0228764732788262,2.829867147008968,5f35d62693a88f0023c8d611,-88.84292143808432,181.68584287616864,null_model_2
