,attention_cost,exp_param,vm_param,pp_id,ll,AIC,agent_type
0,217.00563384336058,0.02582455516449675,3.149286909305613,5f35db0b93a88f0023c8ded5,-87.7705,179.541,sparse_lqr
