,attention_cost,exp_param,step_size,vm_param,pp_id,ll,AIC,agent_type
0,26.769240731667054,0.037282967572055146,0.21286365752634206,3.6489163281852943,5f36121793a88f0023c9095f,-66.438133,140.876266,sparse_max_continuous
