,exp_param,vm_param,pp_id,ll,AIC,agent_type
0,0.011120945676392584,2.0277338534199063,5f35d6aa93a88f0023c8d642,-106.03821947195743,216.07643894391487,null_model_2
