,exp_param,vm_param,pp_id,ll,AIC,agent_type
0,0.021908485331404694,0.4256824976685969,5f35d5ee93a88f0023c8d5fe,-119.682036,243.364072,lqr
