attention_cost,exp_param,step_size,vm_param,pp_id,ll,AIC,agent_type
4.703741839382528,0.0195576259752321,0.1050332155788335,4.863451109370319,5f35d90c93a88f0023c8d8d0,-68.11086175897837,144.22172351795675,sparse_max_discrete
