,exp_param,step_size,vm_param,pp_id,ll,AIC,agent_type
0,0.0010037450582309796,0.030166170036110773,3.4529760484848393,5f35e70693a88f0023c90462,-196.220996,398.441992,hill_climbing
