attention_cost,exp_param,vm_param,pp_id,ll,AIC,agent_type
15.647100659622591,0.0573836423627961,2.6343103801343224,5f35e09e93a88f0023c8f979,-76.1512789675854,156.3025579351708,sparse_lqr
