,attention_cost,exp_param,vm_param,pp_id,ll,AIC,agent_type
0,249.90683282956715,0.021295169855598692,2.22741577161106,5f35d9ad93a88f0023c8da5b,-96.678436,199.356872,sparse_lqr
