,attention_cost,exp_param,vm_param,pp_id,ll,AIC,agent_type
0,299.8946005968932,0.017071444300313807,8.159723483545228,5f35d72593a88f0023c8d671,-74.2070253775533,152.4140507551066,sparse_lqr
