,attention_cost,exp_param,step_size,vm_param,pp_id,ll,AIC,agent_type
0,26.700732289626036,0.03467901162704188,0.9473302450321985,9.993340251089712,5f36107b93a88f0023c9090e,-40.307161828198055,88.61432365639611,sparse_max_discrete
