,b,exp_param,n,vm_param,pp_id,ll,AIC,agent_type
0,1.9741265581499838,0.027184775890841558,1.1132259520831784,2.462110676030459,5f36121793a88f0023c9095f,-86.93746047118461,181.87492094236922,null_model_1
