,attention_cost,exp_param,step_size,vm_param,pp_id,ll,AIC,agent_type
0,10.258585089073573,0.14545312311725864,1.075156221219564,6.993076236968142,5f35d73993a88f0023c8d677,-70.42062,148.84124,sparse_max_discrete
