,attention_cost,exp_param,vm_param,pp_id,ll,AIC,agent_type
0,39.50340519262935,0.03181354687300026,1.945075824772412,5f35d84893a88f0023c8d7af,-98.564748,201.129496,sparse_lqr
