,attention_cost,exp_param,step_size,vm_param,pp_id,ll,AIC,agent_type
0,0.0,0.0010000000000000093,0.0,2.0186915600710043,5f35dae093a88f0023c8de20,-122.929856,251.859712,hill_climbing
