,attention_cost,exp_param,step_size,vm_param,pp_id,ll,AIC,agent_type
0,0.0,0.010889567992638523,0.4589350546217729,4.777534813802408,5f35d68993a88f0023c8d637,-80.7081,167.4162,hill_climbing
