,exp_param,step_size,vm_param,pp_id,ll,AIC,agent_type
0,0.020242220244899935,0.13074198654056157,2.176042527401618,5f35d62693a88f0023c8d611,-90.62028,187.24056,hill_climbing
