,exp_param,step_size,vm_param,pp_id,ll,AIC,agent_type
0,0.1459110581096661,0.3038840871298609,2.188759614764668,5f35d7f393a88f0023c8d71a,-77.428362,160.856724,hill_climbing
