,exp_param,vm_param,pp_id,ll,AIC,agent_type
0,0.003014278613564853,2.728184398845378,5f360ff993a88f0023c90904,-109.35359,222.70718,lqr
