,attention_cost,exp_param,step_size,vm_param,pp_id,ll,AIC,agent_type
0,28.957088053763144,0.016242986108899595,0.591995843521625,4.158852250481093,5f35d72b93a88f0023c8d674,-84.4989,176.9978,sparse_max_discrete
