b,exp_param,n,vm_param,pp_id,ll,AIC,agent_type
1.134453118032571,0.0470136517162577,4.961350453022421,2.09533765262546,5f361ea793a88f0023c90f71,-86.49448094435736,180.98896188871475,null_model_1
