,b,exp_param,n,vm_param,pp_id,ll,AIC,agent_type
0,8.126194750446379,0.006105456463919968,2.0917564634600794,4.46647237039203,5f35d68993a88f0023c8d637,-94.80157999999999,197.60315999999997,null_model_1
