,b,exp_param,n,vm_param,pp_id,ll,AIC,agent_type
0,5.681979274793219,0.009354870914185954,4.936162393365203,1.5695450751188278,5f35d72b93a88f0023c8d674,-103.80384040000001,215.60768080000003,null_model_1
