,attention_cost,exp_param,step_size,vm_param,pp_id,ll,AIC,agent_type
0,28.85627451112067,0.018694307205304614,0.4948210513862423,2.2493599790754413,5f35e93693a88f0023c905d9,-100.954961,209.909922,sparse_max_continuous
