,b,exp_param,n,vm_param,pp_id,ll,AIC,agent_type
0,12.315095364387545,0.008771072982327554,2.4479113873204295,3.5792836931009955,5f35db0c93a88f0023c8deda,-91.340567470725,190.68113494145,null_model_1
