,attention_cost,exp_param,step_size,vm_param,pp_id,ll,AIC,agent_type
0,0.0,0.013934883698278687,0.7885349024792379,2.4164173502975195,5f35d65d93a88f0023c8d629,-96.6416,199.2832,hill_climbing
