,attention_cost,exp_param,vm_param,pp_id,ll,AIC,agent_type
0,299.31382310775336,0.001,1.5888413725146862,5f360ea493a88f0023c908e6,-126.257699,258.515398,sparse_lqr
