exp_param,vm_param,pp_id,ll,AIC,agent_type
0.0031357400821783,5.632277342562391,5f35d72493a88f0023c8d66f,-92.85977384434656,189.71954768869315,null_model_2
