,exp_param,vm_param,pp_id,ll,AIC,agent_type
0,0.0017211907348141141,1.919356531814691,5f35d61893a88f0023c8d60c,-125.997395,255.99479,lqr
