,attention_cost,exp_param,step_size,vm_param,pp_id,ll,AIC,agent_type
0,8.625087724478108,0.008426932350926768,0.19173585893418688,3.8827351944996966,5f35dc9193a88f0023c8e6bd,-92.531262,193.062524,sparse_max_continuous
