,b,exp_param,n,vm_param,pp_id,ll,AIC,agent_type
0,0.7477459075459603,0.05025256956046235,1.7587350431575994,3.9226955878035294,5f360eea93a88f0023c908e9,-64.7908317,137.5816634,null_model_1
