,attention_cost,exp_param,step_size,vm_param,pp_id,ll,AIC,agent_type
0,21.553850405549415,0.04502692396051704,0.002919458806511621,2.1830937826225383,5f35d6b193a88f0023c8d648,-89.081786,186.163572,sparse_max_discrete
