,attention_cost,exp_param,step_size,vm_param,pp_id,ll,AIC,agent_type
0,28.31940732982625,0.02363692415912849,0.4157354178746821,1.5787186747510817,5f35d67e93a88f0023c8d634,-106.535045,221.07009,sparse_max_discrete
