,exp_param,vm_param,pp_id,ll,AIC,agent_type
0,0.06439134948299706,7.665636249033236,5f35d82093a88f0023c8d751,-54.95757,113.91514,null_model_2
