,exp_param,step_size,vm_param,pp_id,ll,AIC,agent_type
0,0.020454815097546698,0.13422174240043244,4.552016963504828,5f35d76593a88f0023c8d688,-81.17814,168.35628,hill_climbing
