attention_cost,exp_param,step_size,vm_param,pp_id,ll,AIC,agent_type
0.0,0.0059163273823076,0.0717373056859909,2.008016920201685,5f35d7a693a88f0023c8d6b2,-114.59624044698742,235.19248089397485,hill_climbing
