,exp_param,step_size,vm_param,pp_id,ll,AIC,agent_type
0,0.012328549054855427,0.09244456571123016,2.354679935015367,5f35d86c93a88f0023c8d7e9,-99.622774,205.245548,hill_climbing
