,exp_param,step_size,vm_param,pp_id,ll,AIC,agent_type
0,0.014209502888109671,0.33549130992674203,1.566211923298385,5f35dc7593a88f0023c8e5d3,-108.045742,222.091484,hill_climbing
