,attention_cost,exp_param,step_size,vm_param,pp_id,ll,AIC,agent_type
0,15.089998892673739,0.008178733657221462,0.07364905428816271,1.9180149788218481,5f35d62993a88f0023c8d613,-106.076432,220.152864,sparse_max_discrete
