,b,exp_param,n,vm_param,pp_id,ll,AIC,agent_type
0,5.539849290721283,0.02878501977503558,4.987940458956371,6.577989699336339,5f35d6bc93a88f0023c8d64b,-61.008772799999996,130.0175456,null_model_1
