,exp_param,step_size,vm_param,pp_id,ll,AIC,agent_type
0,0.00307980465732833,0.07594738432289955,2.2007502211584775,5f35d72493a88f0023c8d66f,-115.91165,237.8233,hill_climbing
