,b,exp_param,n,vm_param,pp_id,ll,AIC,agent_type
0,1.7101010445000842,0.05664482306320144,1.9735883630406712,5.824131916960206,5f35d65893a88f0023c8d625,-69.2677234,146.5354468,null_model_1
