,attention_cost,exp_param,step_size,vm_param,pp_id,ll,AIC,agent_type
0,0.0,0.029721613530529448,0.03084937985970798,2.9046603649638314,5f35d61893a88f0023c8d60c,-87.9877,181.9754,hill_climbing
