,attention_cost,exp_param,vm_param,pp_id,ll,AIC,agent_type
0,144.5531772831076,0.03526606540730974,2.0000049594915836,5f35d67e93a88f0023c8d634,-108.27321,222.54642,sparse_lqr
