,attention_cost,exp_param,vm_param,pp_id,ll,AIC,agent_type
0,131.32552450761423,0.02350760845760991,4.751407445748846,5f35d76593a88f0023c8d688,-76.072366,156.144732,sparse_lqr
