,b,exp_param,n,vm_param,pp_id,ll,AIC,agent_type
0,21.293644199350336,0.0014873381155711303,2.1712300257912323,2.204525277939001,5f360ea493a88f0023c908e6,-121.00261270000001,250.00522540000003,null_model_1
