,exp_param,vm_param,pp_id,ll,AIC,agent_type
0,0.03022391265621404,1.3455996060898523,5f35d77893a88f0023c8d690,-104.58887270179545,213.1777454035909,null_model_2
