attention_cost,exp_param,step_size,vm_param,pp_id,ll,AIC,agent_type
4.703741839382528,0.0195576259752321,0.1050332155788335,4.863451109370319,5f35dc9193a88f0023c8e6bd,-77.37491413926352,162.74982827852705,sparse_max_continuous
