b,exp_param,n,vm_param,pp_id,ll,AIC,agent_type
1.6598034422065204,0.1192543835426608,3.2076371419670453,0.7783691058511188,5f35dcae93a88f0023c8e7a3,-100.5404038179378,209.08080763587563,null_model_1
