,attention_cost,exp_param,vm_param,pp_id,ll,AIC,agent_type
0,229.10587879709232,0.022299295699947656,9.802972044729959,5f35d7d393a88f0023c8d6f4,-53.023752,112.047504,sparse_lqr
