,attention_cost,exp_param,step_size,vm_param,pp_id,ll,AIC,agent_type
0,20.465162359438168,0.024369339771620868,0.05485439667423614,6.645429489770037,5f35d5ea93a88f0023c8d5fd,-66.35090110021854,140.70180220043707,sparse_max_continuous
