,attention_cost,exp_param,step_size,vm_param,pp_id,ll,AIC,agent_type
0,25.941548870095183,0.025539591490979327,0.814466203245744,2.2447609186582596,5f35d84893a88f0023c8d7af,-85.569606,179.139212,sparse_max_discrete
