attention_cost,exp_param,step_size,vm_param,pp_id,ll,AIC,agent_type
9.654490384089904,0.033976889242104,0.0650203947859948,2.068100276166854,5f35d9ad93a88f0023c8da5b,-94.13201166455045,196.2640233291009,sparse_max_continuous
