,attention_cost,exp_param,vm_param,pp_id,ll,AIC,agent_type
0,277.41125446080844,0.06567524345810731,9.913465087318091,5f35d97e93a88f0023c8d9d4,-37.026658,80.053316,sparse_lqr
