,attention_cost,exp_param,step_size,vm_param,pp_id,ll,AIC,agent_type
0,4.021039682017222,0.030929097361202026,0.14172907019500725,8.398769172643366,5f35d78493a88f0023c8d69f,-55.73826,119.47652,sparse_max_discrete
