,exp_param,step_size,vm_param,pp_id,ll,AIC,agent_type
0,0.10199138689469445,0.2067169845950491,5.186515810455843,5f360eea93a88f0023c908e9,-59.617132,125.234264,hill_climbing
