,attention_cost,exp_param,step_size,vm_param,pp_id,ll,AIC,agent_type
0,18.910202550002833,0.027660979013176372,0.11985246702125374,8.115976484799372,5f35d7fa93a88f0023c8d725,-39.1561782060388,86.3123564120776,sparse_max_continuous
