,attention_cost,exp_param,vm_param,pp_id,ll,AIC,agent_type
0,218.15709817352007,0.029237308389645795,2.129222143319934,5f35d62693a88f0023c8d611,-92.127025,190.25405,sparse_lqr
