,exp_param,vm_param,pp_id,ll,AIC,agent_type
0,0.06387993539401689,9.999047430234384,5f35d72593a88f0023c8d671,-29.025514,62.051028,null_model_2
