attention_cost,exp_param,step_size,vm_param,pp_id,ll,AIC,agent_type
4.402676724513391,0.093246256174029,0.2793903170665063,3.4556072704304777,5f362dee93a88f0023c91131,-66.6567859891428,141.3135719782856,sparse_max_discrete
