,exp_param,vm_param,pp_id,ll,AIC,agent_type
0,0.003136196655118295,1.8710982771118567,5f35d80393a88f0023c8d729,-119.87558,243.75116,lqr
