b,exp_param,n,vm_param,pp_id,ll,AIC,agent_type
1.134453118032571,0.0470136517162577,4.961350453022421,2.09533765262546,5f35d71a93a88f0023c8d66c,-92.42440730050218,192.8488146010044,null_model_1
