,attention_cost,exp_param,vm_param,pp_id,ll,AIC,agent_type
0,75.76657286242195,0.04388369198885692,2.820569755625606,5f35df8793a88f0023c8f599,-83.075378,172.150756,sparse_lqr
