,attention_cost,exp_param,vm_param,pp_id,ll,AIC,agent_type
0,1.1612252688309979,0.001,2.5494258380695345,5f35da4f93a88f0023c8dc28,-129.590186,265.180372,sparse_lqr
