,attention_cost,exp_param,vm_param,pp_id,ll,AIC,agent_type
0,61.016686167765386,0.08793911794657201,2.061200038236052,5f35e00093a88f0023c8f758,-83.66250580159101,171.32501160318202,sparse_lqr
