,b,exp_param,n,vm_param,pp_id,ll,AIC,agent_type
0,0.011096598246601586,0.024158874549102118,2.5136013461293985,4.090003638015547,5f35d84893a88f0023c8d7af,-88.56280699999999,185.12561399999998,null_model_1
