,attention_cost,exp_param,step_size,vm_param,pp_id,ll,AIC,agent_type
0,0.0,0.0025956472381963823,0.21019365133487256,8.229774867140492,5f35d72493a88f0023c8d66f,-80.812218,167.624436,hill_climbing
