,exp_param,vm_param,pp_id,ll,AIC,agent_type
0,0.005243941145794253,0.7448634672704157,5f35e94193a88f0023c905da,-130.827606,265.655212,lqr
