,attention_cost,exp_param,step_size,vm_param,pp_id,ll,AIC,agent_type
0,12.345365943898463,0.03440508577218571,0.018497311324459254,5.54897144893479,5f35d77893a88f0023c8d691,-71.823238,151.646476,sparse_max_continuous
