,attention_cost,exp_param,step_size,vm_param,pp_id,ll,AIC,agent_type
0,0.0,0.08067118275846531,0.14817834241072586,4.838753737362,5f35d88193a88f0023c8d7ff,-63.131330108963446,132.2626602179269,hill_climbing
