,attention_cost,exp_param,step_size,vm_param,pp_id,ll,AIC,agent_type
0,18.883268956298437,0.025793376547022847,0.04857680679860621,5.367581999788586,5f35d88193a88f0023c8d7ff,-68.2190256597327,144.4380513194654,sparse_max_continuous
