,exp_param,vm_param,pp_id,ll,AIC,agent_type
0,0.007855232767588812,3.1180778650624017,5f35d7d693a88f0023c8d6f7,-97.817537,199.635074,lqr
