,exp_param,vm_param,pp_id,ll,AIC,agent_type
0,0.004158685504634005,1.154303192089815,5f35d62993a88f0023c8d613,-128.634433,261.268866,lqr
