,attention_cost,exp_param,step_size,vm_param,pp_id,ll,AIC,agent_type
0,5.0057719372531135,0.0026022182369537586,0.7683511534110101,2.404230953219205,5f35dba493a88f0023c8e193,-112.41570361331844,232.83140722663688,sparse_max_discrete
