,attention_cost,exp_param,step_size,vm_param,pp_id,ll,AIC,agent_type
0,1.7046188146989216,0.021840986742141747,0.5149960181704775,2.507443563456917,5f35e94193a88f0023c905da,-102.761036,213.522072,sparse_max_continuous
