,attention_cost,exp_param,step_size,vm_param,pp_id,ll,AIC,agent_type
0,0.0,0.009214052625723702,0.4914783383092765,2.672236459675834,5f360f4693a88f0023c908ef,-104.344475,214.68895,hill_climbing
