,attention_cost,exp_param,step_size,vm_param,pp_id,ll,AIC,agent_type
0,0.0,0.10284885607799768,0.1774314092545745,1.8019940573325888,5f35d80893a88f0023c8d735,-86.17444317464648,178.34888634929297,hill_climbing
