,exp_param,step_size,vm_param,pp_id,ll,AIC,agent_type
0,0.04668271856987671,0.5289293679134977,4.729240091419462,5f35d77893a88f0023c8d691,-69.570531,145.141062,hill_climbing
