attention_cost,exp_param,vm_param,pp_id,ll,AIC,agent_type
40.93656769820551,0.0608577718226994,1.2134345574073735,5f35e37d93a88f0023c8ffdc,-102.01105740224544,208.02211480449083,sparse_lqr
