,attention_cost,exp_param,step_size,vm_param,pp_id,ll,AIC,agent_type
0,0.0,0.052721014805036395,0.21318328757524127,5.695855987407338,5f35df8293a88f0023c8f57b,-62.17760266468061,130.35520532936124,hill_climbing
