attention_cost,exp_param,step_size,vm_param,pp_id,ll,AIC,agent_type
0.0,0.0271847758908415,0.0424597320311919,2.462110676030459,5f35dab593a88f0023c8dda2,-95.3526955553108,196.7053911106216,hill_climbing
