,exp_param,vm_param,pp_id,ll,AIC,agent_type
0,0.01885710583927588,4.200573792500117,5f35dc9193a88f0023c8e6bd,-80.640658,165.281316,null_model_2
