,attention_cost,exp_param,vm_param,pp_id,ll,AIC,agent_type
0,246.3148711091532,0.03095986538044442,2.5527663477391025,5f35db0b93a88f0023c8ded5,-87.91786709290328,179.83573418580656,sparse_lqr
