,attention_cost,exp_param,step_size,vm_param,pp_id,ll,AIC,agent_type
0,0.0,0.04446639944692989,0.125543957507672,9.757761183552148,5f362fb593a88f0023c91191,-57.540710410745845,121.08142082149169,hill_climbing
