,attention_cost,exp_param,step_size,vm_param,pp_id,ll,AIC,agent_type
0,15.244184524530219,0.11105791707628893,0.4677130770804348,2.7172556543876936,5f35d71c93a88f0023c8d66e,-72.36766122734771,152.73532245469542,sparse_max_discrete
