,attention_cost,exp_param,step_size,vm_param,pp_id,ll,AIC,agent_type
0,20.146125483616796,0.01256630080741495,0.6396722407746163,3.083038439173791,5f35d65d93a88f0023c8d629,-93.0493663313249,194.0987326626498,sparse_max_discrete
