,attention_cost,exp_param,step_size,vm_param,pp_id,ll,AIC,agent_type
0,24.683962274496242,0.027406020764121665,0.13644596349009697,4.073532471310569,5f3610a993a88f0023c90912,-77.731691,163.463382,sparse_max_discrete
