,attention_cost,exp_param,step_size,vm_param,pp_id,ll,AIC,agent_type
0,0.0,0.05768595474041746,0.0003835899759763173,4.557987372673075,5f35d7d693a88f0023c8d6f7,-65.2805434326998,136.5610868653996,hill_climbing
