exp_param,vm_param,pp_id,ll,AIC,agent_type
0.0037417903971019,1.1374324473358557,5f35d86c93a88f0023c8d7e9,-129.3260579336782,262.65211586735643,lqr
