,attention_cost,exp_param,step_size,vm_param,pp_id,ll,AIC,agent_type
0,20.233285328501378,0.013480773487883384,0.044929871581422975,6.339009474671573,5f35d5ea93a88f0023c8d5fd,-67.76195041096108,143.52390082192215,sparse_max_continuous
