,exp_param,vm_param,pp_id,ll,AIC,agent_type
0,0.0038159941498435877,0.9584431158607254,5f35d62693a88f0023c8d611,-132.29594629055276,268.5918925811055,lqr
