,attention_cost,exp_param,vm_param,pp_id,ll,AIC,agent_type
0,231.7516197055095,0.0182911003536912,3.3050978193326,5f35d76593a88f0023c8d688,-85.868979,177.737958,sparse_lqr
