,exp_param,step_size,vm_param,pp_id,ll,AIC,agent_type
0,0.05072492173341272,0.2846020446376808,2.7719666124996856,5f35d7da93a88f0023c8d703,-81.674642,169.349284,hill_climbing
