b,exp_param,n,vm_param,pp_id,ll,AIC,agent_type
3.819173378164392,0.0106855249170264,1.047305759210848,4.097113928184032,5f35dc7593a88f0023c8e5d3,-90.77970631177008,189.5594126235401,null_model_1
