,exp_param,vm_param,pp_id,ll,AIC,agent_type
0,0.012255075419922379,1.7482985721951372,5f35d8b893a88f0023c8d833,-108.011965,220.02393,lqr
