,attention_cost,exp_param,step_size,vm_param,pp_id,ll,AIC,agent_type
0,3.1425736965502162,0.015940322666275694,0.18362144522777568,9.936728850790349,5f35e09e93a88f0023c8f979,-59.920068,127.840136,sparse_max_continuous
