,exp_param,vm_param,pp_id,ll,AIC,agent_type
0,0.00401316862845189,1.792768366333859,5f35d65893a88f0023c8d625,-118.83819220871445,241.6763844174289,lqr
