,b,exp_param,n,vm_param,pp_id,ll,AIC,agent_type
0,2.6121809363756885,0.006446826781820756,3.6398168339147268,1.6063460190817924,5f35e93693a88f0023c905d9,-115.54854599999999,239.09709199999998,null_model_1
