,attention_cost,exp_param,step_size,vm_param,pp_id,ll,AIC,agent_type
0,3.776009091465381,0.0024160578785273777,0.650706998631156,6.726101105689847,5f35dba493a88f0023c8e193,-105.56566339126738,219.13132678253476,sparse_max_continuous
