,attention_cost,exp_param,vm_param,pp_id,ll,AIC,agent_type
0,267.3056862877017,0.02825993629395135,5.220512472525107,5f35d63393a88f0023c8d617,-73.76630255534978,151.53260511069956,sparse_lqr
