,exp_param,vm_param,pp_id,ll,AIC,agent_type
0,0.05581906738753805,7.520555091730189,5f35db9193a88f0023c8e13f,-56.752863,117.505726,null_model_2
