,attention_cost,exp_param,vm_param,pp_id,ll,AIC,agent_type
0,123.09521150660693,0.04370081693152831,3.874114475776518,5f35d70093a88f0023c8d662,-72.013656,150.027312,sparse_lqr
