,b,exp_param,n,vm_param,pp_id,ll,AIC,agent_type
0,7.0590423172538435,0.009316848813739748,3.8076181083934086,1.4335038032594505,5f360f4693a88f0023c908ef,-116.11393190000001,240.22786380000002,null_model_1
