,exp_param,vm_param,pp_id,ll,AIC,agent_type
0,0.003755296392416748,3.0138842590937776,5f35d78293a88f0023c8d697,-106.589007,217.178014,lqr
