,exp_param,vm_param,pp_id,ll,AIC,agent_type
0,0.003986557033052608,0.2324091340891321,5f35e11793a88f0023c8fa8c,-138.19259574120235,280.3851914824047,lqr
