,attention_cost,exp_param,vm_param,pp_id,ll,AIC,agent_type
0,179.63152692132178,0.020571488973716533,1.833948909411136,5f35d68993a88f0023c8d637,-98.903555,203.80711,sparse_lqr
