,attention_cost,exp_param,step_size,vm_param,pp_id,ll,AIC,agent_type
0,0.0,0.0922775800592139,1.0966148909033278,9.650998395001073,5f35db9193a88f0023c8e13f,-40.402253,86.804506,hill_climbing
