,exp_param,vm_param,pp_id,ll,AIC,agent_type
0,0.024993715814189438,1.6261391810245895,5f35e76793a88f0023c90491,-102.73432767300035,209.4686553460007,lqr
