,attention_cost,exp_param,step_size,vm_param,pp_id,ll,AIC,agent_type
0,14.726506832413875,0.005516761963069528,0.045253890343804615,7.65835327307478,5f35da4f93a88f0023c8dc28,-70.27282597408421,148.54565194816843,sparse_max_discrete
