,attention_cost,exp_param,step_size,vm_param,pp_id,ll,AIC,agent_type
0,0.0,0.05656341321727228,0.2551623069424883,7.602079177389567,5f35d77893a88f0023c8d691,-45.369806524111496,96.73961304822299,hill_climbing
