exp_param,vm_param,pp_id,ll,AIC,agent_type
0.0029128952675098,6.078238197561393,5f35d97e93a88f0023c8d9d4,-89.4996040906792,182.9992081813584,lqr
