,exp_param,vm_param,pp_id,ll,AIC,agent_type
0,0.0074341170975631195,1.463898775247242,5f35d83993a88f0023c8d78b,-116.9101,237.8202,lqr
