,exp_param,step_size,vm_param,pp_id,ll,AIC,agent_type
0,0.0473489460297035,0.5008461802199364,5.096943481001174,5f35d78493a88f0023c8d69f,-69.231238,144.462476,hill_climbing
