,exp_param,vm_param,pp_id,ll,AIC,agent_type
0,0.02760677801401363,5.917939366273802,5f35d90c93a88f0023c8d8d0,-68.673189,141.346378,null_model_2
