,exp_param,vm_param,pp_id,ll,AIC,agent_type
0,0.014012573359312552,1.2441728529227403,5f35d6aa93a88f0023c8d642,-114.265003,232.530006,lqr
