,attention_cost,exp_param,step_size,vm_param,pp_id,ll,AIC,agent_type
0,0.0,0.10403820888775954,0.2233023409163843,8.700130334693686,5f35d73b93a88f0023c8d678,-47.329687,100.659374,hill_climbing
