,exp_param,vm_param,pp_id,ll,AIC,agent_type
0,0.0028272494724177304,1.203199457351003,5f35d74693a88f0023c8d67e,-130.538573,265.077146,lqr
