,attention_cost,exp_param,vm_param,pp_id,ll,AIC,agent_type
0,285.5327079101555,0.05186147113337032,2.3507186409101455,5f35d71c93a88f0023c8d66e,-81.447175,166.89435,sparse_lqr
