,exp_param,vm_param,pp_id,ll,AIC,agent_type
0,0.013170416676302386,4.055945169882441,5f35d7f093a88f0023c8d716,-85.49178215920779,174.98356431841557,null_model_2
