b,exp_param,n,vm_param,pp_id,ll,AIC,agent_type
1.8108759594220327,0.1026444805235938,1.78044277596282,9.951223844885318,5f35d97e93a88f0023c8d9d4,-36.7728256913505,81.545651382701,null_model_1
