,attention_cost,exp_param,vm_param,pp_id,ll,AIC,agent_type
0,75.70995565153822,0.08147425688368642,6.457066488254551,5f35d88193a88f0023c8d7ff,-64.88304280437076,133.76608560874152,sparse_lqr
