b,exp_param,n,vm_param,pp_id,ll,AIC,agent_type
4.023368058684626,0.0243225851885049,3.9951059310378176,4.1690826457539885,5f35d65893a88f0023c8d625,-79.41062531212984,166.82125062425968,null_model_1
