,exp_param,vm_param,pp_id,ll,AIC,agent_type
0,0.019912085409443604,5.162943973407317,5f35d64293a88f0023c8d61c,-75.4164,154.8328,null_model_2
