,exp_param,vm_param,pp_id,ll,AIC,agent_type
0,0.0019964274931039945,1.4256130341402606,5f362dee93a88f0023c91131,-131.912693,267.825386,lqr
