,attention_cost,exp_param,vm_param,pp_id,ll,AIC,agent_type
0,141.264821725976,0.04655346430877034,8.943543151799032,5f35d73b93a88f0023c8d678,-54.7923,113.5846,sparse_lqr
