,b,exp_param,n,vm_param,pp_id,ll,AIC,agent_type
0,9.268394230623816,0.013483870395850285,2.2317828664853585,2.8938090442441657,5f35d81193a88f0023c8d742,-89.8564559,187.7129118,null_model_1
