,attention_cost,exp_param,vm_param,pp_id,ll,AIC,agent_type
0,235.5652808431989,0.020807495457654875,9.904904847551277,5f35d78293a88f0023c8d697,-51.776222,109.552444,sparse_lqr
