,attention_cost,exp_param,step_size,vm_param,pp_id,ll,AIC,agent_type
0,3.5785630908379593,0.09707957273146231,0.06559422063620107,4.431634827429981,5f35e09e93a88f0023c8f979,-65.699274,139.398548,sparse_max_continuous
