,b,exp_param,n,vm_param,pp_id,ll,AIC,agent_type
0,9.052423911933044,0.008550522027426248,1.6771082688861974,1.2654830356861524,5f35d62993a88f0023c8d613,-119.2884895993894,246.5769791987788,null_model_1
