,attention_cost,exp_param,vm_param,pp_id,ll,AIC,agent_type
0,74.7935136065842,0.02732255139500128,1.9023751666931965,5f35d9ad93a88f0023c8da5b,-101.200507,208.401014,sparse_lqr
