,attention_cost,exp_param,vm_param,pp_id,ll,AIC,agent_type
0,18.161163282932048,0.0488031634463902,1.8803255480801595,5f35e76793a88f0023c90491,-95.25547380928188,194.51094761856376,sparse_lqr
