,attention_cost,exp_param,step_size,vm_param,pp_id,ll,AIC,agent_type
0,0.0,0.12652128176602667,1.2267227417020479,0.6364070589146531,5f361f5693a88f0023c90f72,-100.123048,206.246096,hill_climbing
