,exp_param,step_size,vm_param,pp_id,ll,AIC,agent_type
0,0.04015700938361865,0.39742112866250295,3.687255339654232,5f3612ca93a88f0023c909a0,-75.231015,156.46203,hill_climbing
