,exp_param,vm_param,pp_id,ll,AIC,agent_type
0,0.001477159148054857,1.1613233756858987,5f35d72493a88f0023c8d66f,-138.459627,280.919254,lqr
