,attention_cost,exp_param,vm_param,pp_id,ll,AIC,agent_type
0,175.85996947782363,0.01882585878302486,9.837233748012961,5f35d72593a88f0023c8d671,-55.051366,116.102732,sparse_lqr
