,attention_cost,exp_param,step_size,vm_param,pp_id,ll,AIC,agent_type
0,28.207419528311146,0.06669260961663946,1.1316914633857877,2.418601970383356,5f360eea93a88f0023c908e9,-78.833549,165.667098,sparse_max_discrete
