attention_cost,exp_param,step_size,vm_param,pp_id,ll,AIC,agent_type
2.093579355126256,0.0428356927296962,0.0740945769499714,1.5045502836766345,5f35d84893a88f0023c8d7af,-99.26206815645476,206.52413631290955,sparse_max_continuous
