,attention_cost,exp_param,step_size,vm_param,pp_id,ll,AIC,agent_type
0,28.682172032328317,0.06942546351401242,0.04280904925498297,5.892362316581956,5f35d97e93a88f0023c8d9d4,-61.357399,130.714798,sparse_max_discrete
