exp_param,vm_param,pp_id,ll,AIC,agent_type
0.0442596507739523,8.652970588095295,5f35d73b93a88f0023c8d678,-56.01875519669084,116.03751039338168,null_model_2
