,attention_cost,exp_param,step_size,vm_param,pp_id,ll,AIC,agent_type
0,15.411863792196792,0.03363912224366223,0.22920177776898143,3.2184178108187558,5f35d73993a88f0023c8d677,-76.0653,160.1306,sparse_max_continuous
