,exp_param,vm_param,pp_id,ll,AIC,agent_type
0,0.0210760441853117,9.928493891500747,5f35d7fa93a88f0023c8d725,-60.759244431012476,125.51848886202495,null_model_2
