,exp_param,vm_param,pp_id,ll,AIC,agent_type
0,0.005725704874676527,1.796484342237753,5f35d7a693a88f0023c8d6b2,-115.854958,235.709916,null_model_2
