,attention_cost,exp_param,step_size,vm_param,pp_id,ll,AIC,agent_type
0,7.713548813465886,0.11178040944328517,0.28944409802866927,4.995841706788861,5f35d82093a88f0023c8d751,-53.961887265955866,115.92377453191173,sparse_max_discrete
