attention_cost,exp_param,step_size,vm_param,pp_id,ll,AIC,agent_type
0.0,0.0204703106441704,0.1327321945761299,9.630925219755548,5f35dafe93a88f0023c8de97,-38.94067240013285,83.8813448002657,hill_climbing
