,attention_cost,exp_param,vm_param,pp_id,ll,AIC,agent_type
0,278.37490687918176,0.011749220632971378,7.361959576464091,5f35d7f093a88f0023c8d716,-82.441547,170.883094,sparse_lqr
