,exp_param,vm_param,pp_id,ll,AIC,agent_type
0,0.020035413006735038,3.403448955642403,5f36121793a88f0023c9095f,-77.47374876774415,158.9474975354883,null_model_2
