,attention_cost,exp_param,vm_param,pp_id,ll,AIC,agent_type
0,283.65016635714017,0.04082970491462732,7.7613458334738255,5f35d6bc93a88f0023c8d64b,-55.452617,116.905234,sparse_lqr
