,attention_cost,exp_param,vm_param,pp_id,ll,AIC,agent_type
0,295.64664385537134,0.024943168149138203,7.803241369246223,5f35d6bc93a88f0023c8d64b,-64.636205,135.27241,sparse_lqr
