,b,exp_param,n,vm_param,pp_id,ll,AIC,agent_type
0,9.879873624072427,0.010376142536367393,1.1574853197227295,1.8489964469677977,5f35e94193a88f0023c905da,-125.5288157036152,259.05763140723036,null_model_1
