attention_cost,exp_param,vm_param,pp_id,ll,AIC,agent_type
29.832168874676768,0.115919977038196,3.734071317371953,5f35d79293a88f0023c8d6a1,-70.86874421497913,145.73748842995826,sparse_lqr
