,b,exp_param,n,vm_param,pp_id,ll,AIC,agent_type
0,18.45176841518788,0.019056610950202856,1.0741846950624794,1.0466464243000506,5f35d67e93a88f0023c8d634,-111.00855000000001,230.01710000000003,null_model_1
