,exp_param,step_size,vm_param,pp_id,ll,AIC,agent_type
0,0.0480175591818842,0.04730752153212887,1.756684844620991,5f35d6b193a88f0023c8d648,-89.247602,184.495204,hill_climbing
