exp_param,vm_param,pp_id,ll,AIC,agent_type
0.0033601287223766,0.5649217717923194,5f35dae093a88f0023c8de20,-137.70042624325774,279.4008524865155,lqr
