,exp_param,vm_param,pp_id,ll,AIC,agent_type
0,0.006775605187222214,2.96475301368318,5f36101b93a88f0023c90907,-99.35284,202.70568,null_model_2
