,b,exp_param,n,vm_param,pp_id,ll,AIC,agent_type
0,2.2085203146793426,0.023890632552006706,4.7907175842451295,1.9868163259270233,5f35d61893a88f0023c8d60c,-85.63383536420807,179.26767072841614,null_model_1
