,attention_cost,exp_param,step_size,vm_param,pp_id,ll,AIC,agent_type
0,0.0,0.039824529910931245,0.17847714749362642,4.4553748470250385,5f35df8793a88f0023c8f599,-80.219852,166.439704,hill_climbing
