,exp_param,vm_param,pp_id,ll,AIC,agent_type
0,0.017714798494897193,3.9590811732629936,5f35d8e393a88f0023c8d887,-83.148257,170.296514,lqr
