,attention_cost,exp_param,step_size,vm_param,pp_id,ll,AIC,agent_type
0,8.95674990732442,0.1179454333442692,0.7601866004012333,1.9238256086254601,5f35d60393a88f0023c8d605,-80.901668,169.803336,sparse_max_discrete
