,attention_cost,exp_param,step_size,vm_param,pp_id,ll,AIC,agent_type
0,0.0,0.027498219064331402,0.24415185381981303,10.0,5f35d7fa93a88f0023c8d725,-40.727452,87.454904,hill_climbing
