,attention_cost,exp_param,step_size,vm_param,pp_id,ll,AIC,agent_type
0,0.0,0.0026161006275906666,0.028837515431010208,2.186961462165949,5f35d72493a88f0023c8d66f,-116.060373,238.120746,hill_climbing
