,exp_param,vm_param,pp_id,ll,AIC,agent_type
0,0.0027695401007862414,0.9413693502689824,5f35d9ad93a88f0023c8da5b,-134.462998,272.925996,lqr
