,b,exp_param,n,vm_param,pp_id,ll,AIC,agent_type
0,0.3660761903643339,0.027705681114988005,2.2821757950433175,5.406867538722433,5f35d6af93a88f0023c8d646,-66.0419221,140.0838442,null_model_1
