,exp_param,vm_param,pp_id,ll,AIC,agent_type
0,0.018925914106018807,7.437217077457918,5f35d65393a88f0023c8d623,-67.49862918917636,138.9972583783527,null_model_2
