,b,exp_param,n,vm_param,pp_id,ll,AIC,agent_type
0,5.934216618553611,0.030368343711445075,1.026747339834945,5.466646614241628,5f35d73b93a88f0023c8d678,-64.716585,137.43317,null_model_1
