,exp_param,step_size,vm_param,pp_id,ll,AIC,agent_type
0,0.0113876388854274,0.23484483063656997,1.4082074203703632,5f35d65d93a88f0023c8d629,-110.54352,227.08704,hill_climbing
