,attention_cost,exp_param,step_size,vm_param,pp_id,ll,AIC,agent_type
0,14.906034776169024,0.00882999781795768,0.042742119789390076,2.383316051323927,5f35d6aa93a88f0023c8d642,-103.743003,215.486006,sparse_max_continuous
