,attention_cost,exp_param,step_size,vm_param,pp_id,ll,AIC,agent_type
0,0.0,0.036219855270669406,0.3347082208737896,9.862670834803897,5f35d7d393a88f0023c8d6f4,-44.20084,94.40168,hill_climbing
