,exp_param,step_size,vm_param,pp_id,ll,AIC,agent_type
0,0.03615653255278194,0.0,3.7038781515898274,5f3610a993a88f0023c90912,-81.861382,169.722764,hill_climbing
