attention_cost,exp_param,step_size,vm_param,pp_id,ll,AIC,agent_type
23.09932003210968,0.0152551907877778,0.5125362721765738,5.663668681692091,5f35d8e393a88f0023c8d887,-80.58145347600421,169.16290695200843,sparse_max_continuous
