,attention_cost,exp_param,step_size,vm_param,pp_id,ll,AIC,agent_type
0,15.501190793028364,0.0320659783800923,0.8567636087793502,1.8046850899511557,5f35dab593a88f0023c8dda2,-90.2378563330308,188.4757126660616,sparse_max_continuous
