,attention_cost,exp_param,vm_param,pp_id,ll,AIC,agent_type
0,29.824181340752087,0.10565030010784186,1.4901029386317355,5f35dcae93a88f0023c8e7a3,-92.866035,191.73207,sparse_lqr
