exp_param,vm_param,pp_id,ll,AIC,agent_type
0.0031035220462389,2.6602435581895643,5f35d5d093a88f0023c8d5f7,-110.91613575785726,225.83227151571447,lqr
