attention_cost,exp_param,vm_param,pp_id,ll,AIC,agent_type
108.67460559887212,0.0285435394056962,1.728742869694162,5f35d67e93a88f0023c8d634,-103.5903923401834,211.1807846803668,sparse_lqr
