,attention_cost,exp_param,step_size,vm_param,pp_id,ll,AIC,agent_type
0,0.0,0.06826479115370471,0.020307773407660656,2.0545550592239303,5f361ea793a88f0023c90f71,-85.94176997999644,177.88353995999287,hill_climbing
