,attention_cost,exp_param,step_size,vm_param,pp_id,ll,AIC,agent_type
0,4.13939261748543,0.01257507921314355,0.2193845823832965,2.056545290615719,5f35d9ad93a88f0023c8da5b,-99.061677,206.123354,sparse_max_continuous
