,attention_cost,exp_param,step_size,vm_param,pp_id,ll,AIC,agent_type
0,0.0,0.05860113200706199,0.17701966156010318,4.451723623709163,5f360f1993a88f0023c908ea,-70.626031,147.252062,hill_climbing
