,attention_cost,exp_param,step_size,vm_param,pp_id,ll,AIC,agent_type
0,7.712450972758087,0.021105559320625092,0.47062442993091286,3.705233137320917,5f35e0a193a88f0023c8f986,-78.48940788827518,164.97881577655036,sparse_max_discrete
