,exp_param,vm_param,pp_id,ll,AIC,agent_type
0,0.0011221778063511825,1.4148569444837,5f35dba493a88f0023c8e193,-136.379514,276.759028,lqr
