,attention_cost,exp_param,step_size,vm_param,pp_id,ll,AIC,agent_type
0,4.638335341848698,0.013608489538254463,0.2533513909116198,3.0975041637716783,5f35d72b93a88f0023c8d674,-95.040949,198.081898,sparse_max_discrete
