,attention_cost,exp_param,vm_param,pp_id,ll,AIC,agent_type
0,198.45145344554751,0.023278547629097056,4.656378497982781,5f35d8e393a88f0023c8d887,-76.843713,159.687426,sparse_lqr
