attention_cost,exp_param,vm_param,pp_id,ll,AIC,agent_type
29.82584898291381,0.0463250404605836,4.9466592988349785,5f35d73993a88f0023c8d677,-75.14107389971969,154.28214779943937,sparse_lqr
