,attention_cost,exp_param,vm_param,pp_id,ll,AIC,agent_type
0,123.98089868090267,0.0597251693816205,7.9377984044908265,5f35d73b93a88f0023c8d678,-55.183444,116.366888,sparse_lqr
