,attention_cost,exp_param,step_size,vm_param,pp_id,ll,AIC,agent_type
0,14.893891340211505,0.1469489806737142,0.8101490005200325,1.5584171922770473,5f361ea793a88f0023c90f71,-77.985826101748,163.971652203496,sparse_max_discrete
