,attention_cost,exp_param,vm_param,pp_id,ll,AIC,agent_type
0,257.261555109316,0.011816132168079231,4.51667851217704,5f35d81193a88f0023c8d742,-85.830103,177.660206,sparse_lqr
