,attention_cost,exp_param,step_size,vm_param,pp_id,ll,AIC,agent_type
0,13.058830812682897,0.001,0.5224522498697828,2.5569200358961215,5f360ea493a88f0023c908e6,-115.723634,239.447268,sparse_max_continuous
