,attention_cost,exp_param,step_size,vm_param,pp_id,ll,AIC,agent_type
0,0.0,0.04636099172372692,0.5425164690374626,1.9483506494436043,5f35d77893a88f0023c8d690,-94.1572,194.3144,hill_climbing
