,b,exp_param,n,vm_param,pp_id,ll,AIC,agent_type
0,1.185606653392874,0.0381126791134308,2.1447639203999334,5.522292946890717,5f35d72f93a88f0023c8d675,-50.96608712971077,109.93217425942154,null_model_1
