,exp_param,vm_param,pp_id,ll,AIC,agent_type
0,0.027532336610234128,3.2808273028126624,5f35df8793a88f0023c8f599,-83.0924013812406,170.1848027624812,null_model_2
