,exp_param,step_size,vm_param,pp_id,ll,AIC,agent_type
0,0.10726970355029476,0.004802832997137185,9.966646524844684,5f35d6ae93a88f0023c8d644,-24.063211,54.126422,hill_climbing
