,attention_cost,exp_param,step_size,vm_param,pp_id,ll,AIC,agent_type
0,0.0,0.04898707431932391,0.4994408966964756,2.1219163511998773,5f35d77893a88f0023c8d690,-91.041868,188.083736,hill_climbing
