,attention_cost,exp_param,step_size,vm_param,pp_id,ll,AIC,agent_type
0,0.0,0.0311265348806845,0.00032221297051177045,3.0569617073181297,5f35d62693a88f0023c8d611,-89.46727239545152,184.93454479090303,hill_climbing
