exp_param,vm_param,pp_id,ll,AIC,agent_type
0.0038883801354305,0.9178917106346464,5f35d6f793a88f0023c8d65f,-132.80792192105912,269.61584384211824,lqr
