attention_cost,exp_param,vm_param,pp_id,ll,AIC,agent_type
53.8359046796852,0.0849786911470926,2.9296184699957077,5f35d6f793a88f0023c8d65f,-78.40389100358304,160.80778200716608,sparse_lqr
