,b,exp_param,n,vm_param,pp_id,ll,AIC,agent_type
0,0.14569836061250063,0.02250312120009633,4.970517847160645,1.1366443966505313,5f35d8b893a88f0023c8d833,-104.59146659999999,217.18293319999998,null_model_1
