,attention_cost,exp_param,step_size,vm_param,pp_id,ll,AIC,agent_type
0,0.0,0.06224470620955357,0.0,3.366952856428422,5f35d73993a88f0023c8d677,-81.74395230754894,169.48790461509788,hill_climbing
