attention_cost,exp_param,step_size,vm_param,pp_id,ll,AIC,agent_type
18.0093235431726,0.0877913809489087,0.7620150817819116,1.340905961266644,5f35da6493a88f0023c8dc69,-91.52972187965426,191.0594437593085,sparse_max_continuous
