,attention_cost,exp_param,step_size,vm_param,pp_id,ll,AIC,agent_type
0,9.197475151317658,0.029898093107127422,0.6513566785744054,1.8613492042806612,5f35d8b893a88f0023c8d833,-94.387647,196.775294,sparse_max_discrete
