,exp_param,step_size,vm_param,pp_id,ll,AIC,agent_type
0,0.016545944795898344,0.0070126344299894505,6.585568033465744,5f35d94f93a88f0023c8d95c,-69.896426,145.792852,hill_climbing
