,attention_cost,exp_param,step_size,vm_param,pp_id,ll,AIC,agent_type
0,8.057193650712097,0.06107667123709252,0.4208009050656116,8.056336756409708,5f36107b93a88f0023c9090e,-67.750308,143.500616,sparse_max_continuous
