,exp_param,vm_param,pp_id,ll,AIC,agent_type
0,0.09073783143385426,1.712842994443713,5f35da6493a88f0023c8dc69,-88.53545526083292,181.07091052166584,null_model_2
