,attention_cost,exp_param,step_size,vm_param,pp_id,ll,AIC,agent_type
0,20.512301776470597,0.08135078403201357,0.029195099706597727,5.166185459673553,5f35d97e93a88f0023c8d9d4,-61.082343,130.16468600000002,sparse_max_discrete
