,exp_param,vm_param,pp_id,ll,AIC,agent_type
0,0.006468156799801625,4.248750692864357,5f35d7fa93a88f0023c8d725,-91.591795,187.18359,lqr
