,exp_param,vm_param,pp_id,ll,AIC,agent_type
0,0.03531098697947881,2.5291473453178535,5f35d73b93a88f0023c8d678,-87.809053,179.618106,lqr
