attention_cost,exp_param,step_size,vm_param,pp_id,ll,AIC,agent_type
9.65459890163712,0.1734320154996727,0.6129558375198936,2.414187479655988,5f35d6f793a88f0023c8d65f,-72.11499064438605,152.2299812887721,sparse_max_discrete
