attention_cost,exp_param,step_size,vm_param,pp_id,ll,AIC,agent_type
0.0,0.1221530244028052,0.1334945569691081,1.9160343379312492,5f360ee993a88f0023c908e8,-91.70255526608872,189.40511053217745,hill_climbing
