,attention_cost,exp_param,step_size,vm_param,pp_id,ll,AIC,agent_type
0,16.954181450607585,0.02830724252215244,0.2118159018691213,4.64635671931587,5f35df8793a88f0023c8f599,-77.48430591107103,162.96861182214207,sparse_max_discrete
