,attention_cost,exp_param,vm_param,pp_id,ll,AIC,agent_type
0,94.89018838648498,0.07229206650009296,2.1010767103007866,5f35d60393a88f0023c8d605,-82.480975,170.96195,sparse_lqr
