,attention_cost,exp_param,step_size,vm_param,pp_id,ll,AIC,agent_type
0,8.576792064503643,0.031675955193691055,0.021636614737848947,1.9504067015200943,5f35d61893a88f0023c8d60c,-88.6489,185.2978,sparse_max_discrete
