,exp_param,vm_param,pp_id,ll,AIC,agent_type
0,0.003366720302376729,1.8467591800137673,5f35d5d093a88f0023c8d5f7,-120.264976,244.529952,lqr
