,attention_cost,exp_param,step_size,vm_param,pp_id,ll,AIC,agent_type
0,3.5058709043299197,0.06686832760611015,0.05029641975408822,2.1572909486816636,5f35d60393a88f0023c8d605,-77.89829,163.79658,sparse_max_continuous
