,attention_cost,exp_param,step_size,vm_param,pp_id,ll,AIC,agent_type
0,27.988055510733563,0.0034848099200004146,0.6350267147472124,3.6946368642415517,5f35e93693a88f0023c905d9,-105.099818,218.199636,sparse_max_continuous
