,b,exp_param,n,vm_param,pp_id,ll,AIC,agent_type
0,1.075110589849891,0.009500672165344184,3.1071658516426623,3.3321006377815188,5f35d7f093a88f0023c8d716,-93.02411946188015,194.0482389237603,null_model_1
