,attention_cost,exp_param,step_size,vm_param,pp_id,ll,AIC,agent_type
0,25.979770154362406,0.04202369369220606,0.3968128454888109,2.6917613157955325,5f3610a993a88f0023c90912,-73.348805,154.69761,sparse_max_continuous
