,attention_cost,exp_param,step_size,vm_param,pp_id,ll,AIC,agent_type
0,0.0,0.07723519142988604,0.06313394575599218,9.961669174468,5f35d72593a88f0023c8d671,-29.062703,64.125406,hill_climbing
