,attention_cost,exp_param,step_size,vm_param,pp_id,ll,AIC,agent_type
0,16.848064260829005,0.02191113198983459,0.23335680926393398,4.936403761300506,5f35d8e393a88f0023c8d887,-81.011033,170.022066,sparse_max_continuous
