,b,exp_param,n,vm_param,pp_id,ll,AIC,agent_type
0,6.611511775725804,0.024087267064940153,2.2328172386543836,1.2738531837705147,5f35d8b893a88f0023c8d833,-116.9925325,241.985065,null_model_1
