,attention_cost,exp_param,step_size,vm_param,pp_id,ll,AIC,agent_type
0,25.715509872644414,0.059136856085383716,0.6573924091626329,9.330954140027616,5f360f1993a88f0023c908ea,-45.56026,99.12052,sparse_max_discrete
