exp_param,vm_param,pp_id,ll,AIC,agent_type
0.0014475352850181,1.7761164598125612,5f35d72493a88f0023c8d66f,-128.73871074854824,261.4774214970965,lqr
