,exp_param,vm_param,pp_id,ll,AIC,agent_type
0,0.010136959029131903,1.942769103155061,5f35db9193a88f0023c8e13f,-107.091613,218.183226,lqr
