,attention_cost,exp_param,step_size,vm_param,pp_id,ll,AIC,agent_type
0,0.0,0.06632739011071836,0.49025520314090537,1.9973125286583955,5f35dfdb93a88f0023c8f6da,-89.98459995686974,185.9691999137395,hill_climbing
