,b,exp_param,n,vm_param,pp_id,ll,AIC,agent_type
0,3.947859128734029,0.031645821735293275,3.585126949825391,2.277589352892415,5f35d5ea93a88f0023c8d5fd,-84.8953623,177.7907246,null_model_1
