,exp_param,vm_param,pp_id,ll,AIC,agent_type
0,0.010672232494230775,1.9449808851401706,5f35df1293a88f0023c8f3db,-107.466336,218.932672,lqr
