,attention_cost,exp_param,vm_param,pp_id,ll,AIC,agent_type
0,283.64311009545065,0.046670309129847945,4.358458559132164,5f35d90b93a88f0023c8d8cf,-74.451555,154.90311,sparse_lqr
