,exp_param,vm_param,pp_id,ll,AIC,agent_type
0,0.022245626668580477,0.45258954928063644,5f35d5ee93a88f0023c8d5fe,-119.6763,243.3526,lqr
