,attention_cost,exp_param,step_size,vm_param,pp_id,ll,AIC,agent_type
0,0.17592813408937813,0.22088355674948815,0.6832462030552566,2.0631420364959308,5f35d7f393a88f0023c8d71a,-77.78136806929203,163.56273613858406,sparse_max_discrete
