,b,exp_param,n,vm_param,pp_id,ll,AIC,agent_type
0,0.7036725132539334,0.036975496345744485,2.3727348150982923,2.7909791479864388,5f35df8293a88f0023c8f57b,-77.91869439999999,163.83738879999999,null_model_1
