,attention_cost,exp_param,step_size,vm_param,pp_id,ll,AIC,agent_type
0,23.72458477315017,0.08445357754089647,0.0072820175467222525,5.223071456412152,5f35d97e93a88f0023c8d9d4,-61.0888,130.17759999999998,sparse_max_discrete
