attention_cost,exp_param,step_size,vm_param,pp_id,ll,AIC,agent_type
12.829952990908923,0.1003411223526736,0.1725525180753693,3.734071317371953,5f35d79293a88f0023c8d6a1,-66.01791927051339,140.03583854102678,sparse_max_continuous
