,b,exp_param,n,vm_param,pp_id,ll,AIC,agent_type
0,3.1800392458591666,0.029803483663324165,1.0838958197431783,4.443254720431739,5f360f1993a88f0023c908ea,-85.36253490000001,178.72506980000003,null_model_1
