,attention_cost,exp_param,vm_param,pp_id,ll,AIC,agent_type
0,58.97221119245081,0.08622694655111596,1.4960993451110338,5f35d80893a88f0023c8d735,-87.7162,179.4324,sparse_lqr
