attention_cost,exp_param,step_size,vm_param,pp_id,ll,AIC,agent_type
16.369272018564462,0.0826624183191055,0.0241302613665607,3.53957722555584,5f35d60a93a88f0023c8d608,-71.74298661240991,151.48597322481982,sparse_max_continuous
