,attention_cost,exp_param,step_size,vm_param,pp_id,ll,AIC,agent_type
0,0.0,0.08513153727148173,0.13474186301858432,5.987904036850034,5f35d5d093a88f0023c8d5f7,-57.646437,121.292874,hill_climbing
