,attention_cost,exp_param,vm_param,pp_id,ll,AIC,agent_type
0,240.12255953084033,0.001,2.4853677869148827,5f360ea493a88f0023c908e6,-118.873935,241.74787,sparse_lqr
