,b,exp_param,n,vm_param,pp_id,ll,AIC,agent_type
0,1.0071529927083431,0.0028232628435035526,2.981040548461963,2.2669405271852083,5f35dba493a88f0023c8e193,-125.47337858784533,258.94675717569066,null_model_1
