,attention_cost,exp_param,step_size,vm_param,pp_id,ll,AIC,agent_type
0,15.714395634504825,0.035638653537069055,0.10387138006190577,3.6068792798599003,5f35df1293a88f0023c8f3db,-86.246866,180.493732,sparse_max_continuous
