,attention_cost,exp_param,step_size,vm_param,pp_id,ll,AIC,agent_type
0,5.148392492139692,0.06434959765827727,0.4440782381796608,2.881242671307762,5f35d79b93a88f0023c8d6aa,-88.75425412069913,185.50850824139826,sparse_max_discrete
