,attention_cost,exp_param,vm_param,pp_id,ll,AIC,agent_type
0,94.83090764537857,0.06546626254406879,1.665226742491197,5f35d79b93a88f0023c8d6aa,-88.8866,181.7732,sparse_lqr
