,attention_cost,exp_param,step_size,vm_param,pp_id,ll,AIC,agent_type
0,2.093579355126256,0.042835692729696284,0.07409457694997146,1.5045502836766345,5f361f5693a88f0023c90f72,-91.914981,191.829962,sparse_max_continuous
