,attention_cost,exp_param,step_size,vm_param,pp_id,ll,AIC,agent_type
0,13.093887920459867,0.01594554919865557,0.1582645615201494,1.8731110290287034,5f35e93693a88f0023c905d9,-108.10224,224.20448,sparse_max_continuous
