,exp_param,vm_param,pp_id,ll,AIC,agent_type
0,0.005152733064388592,0.6035980919664907,5f35dfdb93a88f0023c8f6da,-132.5839,269.1678,lqr
