attention_cost,exp_param,step_size,vm_param,pp_id,ll,AIC,agent_type
0.0,0.0543308886996984,0.8738933967533107,2.846180721415479,5f35d74693a88f0023c8d67e,-78.71948532806397,163.43897065612794,hill_climbing
