,b,exp_param,n,vm_param,pp_id,ll,AIC,agent_type
0,6.654358376362015,0.013526576726016547,2.5177469188992885,1.659235575081599,5f3626b693a88f0023c91063,-97.8456101,203.6912202,null_model_1
