exp_param,vm_param,pp_id,ll,AIC,agent_type
0.0331603514251047,3.4383227625009125,5f35e0a193a88f0023c8f986,-80.1408270962153,164.2816541924306,null_model_2
