attention_cost,exp_param,step_size,vm_param,pp_id,ll,AIC,agent_type
29.852219903109404,0.0309528906560978,0.0822162228400202,3.2150484970106605,5f35d74693a88f0023c8d67e,-79.61027011200918,167.22054022401835,sparse_max_continuous
