,attention_cost,exp_param,vm_param,pp_id,ll,AIC,agent_type
0,288.1717667329481,0.041991946419800835,2.5679461499789302,5f35d63193a88f0023c8d616,-80.88879168651765,165.7775833730353,sparse_lqr
