,b,exp_param,n,vm_param,pp_id,ll,AIC,agent_type
0,0.2199402378651849,0.03386414037308283,3.5377731156113503,5.541341697554874,5f35d74293a88f0023c8d67c,-60.057488899999996,128.1149778,null_model_1
