,attention_cost,exp_param,step_size,vm_param,pp_id,ll,AIC,agent_type
0,22.789702908465753,0.035251722549821,0.16139523384676796,4.043474906828801,5f35dafe93a88f0023c8de97,-69.739843,147.479686,sparse_max_discrete
