,exp_param,vm_param,pp_id,ll,AIC,agent_type
0,0.0035685317838733415,9.840080661727729,5f35d94f93a88f0023c8d95c,-66.16588152913701,136.33176305827402,lqr
