,exp_param,vm_param,pp_id,ll,AIC,agent_type
0,0.024993956810539866,1.5383647145549362,5f35e37d93a88f0023c8ffdc,-104.346413,212.692826,lqr
