,attention_cost,exp_param,step_size,vm_param,pp_id,ll,AIC,agent_type
0,0.0,0.03190574885400601,0.0,3.2250322265260842,5f3612ca93a88f0023c909a0,-83.5432,173.0864,hill_climbing
