,attention_cost,exp_param,step_size,vm_param,pp_id,ll,AIC,agent_type
0,0.0,0.009608544179188171,0.520965696756281,5.3000537569417965,5f35d68993a88f0023c8d637,-81.53023885762285,169.0604777152457,hill_climbing
