,attention_cost,exp_param,step_size,vm_param,pp_id,ll,AIC,agent_type
0,3.0679893440335193,0.0026040949571339614,0.04227216005089529,5.081137413710241,5f35d72493a88f0023c8d66f,-83.00977114863348,174.01954229726695,sparse_max_discrete
