,b,exp_param,n,vm_param,pp_id,ll,AIC,agent_type
0,14.834107651570024,0.02008597885465663,2.3576058543496146,8.593659889702778,5f35d90c93a88f0023c8d8d0,-58.65763906158079,125.31527812316158,null_model_1
