,b,exp_param,n,vm_param,pp_id,ll,AIC,agent_type
0,14.555606744984267,0.001548157882119606,4.974106419528615,2.58722066667745,5f360ea493a88f0023c908e6,-120.47229239999999,248.94458479999997,null_model_1
