,attention_cost,exp_param,step_size,vm_param,pp_id,ll,AIC,agent_type
0,0.0,0.026171936660971635,0.4774766916121727,4.5870600442310785,5f35dc9193a88f0023c8e6bd,-78.42805192256324,162.85610384512648,hill_climbing
