,attention_cost,exp_param,vm_param,pp_id,ll,AIC,agent_type
0,134.4410979597485,0.08268638950040505,6.19676753059733,5f35d80393a88f0023c8d729,-57.008037,120.016074,sparse_lqr
