,exp_param,step_size,vm_param,pp_id,ll,AIC,agent_type
0,0.045507326666216964,0.16124119365913936,2.257093386078547,5f35dab593a88f0023c8dda2,-89.877886,185.755772,hill_climbing
