,exp_param,vm_param,pp_id,ll,AIC,agent_type
0,0.023102176108427228,1.3518071544411725,5f35d8b893a88f0023c8d833,-107.668004,219.336008,null_model_2
