,b,exp_param,n,vm_param,pp_id,ll,AIC,agent_type
0,10.169449965924999,0.03364515778105858,1.03029140006258,6.553422249692336,5f35d73b93a88f0023c8d678,-72.870146,153.740292,null_model_1
