,attention_cost,exp_param,step_size,vm_param,pp_id,ll,AIC,agent_type
0,14.946429512923993,0.007413923882253932,0.07277315687058772,2.7901651858824286,5f36101b93a88f0023c90907,-93.41623644697358,194.83247289394717,sparse_max_discrete
