,exp_param,vm_param,pp_id,ll,AIC,agent_type
0,0.017005370307377272,7.081122849924682,5f35d94f93a88f0023c8d95c,-69.832306,143.664612,null_model_2
