,attention_cost,exp_param,vm_param,pp_id,ll,AIC,agent_type
0,197.80348085860942,0.07184748206991684,1.5260398704227185,5f35d71c93a88f0023c8d66e,-91.94763,189.89526,sparse_lqr
