,attention_cost,exp_param,step_size,vm_param,pp_id,ll,AIC,agent_type
0,0.0,0.03824931731168996,0.20075191889384586,9.779179193246353,5f35d90b93a88f0023c8d8cf,-46.911138,99.822276,hill_climbing
