,attention_cost,exp_param,step_size,vm_param,pp_id,ll,AIC,agent_type
0,0.0,0.020083840085621446,0.0,4.044891252244049,5f35d78293a88f0023c8d697,-79.7886524094927,165.5773048189854,hill_climbing
