,exp_param,vm_param,pp_id,ll,AIC,agent_type
0,0.01259248774811397,2.5241871064714125,5f35d72b93a88f0023c8d674,-98.815637,201.631274,null_model_2
