b,exp_param,n,vm_param,pp_id,ll,AIC,agent_type
6.265393530630871,0.0307865154625429,3.9915859640572657,1.3744798980214843,5f35d84893a88f0023c8d7af,-99.50877626776638,207.0175525355328,null_model_1
