,attention_cost,exp_param,step_size,vm_param,pp_id,ll,AIC,agent_type
0,0.0,0.04109799410591118,0.25103598685156003,1.9729990720536994,5f35d71a93a88f0023c8d66c,-96.08281,198.16562,hill_climbing
