b,exp_param,n,vm_param,pp_id,ll,AIC,agent_type
4.823429842255106,0.0225090486581419,2.377673826576374,5.311782319801942,5f35db0b93a88f0023c8ded5,-84.44308775356501,176.88617550713002,null_model_1
