,exp_param,vm_param,pp_id,ll,AIC,agent_type
0,0.002200184616175385,2.103500893729363,5f35dba493a88f0023c8e193,-118.4958,240.9916,null_model_2
