,attention_cost,exp_param,step_size,vm_param,pp_id,ll,AIC,agent_type
0,18.61319255596066,0.10856012276957862,0.04912329140978311,1.8315905270779587,5f35e00093a88f0023c8f758,-86.62920330654524,181.25840661309047,sparse_max_discrete
