,attention_cost,exp_param,step_size,vm_param,pp_id,ll,AIC,agent_type
0,29.966483586174267,0.01487650872405906,0.6612615095715056,3.3194758233705435,5f35d93793a88f0023c8d930,-84.235939,176.471878,sparse_max_continuous
