,exp_param,step_size,vm_param,pp_id,ll,AIC,agent_type
0,0.18420560217790607,0.2014469516253884,9.991138319686089,5f35da2c93a88f0023c8db97,-20.767562,47.535124,hill_climbing
