,b,exp_param,n,vm_param,pp_id,ll,AIC,agent_type
0,1.4700882102228183,0.03809559690405018,4.994111288576141,2.1903059243942735,5f35e09e93a88f0023c8f979,-87.23432451175287,182.46864902350575,null_model_1
