,attention_cost,exp_param,step_size,vm_param,pp_id,ll,AIC,agent_type
0,0.0,0.07272248625232636,0.7032839621434009,2.6873794527197115,5f35d71c93a88f0023c8d66e,-77.596904,161.193808,hill_climbing
