attention_cost,exp_param,vm_param,pp_id,ll,AIC,agent_type
152.95912566485958,0.0630790612413744,1.886629480608335,5f361ea793a88f0023c90f71,-86.26295319686199,176.52590639372397,sparse_lqr
