,exp_param,vm_param,pp_id,ll,AIC,agent_type
0,0.00548179719436823,2.1155238134429224,5f35d78493a88f0023c8d69f,-112.357415,228.71483,lqr
