,attention_cost,exp_param,step_size,vm_param,pp_id,ll,AIC,agent_type
0,0.0,0.10526032359288535,0.3781009988537842,1.7030118791730842,5f35dcae93a88f0023c8e7a3,-87.05232170207864,180.1046434041573,hill_climbing
