,attention_cost,exp_param,vm_param,pp_id,ll,AIC,agent_type
0,111.03963536372738,0.025373242995599492,2.234157244941939,5f35d86c93a88f0023c8d7e9,-101.298508,206.597016,sparse_lqr
