,attention_cost,exp_param,step_size,vm_param,pp_id,ll,AIC,agent_type
0,0.0,0.03831643241915587,0.2641500443162597,4.394637429004552,5f35d70093a88f0023c8d662,-71.2774,148.5548,hill_climbing
