,exp_param,step_size,vm_param,pp_id,ll,AIC,agent_type
0,0.09640697719215441,0.14170298344797355,5.767202492870159,5f35d5d093a88f0023c8d5f7,-57.61408,121.22816,hill_climbing
