,attention_cost,exp_param,step_size,vm_param,pp_id,ll,AIC,agent_type
0,0.0,0.009779107958642966,0.014630633034322882,7.895519389288028,5f35d83093a88f0023c8d771,-74.23389844028638,154.46779688057276,hill_climbing
