,b,exp_param,n,vm_param,pp_id,ll,AIC,agent_type
0,2.7957197563094227,0.004589216855332756,4.948946814237349,2.028482196455789,5f35d72493a88f0023c8d66f,-116.5816253,241.1632506,null_model_1
