,b,exp_param,n,vm_param,pp_id,ll,AIC,agent_type
0,7.134897629934587,0.02770219996454315,1.1635616925426175,8.829920296989455,5f35d65393a88f0023c8d623,-65.86533949999999,139.73067899999998,null_model_1
