,exp_param,vm_param,pp_id,ll,AIC,agent_type
0,0.09617598616490068,1.9521364246365025,5f35d80893a88f0023c8d735,-84.664797,173.329594,null_model_2
