,exp_param,vm_param,pp_id,ll,AIC,agent_type
0,0.023293038366892494,2.933731855541665,5f35d5ea93a88f0023c8d5fd,-87.648743,179.297486,null_model_2
