,exp_param,vm_param,pp_id,ll,AIC,agent_type
0,0.0031945236060413836,2.2352685930523664,5f35d72493a88f0023c8d66f,-115.884071,235.768142,null_model_2
