,attention_cost,exp_param,vm_param,pp_id,ll,AIC,agent_type
0,261.92244879215696,0.025281905827934766,4.88825453827979,5f35d63393a88f0023c8d617,-75.865413,157.730826,sparse_lqr
