,b,exp_param,n,vm_param,pp_id,ll,AIC,agent_type
0,1.0000000073167123,0.001,3.0553619873392845,2.0248408905272015,5f35dba493a88f0023c8e193,-126.40405529235423,260.80811058470846,null_model_1
