,attention_cost,exp_param,step_size,vm_param,pp_id,ll,AIC,agent_type
0,18.912446754889388,0.011674238680923467,0.52898995705782,9.42752915260148,5f35d65393a88f0023c8d623,-61.1757,130.3514,sparse_max_discrete
