,exp_param,vm_param,pp_id,ll,AIC,agent_type
0,0.009067526598934766,3.1860941999075987,5f35d72f93a88f0023c8d675,-95.636764,195.273528,lqr
