attention_cost,exp_param,step_size,vm_param,pp_id,ll,AIC,agent_type
0.0,0.0465746950950637,0.0498275590708948,3.9818255968950833,5f35d6af93a88f0023c8d646,-72.90044832156669,151.80089664313337,hill_climbing
