,b,exp_param,n,vm_param,pp_id,ll,AIC,agent_type
0,6.762918234068106,0.014665519023689191,2.155099155639723,5.536325106910428,5f35d6ae93a88f0023c8d644,-62.96121639999999,133.92243279999997,null_model_1
