attention_cost,exp_param,step_size,vm_param,pp_id,ll,AIC,agent_type
11.727561345043744,0.2152504062621864,0.9288199468998584,1.7797233547016944,5f35d5ee93a88f0023c8d5fe,-88.93985315748762,185.87970631497524,sparse_max_discrete
