exp_param,vm_param,pp_id,ll,AIC,agent_type
0.0465739471745263,1.9946154411691364,5f35e11793a88f0023c8fa8c,-91.46145955280012,186.92291910560024,null_model_2
