,attention_cost,exp_param,step_size,vm_param,pp_id,ll,AIC,agent_type
0,28.14493887781812,0.0629375426331023,0.882929800415859,3.8973669401115583,5f36107b93a88f0023c9090e,-68.342698,144.685396,sparse_max_discrete
