,exp_param,vm_param,pp_id,ll,AIC,agent_type
0,0.0800323116618401,1.460089729236027,5f35dcae93a88f0023c8e7a3,-93.548875,191.09775,null_model_2
