,exp_param,vm_param,pp_id,ll,AIC,agent_type
0,0.018442687156555393,4.181557647504252,5f35d76593a88f0023c8d688,-81.210424,166.420848,null_model_2
