exp_param,vm_param,pp_id,ll,AIC,agent_type
0.010466284243276,1.932669379748998,5f35db9193a88f0023c8e13f,-107.10065794927922,218.20131589855845,lqr
