exp_param,vm_param,pp_id,ll,AIC,agent_type
0.0252389752945521,4.14106111672277,5f3610a993a88f0023c90912,-78.84123198941211,161.68246397882422,null_model_2
