,attention_cost,exp_param,step_size,vm_param,pp_id,ll,AIC,agent_type
0,27.520638344767473,0.03743979057917022,0.3872927625587885,7.98763352420612,5f35d7d393a88f0023c8d6f4,-45.111803,98.223606,sparse_max_discrete
