,attention_cost,exp_param,vm_param,pp_id,ll,AIC,agent_type
0,192.14274251456374,0.001,3.9634132232082497,5f35e70693a88f0023c90462,-205.86433,417.72866,sparse_lqr
