,attention_cost,exp_param,vm_param,pp_id,ll,AIC,agent_type
0,281.0466018923112,0.010445122053451675,2.6436406812223434,5f35d6aa93a88f0023c8d642,-101.698436,209.396872,sparse_lqr
