attention_cost,exp_param,vm_param,pp_id,ll,AIC,agent_type
74.2385520794018,0.0864781993408228,1.7038978020855766,5f35dcae93a88f0023c8e7a3,-91.50814146871416,187.01628293742831,sparse_lqr
