,b,exp_param,n,vm_param,pp_id,ll,AIC,agent_type
0,5.951593663599686,0.014196050519599657,2.3269242504896024,6.8604744791980865,5f35d6ae93a88f0023c8d644,-63.1038006,134.2076012,null_model_1
