,attention_cost,exp_param,step_size,vm_param,pp_id,ll,AIC,agent_type
0,0.6943464526679344,0.07861390199053159,0.3120782470907036,1.8459389137469795,5f35dcae93a88f0023c8e7a3,-90.63877784816138,189.27755569632276,sparse_max_continuous
