b,exp_param,n,vm_param,pp_id,ll,AIC,agent_type
10.730983649642386,0.0264507595430414,3.9175907930246106,7.249167472191191,5f35d65393a88f0023c8d623,-65.1600595187336,138.3201190374672,null_model_1
