,b,exp_param,n,vm_param,pp_id,ll,AIC,agent_type
0,1.6950029295283886,0.0027351489068539897,1.8604190045398377,1.9287648134131374,5f35e93693a88f0023c905d9,-114.12582109999998,236.25164219999996,null_model_1
