,exp_param,step_size,vm_param,pp_id,ll,AIC,agent_type
0,0.010125272565561668,0.5569714875023928,2.1304959297105173,5f360f4693a88f0023c908ef,-103.805628,213.611256,hill_climbing
