,exp_param,vm_param,pp_id,ll,AIC,agent_type
0,0.030557069663266316,3.4809260151433197,5f35d73993a88f0023c8d677,-80.789568,165.579136,null_model_2
