,attention_cost,exp_param,step_size,vm_param,pp_id,ll,AIC,agent_type
0,8.730157627933982,0.42105299471470947,0.7141788558474473,4.946251885057982,5f35d73d93a88f0023c8d679,-52.037429,112.074858,sparse_max_discrete
