,attention_cost,exp_param,step_size,vm_param,pp_id,ll,AIC,agent_type
0,0.0,0.061987675203356275,0.17658664984761246,5.378871761041876,5f360f1993a88f0023c908ea,-71.53364981487026,149.06729962974052,hill_climbing
