,attention_cost,exp_param,step_size,vm_param,pp_id,ll,AIC,agent_type
0,8.63820022228971,0.03549283511097833,0.28724748772426856,9.867337449933002,5f35d65393a88f0023c8d623,-63.156977436074655,134.3139548721493,sparse_max_continuous
