,b,exp_param,n,vm_param,pp_id,ll,AIC,agent_type
0,12.549295761136866,0.055019059801620626,1.2269475548247115,4.719800343215504,5f35d61893a88f0023c8d60c,-84.6286648,177.2573296,null_model_1
