,b,exp_param,n,vm_param,pp_id,ll,AIC,agent_type
0,1.3019724462974387,0.060812900762568324,2.4387388033503172,5.661695014801184,5f360eea93a88f0023c908e9,-68.6417207,145.2834414,null_model_1
