,exp_param,vm_param,pp_id,ll,AIC,agent_type
0,0.003867456704127811,6.171449136207238,5f35d94f93a88f0023c8d95c,-86.9173,177.8346,lqr
