attention_cost,exp_param,step_size,vm_param,pp_id,ll,AIC,agent_type
7.680325333008787,0.0453987574966002,0.0189497221099472,8.36002615804726,5f35db9193a88f0023c8e13f,-56.24061597171816,120.48123194343631,sparse_max_continuous
