attention_cost,exp_param,step_size,vm_param,pp_id,ll,AIC,agent_type
9.039622165723062,0.0207611659524544,0.0011073998658789,4.259127195861191,5f35d81193a88f0023c8d742,-94.07390322062544,196.14780644125088,sparse_max_continuous
