,attention_cost,exp_param,step_size,vm_param,pp_id,ll,AIC,agent_type
0,0.0,0.04555746349735875,0.0,9.146527229612609,5f35d73b93a88f0023c8d678,-56.61141,119.22282,hill_climbing
