attention_cost,exp_param,step_size,vm_param,pp_id,ll,AIC,agent_type
0.0,0.0914046181156518,0.4397732822768939,8.32504992716976,5f35d64493a88f0023c8d61e,-50.81279953609456,107.62559907218912,hill_climbing
