,attention_cost,exp_param,step_size,vm_param,pp_id,ll,AIC,agent_type
0,0.0,0.01378218807605253,0.6065845529256917,2.72878348698642,5f35d72b93a88f0023c8d674,-91.112879,188.225758,hill_climbing
