,exp_param,vm_param,pp_id,ll,AIC,agent_type
0,0.013405508869902254,5.502298556996115,5f35d7f093a88f0023c8d716,-79.631422,163.262844,null_model_2
