exp_param,vm_param,pp_id,ll,AIC,agent_type
0.0144429174647615,6.363785155129235,5f35d83093a88f0023c8d771,-73.0507475780467,150.1014951560934,null_model_2
