,attention_cost,exp_param,vm_param,pp_id,ll,AIC,agent_type
0,74.86638710908625,0.05818139290252611,2.381454764198115,5f35d79b93a88f0023c8d6aa,-86.578172,179.156344,sparse_lqr
