,exp_param,vm_param,pp_id,ll,AIC,agent_type
0,0.023704587103009277,9.527065322573433,5f35dafe93a88f0023c8de97,-40.93301,85.86602,null_model_2
