,attention_cost,exp_param,step_size,vm_param,pp_id,ll,AIC,agent_type
0,0.0,0.03451158641703989,0.0,7.292328738029426,5f35d93793a88f0023c8d930,-61.5989,129.1978,hill_climbing
