,attention_cost,exp_param,step_size,vm_param,pp_id,ll,AIC,agent_type
0,6.709356055397699,0.2462019953003849,0.4655643398290637,3.306207146355411,5f35d74293a88f0023c8d67c,-60.12614081834325,128.25228163668652,sparse_max_discrete
