,attention_cost,exp_param,step_size,vm_param,pp_id,ll,AIC,agent_type
0,27.78052225449571,0.00959835756279458,0.5370399631376381,4.141190444536936,5f35d81193a88f0023c8d742,-81.335141,170.670282,sparse_max_discrete
