,exp_param,step_size,vm_param,pp_id,ll,AIC,agent_type
0,0.06916442871237863,0.36355017449333293,10.0,5f35db9193a88f0023c8e13f,-36.59774,79.19548,hill_climbing
