,attention_cost,exp_param,step_size,vm_param,pp_id,ll,AIC,agent_type
0,27.8532936752594,0.001,0.0,3.281459388846351,5f35e70693a88f0023c90462,-195.32181,398.64362,sparse_max_discrete
