,exp_param,step_size,vm_param,pp_id,ll,AIC,agent_type
0,0.09419085449888741,0.8208389686943206,2.9380029761450723,5f35e37d93a88f0023c8ffdc,-75.036806,156.073612,hill_climbing
