,attention_cost,exp_param,vm_param,pp_id,ll,AIC,agent_type
0,299.39880950789956,0.001,1.6382673486344628,5f360ea493a88f0023c908e6,-126.088138,258.17627600000003,sparse_lqr
