,exp_param,vm_param,pp_id,ll,AIC,agent_type
0,0.10295889829387134,9.999999999999357,5f35d6ae93a88f0023c8d644,-24.437474,52.874948,null_model_2
