,attention_cost,exp_param,step_size,vm_param,pp_id,ll,AIC,agent_type
0,0.0,0.16633797785052767,0.26220753967795973,9.980054213841107,5f35d79293a88f0023c8d6a1,-37.05351,80.10702,hill_climbing
