,attention_cost,exp_param,step_size,vm_param,pp_id,ll,AIC,agent_type
0,23.705842126621608,0.04886373573461438,0.06065312138716206,3.1184597873608055,5f35df8793a88f0023c8f599,-82.487597,172.975194,sparse_max_continuous
