b,exp_param,n,vm_param,pp_id,ll,AIC,agent_type
4.419512946706218,0.0428356927296962,1.1975855385332572,1.5045502836766345,5f35d85593a88f0023c8d7c5,-112.21280246261782,232.42560492523563,null_model_1
