,attention_cost,exp_param,step_size,vm_param,pp_id,ll,AIC,agent_type
0,9.816579654619408,0.010624275395267845,0.05005593048511214,4.333823505621998,5f35d7f093a88f0023c8d716,-86.66217,181.32434,sparse_max_continuous
