b,exp_param,n,vm_param,pp_id,ll,AIC,agent_type
7.745474306334555,0.0118778450696755,4.033113041907985,3.199528380776784,5f3626b693a88f0023c91063,-95.56977363130272,199.13954726260545,null_model_1
