,b,exp_param,n,vm_param,pp_id,ll,AIC,agent_type
0,13.191101272542832,0.016097950538461706,1.2871721858305039,2.871188104469681,5f35dc7593a88f0023c8e5d3,-89.37332840282758,186.74665680565516,null_model_1
