,attention_cost,exp_param,step_size,vm_param,pp_id,ll,AIC,agent_type
0,1.1822414931994307,0.05003497475819638,0.1069070110533834,7.820507635352239,5f35da2c93a88f0023c8db97,-48.038749847879835,104.07749969575967,sparse_max_discrete
