,b,exp_param,n,vm_param,pp_id,ll,AIC,agent_type
0,2.056574327507359,0.015565188911369016,2.1508957354212295,3.07424563593371,5f35d78293a88f0023c8d697,-92.4359221,192.8718442,null_model_1
