,attention_cost,exp_param,step_size,vm_param,pp_id,ll,AIC,agent_type
0,21.798227743763285,0.031751683033972807,0.2749713622394847,3.8148949420295644,5f35db0b93a88f0023c8ded5,-78.32229787566797,164.64459575133594,sparse_max_discrete
