,attention_cost,exp_param,vm_param,pp_id,ll,AIC,agent_type
0,92.17013391669624,0.04161653082504423,1.6422716874922316,5f35e0a193a88f0023c8f986,-90.738528,187.477056,sparse_lqr
