,exp_param,vm_param,pp_id,ll,AIC,agent_type
0,0.007399928025800088,1.516230345252465,5f35d83993a88f0023c8d78b,-116.913295,237.82659,lqr
