,attention_cost,exp_param,step_size,vm_param,pp_id,ll,AIC,agent_type
0,0.0,0.055275451830542915,0.15741801418608015,2.7560834078037786,5f35d7da93a88f0023c8d703,-86.595878,179.191756,hill_climbing
