attention_cost,exp_param,vm_param,pp_id,ll,AIC,agent_type
63.10384206965027,0.0117621248361001,2.0753591663004,5f360f4693a88f0023c908ef,-114.00938607192928,232.01877214385857,sparse_lqr
