,exp_param,vm_param,pp_id,ll,AIC,agent_type
0,0.003001593972523957,2.7123167895777325,5f35d5d093a88f0023c8d5f7,-110.9363,225.8726,lqr
