,attention_cost,exp_param,step_size,vm_param,pp_id,ll,AIC,agent_type
0,0.0,0.028435463981134487,0.48240110462813846,9.816703101203066,5f35d7fa93a88f0023c8d725,-40.264,86.528,hill_climbing
