,exp_param,vm_param,pp_id,ll,AIC,agent_type
0,0.006228269649409651,2.3583763918560274,5f35e93693a88f0023c905d9,-108.05182922139767,220.10365844279534,null_model_2
