,attention_cost,exp_param,vm_param,pp_id,ll,AIC,agent_type
0,167.02438548654544,0.03355229056044829,1.9838456483170508,5f35d85593a88f0023c8d7c5,-88.532375,183.06475,sparse_lqr
