,attention_cost,exp_param,vm_param,pp_id,ll,AIC,agent_type
0,112.96713160588558,0.08460608319942803,2.861763981106882,5f35da6493a88f0023c8dc69,-78.223797,162.447594,sparse_lqr
