,exp_param,vm_param,pp_id,ll,AIC,agent_type
0,0.041589241383204925,2.065753285584435,5f35dfdb93a88f0023c8f6da,-91.6407544319998,187.2815088639996,null_model_2
