,b,exp_param,n,vm_param,pp_id,ll,AIC,agent_type
0,12.158619217582356,0.009421929383399957,1.0491629077887765,2.025853320317351,5f35d65d93a88f0023c8d629,-114.3260593,236.6521186,null_model_1
