,attention_cost,exp_param,step_size,vm_param,pp_id,ll,AIC,agent_type
0,9.963503963933741,0.001,0.0,3.8224931003852647,5f35e70693a88f0023c90462,-191.3697,390.7394,sparse_max_continuous
