,attention_cost,exp_param,vm_param,pp_id,ll,AIC,agent_type
0,132.17543548373686,0.016981714352988796,1.7495133483892655,5f35d86c93a88f0023c8d7e9,-100.8025,205.605,sparse_lqr
