,b,exp_param,n,vm_param,pp_id,ll,AIC,agent_type
0,4.419512946706218,0.042835692729696284,1.1975855385332572,1.5045502836766345,5f35d74293a88f0023c8d67c,-92.68977053689298,193.37954107378596,null_model_1
