,attention_cost,exp_param,step_size,vm_param,pp_id,ll,AIC,agent_type
0,0.0,0.112698836916645,1.2056960320974528,0.6364562075405067,5f361f5693a88f0023c90f72,-100.16028936317988,206.32057872635977,hill_climbing
