,attention_cost,exp_param,step_size,vm_param,pp_id,ll,AIC,agent_type
0,0.0,0.09226171639661648,0.13355088147920474,5.726613923844221,5f35d5d093a88f0023c8d5f7,-57.657757,121.315514,hill_climbing
