,attention_cost,exp_param,step_size,vm_param,pp_id,ll,AIC,agent_type
0,0.7742149033171264,0.07544516794842902,0.11188445531075969,3.6185649296799216,5f35d7da93a88f0023c8d703,-71.61935,151.2387,sparse_max_continuous
