,attention_cost,exp_param,step_size,vm_param,pp_id,ll,AIC,agent_type
0,22.548581355115473,0.03766198004254161,0.07236857484608428,7.126375584040776,5f35d93793a88f0023c8d930,-59.341114,126.682228,sparse_max_discrete
