,exp_param,vm_param,pp_id,ll,AIC,agent_type
0,0.06400337050486767,7.657923452587481,5f35d82093a88f0023c8d751,-54.957507,113.915014,null_model_2
