,b,exp_param,n,vm_param,pp_id,ll,AIC,agent_type
0,8.277460391352953,0.016735302050530705,2.1467847074145405,1.2812488337401573,5f35dc7593a88f0023c8e5d3,-107.96826469999999,223.93652939999998,null_model_1
