,exp_param,vm_param,pp_id,ll,AIC,agent_type
0,0.05416910937854178,0.5434110055447638,5f35d60393a88f0023c8d605,-109.92457,223.84914,lqr
