,attention_cost,exp_param,step_size,vm_param,pp_id,ll,AIC,agent_type
0,0.0,0.08370188671260073,0.21882922898235335,6.18196107191213,5f35df8293a88f0023c8f57b,-62.72367587545911,131.44735175091822,hill_climbing
