exp_param,vm_param,pp_id,ll,AIC,agent_type
0.0710971301896101,2.5743594983294478,5f35d5d093a88f0023c8d5f7,-80.32508351188525,164.6501670237705,null_model_2
