,exp_param,vm_param,pp_id,ll,AIC,agent_type
0,0.03468968936251849,8.67523019537087,5f35d91293a88f0023c8d8e2,-58.506686,121.013372,null_model_2
