,exp_param,vm_param,pp_id,ll,AIC,agent_type
0,0.03509605963221882,7.295648317229228,5f35d91293a88f0023c8d8e2,-62.5625,129.125,null_model_2
