,attention_cost,exp_param,step_size,vm_param,pp_id,ll,AIC,agent_type
0,20.962011016565082,0.011584550443548627,0.10062173810093322,2.7322604164257425,5f35d68993a88f0023c8d637,-93.242731,194.485462,sparse_max_discrete
