,attention_cost,exp_param,step_size,vm_param,pp_id,ll,AIC,agent_type
0,6.575093761732946,0.013820298637030055,0.19015305359320567,2.98771076588473,5f35d6aa93a88f0023c8d642,-109.494175863333,226.988351726666,sparse_max_continuous
