attention_cost,exp_param,step_size,vm_param,pp_id,ll,AIC,agent_type
12.182432651749917,0.0535586839332466,0.0337348845397168,5.615484555640186,5f35d7d693a88f0023c8d6f7,-65.21592332951604,138.4318466590321,sparse_max_discrete
