,exp_param,vm_param,pp_id,ll,AIC,agent_type
0,0.03659800353521205,4.438356967605542,5f360f1993a88f0023c908ea,-73.079547,150.159094,null_model_2
