,exp_param,vm_param,pp_id,ll,AIC,agent_type
0,0.004138420821174558,0.22745643008473593,5f361f5693a88f0023c90f72,-138.3998,280.7996,lqr
