,attention_cost,exp_param,step_size,vm_param,pp_id,ll,AIC,agent_type
0,29.21316094275553,0.005440886408424429,0.18674845922503147,1.7161241454240495,5f35d7a693a88f0023c8d6b2,-112.95280561187701,233.90561122375402,sparse_max_discrete
