,attention_cost,exp_param,vm_param,pp_id,ll,AIC,agent_type
0,92.14606854492192,0.033437397147155705,1.660235515817724,5f35d77893a88f0023c8d690,-103.37308258841202,210.74616517682404,sparse_lqr
