,exp_param,vm_param,pp_id,ll,AIC,agent_type
0,0.09256439479461756,3.2123339352804505,5f35d60a93a88f0023c8d608,-71.7127389826268,147.4254779652536,null_model_2
