,attention_cost,exp_param,step_size,vm_param,pp_id,ll,AIC,agent_type
0,4.9800476168387595,0.04258872623852249,0.018841403220742625,5.654416234952079,5f35d77893a88f0023c8d691,-72.206485,152.41297,sparse_max_discrete
