,attention_cost,exp_param,step_size,vm_param,pp_id,ll,AIC,agent_type
0,17.059648345169943,0.11593621199565676,0.7822299939156709,2.8911298909262895,5f35d71c93a88f0023c8d66e,-73.13116805975834,154.26233611951668,sparse_max_discrete
