,exp_param,vm_param,pp_id,ll,AIC,agent_type
0,0.01331189257676688,5.1563469332012515,5f35d7f093a88f0023c8d716,-79.586289,163.172578,null_model_2
