,b,exp_param,n,vm_param,pp_id,ll,AIC,agent_type
0,9.41396895625027,0.007230987015915558,1.001865504518602,1.6637030150002718,5f35d94f93a88f0023c8d95c,-109.53503514051047,227.07007028102095,null_model_1
