,exp_param,vm_param,pp_id,ll,AIC,agent_type
0,0.046707176228824365,4.006884069874629,5f35d63193a88f0023c8d616,-72.96408,149.92816,null_model_2
