,attention_cost,exp_param,step_size,vm_param,pp_id,ll,AIC,agent_type
0,8.198587164919232,0.3639076352115718,0.5004410285643948,5.984584655447457,5f35d74293a88f0023c8d67c,-42.477328,92.954656,sparse_max_discrete
