,attention_cost,exp_param,step_size,vm_param,pp_id,ll,AIC,agent_type
0,21.931164423339414,0.02292938124432617,0.5963633253864472,9.142373314628827,5f35db0b93a88f0023c8ded5,-58.953293,125.906586,sparse_max_discrete
