,exp_param,vm_param,pp_id,ll,AIC,agent_type
0,0.012204277574119092,1.5186710326380493,5f35e09e93a88f0023c8f979,-111.54012315961288,227.08024631922575,lqr
