,exp_param,step_size,vm_param,pp_id,ll,AIC,agent_type
0,0.08698509138167793,0.3250299920659659,3.9724489885812715,5f35e09e93a88f0023c8f979,-68.475291,142.950582,hill_climbing
