,b,exp_param,n,vm_param,pp_id,ll,AIC,agent_type
0,2.5611546291954723,0.00488141783221816,1.0332059490152168,1.1128746652567978,5f35d65d93a88f0023c8d629,-117.78959870000001,243.57919740000003,null_model_1
