,attention_cost,exp_param,step_size,vm_param,pp_id,ll,AIC,agent_type
0,0.2098966865526497,0.08249873714430819,0.8902571721767039,2.398901916282401,5f35dfdb93a88f0023c8f6da,-91.08179417272275,190.1635883454455,sparse_max_continuous
