,attention_cost,exp_param,step_size,vm_param,pp_id,ll,AIC,agent_type
0,17.841699299817854,0.014384200820887125,0.03986914066086905,5.547457909814967,5f35df1293a88f0023c8f3db,-87.088833,182.177666,sparse_max_continuous
