,attention_cost,exp_param,vm_param,pp_id,ll,AIC,agent_type
0,58.24352432515789,0.02597554619725421,2.695424787612055,5f35d72b93a88f0023c8d674,-87.33337538517077,178.66675077034154,sparse_lqr
