,exp_param,vm_param,pp_id,ll,AIC,agent_type
0,0.008348931692487477,0.9727957469277837,5f35d6af93a88f0023c8d646,-122.99421072561074,249.98842145122148,lqr
