,attention_cost,exp_param,step_size,vm_param,pp_id,ll,AIC,agent_type
0,21.700831331829185,0.10988603889571408,0.8156812374957378,6.269160166803346,5f35d60a93a88f0023c8d608,-56.554411,121.108822,sparse_max_continuous
