,attention_cost,exp_param,vm_param,pp_id,ll,AIC,agent_type
0,73.19775257023038,0.031803271350929044,2.8472677893859366,5f35d65893a88f0023c8d625,-86.985053,177.970106,sparse_lqr
