,exp_param,vm_param,pp_id,ll,AIC,agent_type
0,0.0022485752652068435,1.2340174420174554,5f35d7a693a88f0023c8d6b2,-131.945578,267.891156,lqr
