,attention_cost,exp_param,step_size,vm_param,pp_id,ll,AIC,agent_type
0,2.6715475710565926,0.02308531734598214,0.4559037712961696,2.347808744843376,5f35d84893a88f0023c8d7af,-83.726591,175.453182,sparse_max_discrete
