,attention_cost,exp_param,vm_param,pp_id,ll,AIC,agent_type
0,62.72987432205011,0.10060019165310288,1.688426022259163,5f35d85593a88f0023c8d7c5,-89.78766305465987,183.57532610931975,sparse_lqr
