,attention_cost,exp_param,step_size,vm_param,pp_id,ll,AIC,agent_type
0,0.0293262733603461,0.02973236464164866,0.44732197340231855,1.9114407320446725,5f35e76793a88f0023c90491,-94.434059,196.868118,sparse_max_continuous
