,attention_cost,exp_param,step_size,vm_param,pp_id,ll,AIC,agent_type
0,0.0,0.05974790268066345,0.006008816871820644,2.062616734490198,5f35d5ee93a88f0023c8d5fe,-85.910495,177.82099,hill_climbing
