,attention_cost,exp_param,step_size,vm_param,pp_id,ll,AIC,agent_type
0,2.5576054333701426,0.023923922712865624,0.05855350240111834,4.346984101600476,5f36121793a88f0023c9095f,-73.869778,155.739556,sparse_max_discrete
