,attention_cost,exp_param,vm_param,pp_id,ll,AIC,agent_type
0,153.32879444642472,0.037862295420213216,6.292381249978863,5f35df8293a88f0023c8f57b,-65.21026,136.42052,sparse_lqr
