,attention_cost,exp_param,vm_param,pp_id,ll,AIC,agent_type
0,270.5493626087254,0.056969379660258175,5.694493599741115,5f35d6b193a88f0023c8d648,-65.68959287842357,135.37918575684714,sparse_lqr
