,attention_cost,exp_param,step_size,vm_param,pp_id,ll,AIC,agent_type
0,13.552625739780128,0.020226530919342848,0.03812217915138011,1.6366879420311398,5f35dc9193a88f0023c8e6bd,-100.797217,209.594434,sparse_max_continuous
