,attention_cost,exp_param,vm_param,pp_id,ll,AIC,agent_type
0,61.02828383456701,0.04768368551323367,2.2168269697325007,5f35e00093a88f0023c8f758,-85.250718,174.501436,sparse_lqr
