,exp_param,vm_param,pp_id,ll,AIC,agent_type
0,0.018697658504356507,5.819301887704029,5f35d65393a88f0023c8d623,-73.792753,151.585506,null_model_2
