attention_cost,exp_param,step_size,vm_param,pp_id,ll,AIC,agent_type
21.13804228398028,0.0192797767089344,0.3806232624501424,3.832458088576537,5f35db0b93a88f0023c8ded5,-78.74589135530456,165.49178271060913,sparse_max_discrete
