,attention_cost,exp_param,vm_param,pp_id,ll,AIC,agent_type
0,73.20060993452331,0.02121597143924471,2.597625054966395,5f35dc7593a88f0023c8e5d3,-89.30064189390825,182.6012837878165,sparse_lqr
