,attention_cost,exp_param,vm_param,pp_id,ll,AIC,agent_type
0,85.01510923366715,0.09633025599942777,6.471820309966196,5f35d74293a88f0023c8d67c,-55.232977,116.465954,sparse_lqr
