,exp_param,step_size,vm_param,pp_id,ll,AIC,agent_type
0,0.03902981393320752,0.30506840497400634,4.523738588408035,5f3612ca93a88f0023c909a0,-75.031568,156.063136,hill_climbing
