,attention_cost,exp_param,step_size,vm_param,pp_id,ll,AIC,agent_type
0,0.0,0.001,0.0,1.7640131058792452,5f35dae093a88f0023c8de20,-127.13656388627518,260.27312777255037,hill_climbing
