,b,exp_param,n,vm_param,pp_id,ll,AIC,agent_type
0,15.535550556757704,0.017542519529969283,3.440943324824573,7.543583039435582,5f35d65393a88f0023c8d623,-65.73046,139.46092,null_model_1
