,attention_cost,exp_param,vm_param,pp_id,ll,AIC,agent_type
0,195.26432869636463,0.02326030344500125,7.9336064437887135,5f35d94f93a88f0023c8d95c,-66.662688,139.325376,sparse_lqr
