,attention_cost,exp_param,step_size,vm_param,pp_id,ll,AIC,agent_type
0,1.1066412007384796,0.09219415738778407,0.1184859502829202,4.731696130643729,5f35d64493a88f0023c8d61e,-56.185428,120.370856,sparse_max_continuous
