,attention_cost,exp_param,vm_param,pp_id,ll,AIC,agent_type
0,178.21363663849004,0.008135703393482557,1.9650679348958888,5f35d62993a88f0023c8d613,-108.857376,223.714752,sparse_lqr
