,attention_cost,exp_param,step_size,vm_param,pp_id,ll,AIC,agent_type
0,0.0,0.0049378861621979745,0.02743253089455061,3.3522159692708753,5f36101b93a88f0023c90907,-99.95504156519773,205.91008313039546,hill_climbing
