,attention_cost,exp_param,vm_param,pp_id,ll,AIC,agent_type
0,253.32383813128357,0.03223905205542345,8.103816304010675,5f35d76793a88f0023c8d689,-59.349364,124.698728,sparse_lqr
