,attention_cost,exp_param,step_size,vm_param,pp_id,ll,AIC,agent_type
0,1.0241116318195653,0.027748908017952188,0.002342312993071416,6.607114074575906,5f35dafe93a88f0023c8de97,-48.137263,104.274526,sparse_max_continuous
