,attention_cost,exp_param,step_size,vm_param,pp_id,ll,AIC,agent_type
0,9.039622165723062,0.02076116595245448,0.001107399865878933,4.259127195861191,5f35d78293a88f0023c8d697,-79.751302,167.502604,sparse_max_discrete
