,attention_cost,exp_param,step_size,vm_param,pp_id,ll,AIC,agent_type
0,25.98026877235845,0.04801268381870357,0.9148774147936298,6.145186611951776,5f35d78493a88f0023c8d69f,-71.585531,151.171062,sparse_max_discrete
