exp_param,vm_param,pp_id,ll,AIC,agent_type
0.0033601287223766,0.5649217717923194,5f35d81193a88f0023c8d742,-136.10502326025636,276.2100465205127,lqr
