attention_cost,exp_param,step_size,vm_param,pp_id,ll,AIC,agent_type
28.535297493668928,0.029678670288298,0.0299290097151775,2.0749949633773968,5f35d86c93a88f0023c8d7e9,-100.4657415671504,208.9314831343008,sparse_max_continuous
