,exp_param,step_size,vm_param,pp_id,ll,AIC,agent_type
0,0.005196483963666708,0.025295039111639772,9.954111627444167,5f35da4f93a88f0023c8dc28,-65.391519,136.783038,hill_climbing
