,attention_cost,exp_param,vm_param,pp_id,ll,AIC,agent_type
0,217.7080522350348,0.04382506897675996,2.5197196761801077,5f35d74693a88f0023c8d67e,-90.656732,187.313464,sparse_lqr
