,exp_param,step_size,vm_param,pp_id,ll,AIC,agent_type
0,0.012872474086229827,0.3792072352056688,3.957063370848042,5f35d68993a88f0023c8d637,-91.181243,188.362486,hill_climbing
