,b,exp_param,n,vm_param,pp_id,ll,AIC,agent_type
0,5.881200540433079,0.0037641194447694593,1.6137381822786026,1.2051793770129815,5f35d7a693a88f0023c8d6b2,-120.0148934,248.0297868,null_model_1
