,b,exp_param,n,vm_param,pp_id,ll,AIC,agent_type
0,11.919391220514603,0.004297774971670847,4.704470658512097,1.8965101301998666,5f35d62993a88f0023c8d613,-107.41326080000002,222.82652160000004,null_model_1
