attention_cost,exp_param,step_size,vm_param,pp_id,ll,AIC,agent_type
0.0,0.0562257280284344,0.5387684936042307,4.351575208498943,5f35d63193a88f0023c8d616,-67.24886794862856,140.49773589725712,hill_climbing
