,attention_cost,exp_param,vm_param,pp_id,ll,AIC,agent_type
0,271.8797912272256,0.036281004258896174,4.038527239183631,5f35d63193a88f0023c8d616,-73.259001,152.518002,sparse_lqr
