,attention_cost,exp_param,step_size,vm_param,pp_id,ll,AIC,agent_type
0,0.0,0.0476836838126655,0.4417986897414843,3.842209913050265,5f35d84893a88f0023c8d7af,-76.89562,159.79124,hill_climbing
