,attention_cost,exp_param,step_size,vm_param,pp_id,ll,AIC,agent_type
0,0.0,0.013094875769665865,0.3979088486522829,5.025028728440336,5f3626b693a88f0023c91063,-77.317272,160.634544,hill_climbing
