,attention_cost,exp_param,step_size,vm_param,pp_id,ll,AIC,agent_type
0,0.0,0.10536912401015389,0.2653060995830121,8.411394499305583,5f35d73b93a88f0023c8d678,-47.008963298681024,100.01792659736205,hill_climbing
