,attention_cost,exp_param,step_size,vm_param,pp_id,ll,AIC,agent_type
0,29.031355796637158,0.051482134475571935,1.4452904440762135,2.1157375493564157,5f35d85593a88f0023c8d7c5,-83.285596,174.571192,sparse_max_discrete
