,b,exp_param,n,vm_param,pp_id,ll,AIC,agent_type
0,1.9741265581499838,0.027184775890841558,1.1132259520831784,2.462110676030459,5f35dab593a88f0023c8dda2,-107.94878000000001,223.89756000000003,null_model_1
