,attention_cost,exp_param,step_size,vm_param,pp_id,ll,AIC,agent_type
0,15.326487852556102,0.08013555624312983,1.055247329511639,2.964254635210363,5f360ee993a88f0023c908e8,-71.931319,151.862638,sparse_max_continuous
