,attention_cost,exp_param,vm_param,pp_id,ll,AIC,agent_type
0,222.07862239634886,0.012099944640003003,1.4754964349764566,5f35d65d93a88f0023c8d629,-112.815725,231.63145,sparse_lqr
