exp_param,vm_param,pp_id,ll,AIC,agent_type
0.027683839257504,1.021943368124414,5f35d79293a88f0023c8d6a1,-111.99481302800096,227.9896260560019,lqr
