exp_param,vm_param,pp_id,ll,AIC,agent_type
0.0515400281714503,6.231239555998032,5f35d90b93a88f0023c8d8cf,-61.68340212364525,127.3668042472905,null_model_2
