,exp_param,vm_param,pp_id,ll,AIC,agent_type
0,0.008690863331847333,2.1249952108827586,5f360f4693a88f0023c908ef,-107.185418,218.370836,null_model_2
