,exp_param,vm_param,pp_id,ll,AIC,agent_type
0,0.0032888738823407446,0.5577225900152172,5f35dae093a88f0023c8de20,-137.6976,279.3952,lqr
