,b,exp_param,n,vm_param,pp_id,ll,AIC,agent_type
0,1.6498245613143543,0.6043490284835473,1.0,9.184720102465686,5f360ff993a88f0023c90904,-47.64125177399849,103.28250354799698,null_model_1
