,attention_cost,exp_param,step_size,vm_param,pp_id,ll,AIC,agent_type
0,10.839374378363749,0.026584670504479796,0.0456824041751005,4.226556205469861,5f35d78293a88f0023c8d697,-80.75546228012425,169.5109245602485,sparse_max_discrete
