,attention_cost,exp_param,vm_param,pp_id,ll,AIC,agent_type
0,50.580166965535255,0.06318067880417073,2.410276443375542,5f35dab593a88f0023c8dda2,-88.064292,182.128584,sparse_lqr
