,attention_cost,exp_param,step_size,vm_param,pp_id,ll,AIC,agent_type
0,0.0,0.06823314292504963,0.935704769705703,3.0123751301903954,5f35d74693a88f0023c8d67e,-77.392074,160.784148,hill_climbing
