,exp_param,vm_param,pp_id,ll,AIC,agent_type
0,0.06416401809643382,4.4043593060222666,5f35d82093a88f0023c8d751,-67.482913,138.965826,null_model_2
