,exp_param,vm_param,pp_id,ll,AIC,agent_type
0,0.0019089249824724998,1.703173601207767,5f35d64293a88f0023c8d61c,-127.43892856055436,258.8778571211087,lqr
