,attention_cost,exp_param,step_size,vm_param,pp_id,ll,AIC,agent_type
0,27.85610343225897,0.11167529754460549,0.8009452166003747,2.0909489312710727,5f35d5ee93a88f0023c8d5fe,-87.72961705832918,183.45923411665837,sparse_max_discrete
