,exp_param,vm_param,pp_id,ll,AIC,agent_type
0,0.02375878937709086,3.304941363639605,5f35d5ea93a88f0023c8d5fd,-84.8396,173.6792,null_model_2
