,exp_param,vm_param,pp_id,ll,AIC,agent_type
0,0.004766118327183854,0.9918822018820328,5f3612ca93a88f0023c909a0,-128.75230445667006,261.5046089133401,lqr
