attention_cost,exp_param,step_size,vm_param,pp_id,ll,AIC,agent_type
16.293442629869006,0.0089254379458564,1.493268680575205,4.039358215353328,5f35e94193a88f0023c905da,-96.46744970783404,200.9348994156681,sparse_max_discrete
