,attention_cost,exp_param,step_size,vm_param,pp_id,ll,AIC,agent_type
0,9.043591795617196,0.001,0.0,3.850230423623517,5f35e70693a88f0023c90462,-191.370268,390.740536,sparse_max_continuous
