,exp_param,vm_param,pp_id,ll,AIC,agent_type
0,0.10093964606905576,9.999999979006178,5f35d6ae93a88f0023c8d644,-24.543964,53.087928,null_model_2
