,attention_cost,exp_param,step_size,vm_param,pp_id,ll,AIC,agent_type
0,0.0,0.204449854361392,0.07819688696525223,9.783047551975097,5f360ff993a88f0023c90904,-35.8272,77.6544,hill_climbing
