,attention_cost,exp_param,vm_param,pp_id,ll,AIC,agent_type
0,281.665943210914,0.03191805726487956,7.1687866363168915,5f35d6bc93a88f0023c8d64b,-64.741433,135.482866,sparse_lqr
