,attention_cost,exp_param,step_size,vm_param,pp_id,ll,AIC,agent_type
0,2.712291470843958,0.1298470081581338,0.15789378999418036,1.7272746332288003,5f361f5693a88f0023c90f72,-98.6431740381585,205.286348076317,sparse_max_continuous
