,attention_cost,exp_param,step_size,vm_param,pp_id,ll,AIC,agent_type
0,18.165144301395483,0.02480920813252297,0.03482138531929557,9.82299979422627,5f360f1993a88f0023c908ea,-50.324356,108.648712,sparse_max_continuous
