exp_param,vm_param,pp_id,ll,AIC,agent_type
0.036618933938988,4.447707799360213,5f360f1993a88f0023c908ea,-73.07984319185371,150.15968638370742,null_model_2
