,attention_cost,exp_param,step_size,vm_param,pp_id,ll,AIC,agent_type
0,0.0,0.01641151670948166,0.5108920664882812,9.66710595597366,5f35d7fa93a88f0023c8d725,-42.46421984213404,90.92843968426808,hill_climbing
