,attention_cost,exp_param,vm_param,pp_id,ll,AIC,agent_type
0,222.02289099747705,0.05442455208594572,2.1434557377823804,5f35d5ee93a88f0023c8d5fe,-87.319387,180.638774,sparse_lqr
