,attention_cost,exp_param,step_size,vm_param,pp_id,ll,AIC,agent_type
0,21.310184537810816,0.0027795316983803358,0.0051037051049992455,1.858005730279888,5f35dae093a88f0023c8de20,-120.016219,248.032438,sparse_max_discrete
