,exp_param,vm_param,pp_id,ll,AIC,agent_type
0,0.0028272494724177304,1.203199457351003,5f35d9ad93a88f0023c8da5b,-130.8748,265.7496,lqr
