,exp_param,step_size,vm_param,pp_id,ll,AIC,agent_type
0,0.010698074032772505,0.09922264436121603,1.5685138007877664,5f35d65d93a88f0023c8d629,-111.299863,228.599726,hill_climbing
