,attention_cost,exp_param,step_size,vm_param,pp_id,ll,AIC,agent_type
0,27.796003120079746,0.001,0.0,3.237793511567754,5f35e70693a88f0023c90462,-195.323408,398.646816,sparse_max_discrete
