,attention_cost,exp_param,vm_param,pp_id,ll,AIC,agent_type
0,184.36063343879658,0.011063116604272616,2.4265820530582802,5f35d68993a88f0023c8d637,-99.103983,204.207966,sparse_lqr
