,attention_cost,exp_param,step_size,vm_param,pp_id,ll,AIC,agent_type
0,0.0,0.03191631429472075,0.030654519712739692,9.691655922533766,5f35d61893a88f0023c8d60c,-53.233959,112.467918,hill_climbing
