,attention_cost,exp_param,step_size,vm_param,pp_id,ll,AIC,agent_type
0,8.680193289946885,0.029509454349580192,0.6398105297258772,7.3922365891222075,5f35d64293a88f0023c8d61c,-63.018304225579826,134.03660845115965,sparse_max_discrete
