,attention_cost,exp_param,step_size,vm_param,pp_id,ll,AIC,agent_type
0,14.809795717137462,0.02952273581543143,0.5516342523871596,7.425984359659703,5f35db0b93a88f0023c8ded5,-58.537863,125.075726,sparse_max_discrete
