,attention_cost,exp_param,step_size,vm_param,pp_id,ll,AIC,agent_type
0,13.433115069357921,0.10889487583043801,0.38248030823054113,3.4888640406066154,5f35d71c93a88f0023c8d66e,-73.3061,154.6122,sparse_max_discrete
