,attention_cost,exp_param,step_size,vm_param,pp_id,ll,AIC,agent_type
0,0.0,0.08961168553789309,0.6244611174249,9.863023743149515,5f35d72f93a88f0023c8d675,-39.90541056797697,85.81082113595394,hill_climbing
