,exp_param,vm_param,pp_id,ll,AIC,agent_type
0,0.026187796454826103,1.60770975369108,5f35e76793a88f0023c90491,-102.5917,209.1834,null_model_2
