attention_cost,exp_param,step_size,vm_param,pp_id,ll,AIC,agent_type
3.927149072930933,0.1408747647447579,0.5039703687522673,3.3222553304679447,5f35d74293a88f0023c8d67c,-58.809245653362055,125.61849130672412,sparse_max_discrete
