,attention_cost,exp_param,step_size,vm_param,pp_id,ll,AIC,agent_type
0,5.79334532106198,0.024476505987966,0.18084915998234946,9.1914363400189,5f35d7fa93a88f0023c8d725,-43.150162,94.300324,sparse_max_discrete
