,exp_param,vm_param,pp_id,ll,AIC,agent_type
0,0.018365164799278407,0.9862948694844498,5f35d7f393a88f0023c8d71a,-115.310864,234.621728,lqr
