,exp_param,vm_param,pp_id,ll,AIC,agent_type
0,0.01375856509315292,1.5015489585126252,5f35dc7593a88f0023c8e5d3,-110.534079,225.068158,null_model_2
