,attention_cost,exp_param,step_size,vm_param,pp_id,ll,AIC,agent_type
0,28.535297493668928,0.02967867028829802,0.02992900971517759,2.0749949633773968,5f35d86c93a88f0023c8d7e9,-100.6749684170828,209.3499368341656,sparse_max_continuous
