,b,exp_param,n,vm_param,pp_id,ll,AIC,agent_type
0,1.6045796206038798,0.009464896383952898,1.0810113350335624,4.5599597160483265,5f35db0c93a88f0023c8deda,-79.92548299999999,167.85096599999997,null_model_1
