,attention_cost,exp_param,vm_param,pp_id,ll,AIC,agent_type
0,268.52358819305755,0.006693672166448289,3.0510523650541623,5f35e93693a88f0023c905d9,-107.14114075098553,218.28228150197106,sparse_lqr
