,exp_param,vm_param,pp_id,ll,AIC,agent_type
0,0.019978422979067923,3.390368932450374,5f35d8e393a88f0023c8d887,-85.6108,175.2216,null_model_2
