,b,exp_param,n,vm_param,pp_id,ll,AIC,agent_type
0,1.7161031187433373,0.009717061343497032,3.202005411223945,1.5598888665245803,5f35d7a693a88f0023c8d6b2,-122.211033,252.422066,null_model_1
