,attention_cost,exp_param,step_size,vm_param,pp_id,ll,AIC,agent_type
0,9.650118442319512,0.11923278398446614,0.3649614609629701,8.049906291992798,5f35d63193a88f0023c8d616,-58.644825,125.28965,sparse_max_discrete
