,attention_cost,exp_param,vm_param,pp_id,ll,AIC,agent_type
0,218.07946014299208,0.002662211267300263,3.18554061701116,5f35dba493a88f0023c8e193,-120.2165049247989,244.4330098495978,sparse_lqr
