,attention_cost,exp_param,step_size,vm_param,pp_id,ll,AIC,agent_type
0,0.0,0.023525490594126577,0.7705361990702853,2.824410151710751,5f3626b693a88f0023c91063,-88.485938,182.971876,hill_climbing
