,attention_cost,exp_param,vm_param,pp_id,ll,AIC,agent_type
0,22.07850082459152,0.06577975289573845,7.076597582067014,5f35d97e93a88f0023c8d9d4,-48.076604,100.153208,sparse_lqr
