,attention_cost,exp_param,step_size,vm_param,pp_id,ll,AIC,agent_type
0,0.0,0.10034022820011321,1.2094882441408041,0.5356033763340721,5f361f5693a88f0023c90f72,-100.496493,206.992986,hill_climbing
