,attention_cost,exp_param,step_size,vm_param,pp_id,ll,AIC,agent_type
0,28.306008516140903,0.06390897453125889,0.0712476837896826,2.6503646613309453,5f35d71c93a88f0023c8d66e,-91.520775,191.04155,sparse_max_continuous
