exp_param,vm_param,pp_id,ll,AIC,agent_type
0.0904579621396483,2.645727450871603,5f35d74293a88f0023c8d67c,-77.12809819813695,158.2561963962739,null_model_2
