,attention_cost,exp_param,vm_param,pp_id,ll,AIC,agent_type
0,268.2220719388013,0.009199959694670554,2.1050058745644273,5f35e93693a88f0023c905d9,-106.414437,216.828874,sparse_lqr
