,attention_cost,exp_param,step_size,vm_param,pp_id,ll,AIC,agent_type
0,0.0,0.04539431428110732,0.47819066388277065,9.413641079234809,5f35d7fa93a88f0023c8d725,-42.672489,91.344978,hill_climbing
