,b,exp_param,n,vm_param,pp_id,ll,AIC,agent_type
0,0.0,0.001,3.7985848172074923,2.3068349901385403,5f35dae093a88f0023c8de20,-120.57686700000002,249.15373400000004,null_model_1
