,attention_cost,exp_param,step_size,vm_param,pp_id,ll,AIC,agent_type
0,1.3365563563428517,0.10838663497698682,0.33856400791178204,7.129889803826766,5f35d91293a88f0023c8d8e2,-53.636527,115.273054,sparse_max_continuous
