,attention_cost,exp_param,step_size,vm_param,pp_id,ll,AIC,agent_type
0,8.233752686104063,0.01702901156440593,0.4805786765928762,2.4597938192198097,5f35e94193a88f0023c905da,-102.478959,212.957918,sparse_max_discrete
