,attention_cost,exp_param,step_size,vm_param,pp_id,ll,AIC,agent_type
0,0.8531941430346845,0.19551378675582962,1.4304972442341464,3.1494114257444563,5f35d80893a88f0023c8d735,-77.99558915959065,163.9911783191813,sparse_max_discrete
