attention_cost,exp_param,step_size,vm_param,pp_id,ll,AIC,agent_type
0.0,0.0131549595675937,0.7149172173477027,2.8809144283417485,5f35d65d93a88f0023c8d629,-96.00573381750776,198.01146763501555,hill_climbing
