,exp_param,vm_param,pp_id,ll,AIC,agent_type
0,0.04071517993702252,2.5541483174555033,5f35d70093a88f0023c8d662,-85.291539,174.583078,null_model_2
