,exp_param,vm_param,pp_id,ll,AIC,agent_type
0,0.003873263518428554,3.62197707759797,5f35d78293a88f0023c8d697,-99.72887,203.45774,lqr
