,attention_cost,exp_param,step_size,vm_param,pp_id,ll,AIC,agent_type
0,1.8694249741412383,0.0030800144716426896,0.22914158069839352,3.0085209833408646,5f360ea493a88f0023c908e6,-113.619613,235.239226,sparse_max_continuous
