,attention_cost,exp_param,step_size,vm_param,pp_id,ll,AIC,agent_type
0,16.8309065776713,0.01962864208357008,1.2009490090209245,2.3297427384102045,5f360f4693a88f0023c908ef,-106.99355994522753,221.98711989045506,sparse_max_continuous
