,attention_cost,exp_param,step_size,vm_param,pp_id,ll,AIC,agent_type
0,5.386441353628087,0.01944718565951451,0.7428580011853667,1.7098647328200167,5f35d65d93a88f0023c8d629,-95.266979,198.533958,sparse_max_continuous
