,exp_param,vm_param,pp_id,ll,AIC,agent_type
0,0.06222766460379917,1.7694494495580837,5f35d71c93a88f0023c8d66e,-91.581975,187.16395,null_model_2
