,attention_cost,exp_param,vm_param,pp_id,ll,AIC,agent_type
0,127.2879078692395,0.001,4.426709742077329,5f35da4f93a88f0023c8dc28,-113.8363,231.6726,sparse_lqr
