,b,exp_param,n,vm_param,pp_id,ll,AIC,agent_type
0,2.750367650507987,0.03762995785543517,3.594767088232845,2.6927665756545838,5f35d77893a88f0023c8d690,-83.75320700000002,175.50641400000004,null_model_1
