,b,exp_param,n,vm_param,pp_id,ll,AIC,agent_type
0,2.605053454896843,0.01349624340501589,2.3926224175833797,7.842040982453264,5f35dafe93a88f0023c8de97,-53.1598075,114.319615,null_model_1
