,attention_cost,exp_param,step_size,vm_param,pp_id,ll,AIC,agent_type
0,25.24778341799764,0.023772826634631473,0.3071898867237169,5.731036128490301,5f36121793a88f0023c9095f,-63.023884,134.04776800000002,sparse_max_continuous
