exp_param,vm_param,pp_id,ll,AIC,agent_type
0.0750877271610216,5.541853435082963,5f35d80393a88f0023c8d729,-60.35757706982135,124.71515413964268,null_model_2
