,attention_cost,exp_param,vm_param,pp_id,ll,AIC,agent_type
0,202.99794051575583,0.06982940087204936,5.258001527638221,5f35d64493a88f0023c8d61e,-62.685078496434116,129.37015699286823,sparse_lqr
