,attention_cost,exp_param,step_size,vm_param,pp_id,ll,AIC,agent_type
0,29.201482392849158,0.0492509553601852,1.4641108480793428,3.023067420357574,5f3612ca93a88f0023c909a0,-80.32897377166458,168.65794754332916,sparse_max_discrete
