,b,exp_param,n,vm_param,pp_id,ll,AIC,agent_type
0,6.883137047280158,0.01187784506967551,4.033113041907985,3.199528380776784,5f35d72b93a88f0023c8d674,-99.8287134,207.6574268,null_model_1
