,b,exp_param,n,vm_param,pp_id,ll,AIC,agent_type
0,3.156797335324667,0.006384462754410502,4.007269737524342,2.0546624854383877,5f360f4693a88f0023c908ef,-116.24365850000001,240.48731700000002,null_model_1
