,attention_cost,exp_param,step_size,vm_param,pp_id,ll,AIC,agent_type
0,27.1652914118286,0.050765174771650996,0.1726780842350092,5.191271565381302,5f35d5d093a88f0023c8d5f7,-57.785473,123.570946,sparse_max_continuous
