,attention_cost,exp_param,vm_param,pp_id,ll,AIC,agent_type
0,285.5327079101555,0.05186147113337032,2.3507186409101455,5f362dee93a88f0023c91131,-80.975882,165.951764,sparse_lqr
