,exp_param,step_size,vm_param,pp_id,ll,AIC,agent_type
0,0.05340741009006101,0.45125850431688547,8.211348352983155,5f35d91293a88f0023c8d8e2,-51.553521,109.107042,hill_climbing
