,attention_cost,exp_param,vm_param,pp_id,ll,AIC,agent_type
0,285.5327079101555,0.05186147113337032,2.3507186409101455,5f35d6b193a88f0023c8d648,-89.188095,184.37619,sparse_lqr
