,attention_cost,exp_param,step_size,vm_param,pp_id,ll,AIC,agent_type
0,0.0,0.03983585426158744,0.0,2.045623372534681,5f3612ca93a88f0023c909a0,-85.564461,177.128922,hill_climbing
