,exp_param,vm_param,pp_id,ll,AIC,agent_type
0,0.015169283021276264,1.5329306473793158,5f360eea93a88f0023c908e9,-109.207768,222.415536,lqr
