b,exp_param,n,vm_param,pp_id,ll,AIC,agent_type
4.419512946706218,0.0428356927296962,1.1975855385332572,1.5045502836766345,5f35d60393a88f0023c8d605,-104.71430248249294,217.42860496498588,null_model_1
