,attention_cost,exp_param,step_size,vm_param,pp_id,ll,AIC,agent_type
0,0.0,0.0018270149625286554,0.269246612763983,3.053766790717579,5f360ea493a88f0023c908e6,-111.385078,228.770156,hill_climbing
