,attention_cost,exp_param,step_size,vm_param,pp_id,ll,AIC,agent_type
0,0.0,0.0019217865194338924,0.07235372675875829,9.725845411334898,5f35da4f93a88f0023c8dc28,-65.510593,137.021186,hill_climbing
