,attention_cost,exp_param,vm_param,pp_id,ll,AIC,agent_type
0,90.02431377760693,0.08102354016224324,9.046310029362429,5f360f1993a88f0023c908ea,-44.4478,94.8956,sparse_lqr
