,exp_param,vm_param,pp_id,ll,AIC,agent_type
0,0.020221486546508672,2.586216088161909,5f35d76793a88f0023c8d689,-92.231206,188.462412,lqr
