,exp_param,vm_param,pp_id,ll,AIC,agent_type
0,0.0028801915139849577,0.9914303131959823,5f35dc7593a88f0023c8e5d3,-133.920183,271.840366,lqr
