,attention_cost,exp_param,step_size,vm_param,pp_id,ll,AIC,agent_type
0,1.2414121974156,0.014721001430760515,0.5984280298680142,8.772118139238271,5f35d65393a88f0023c8d623,-70.500096,149.000192,sparse_max_continuous
