,attention_cost,exp_param,step_size,vm_param,pp_id,ll,AIC,agent_type
0,4.471962988667048,0.007754431064653277,0.39699365163232486,2.1119139302900614,5f35e94193a88f0023c905da,-100.508191,209.016382,sparse_max_discrete
