,exp_param,vm_param,pp_id,ll,AIC,agent_type
0,0.09041104072690835,6.561573264835388,5f35d74293a88f0023c8d67c,-55.216386,114.432772,null_model_2
