attention_cost,exp_param,step_size,vm_param,pp_id,ll,AIC,agent_type
0.0,0.0236800705550691,0.5187974680907583,1.7454611993555047,5f35d67e93a88f0023c8d634,-103.0542813287487,212.1085626574974,hill_climbing
