,attention_cost,exp_param,vm_param,pp_id,ll,AIC,agent_type
0,77.57632449617525,0.023144941241991405,8.985093466993417,5f35d7fa93a88f0023c8d725,-44.47307,94.94614,sparse_lqr
