,attention_cost,exp_param,step_size,vm_param,pp_id,ll,AIC,agent_type
0,10.522667799897294,0.01479032118932606,0.5631808051612764,1.7324928917479798,5f35d83093a88f0023c8d771,-101.727689,211.455378,sparse_max_discrete
