,attention_cost,exp_param,vm_param,pp_id,ll,AIC,agent_type
0,63.229350740611615,0.04243360449692238,3.218287999702445,5f35d65893a88f0023c8d625,-87.7044,179.4088,sparse_lqr
