,exp_param,step_size,vm_param,pp_id,ll,AIC,agent_type
0,0.0411612489153363,0.5807283292049755,5.231342260046917,5f35d77893a88f0023c8d691,-69.80578,145.61156,hill_climbing
