,b,exp_param,n,vm_param,pp_id,ll,AIC,agent_type
0,1.3771430416886998,0.061039815958521496,1.02752789524697,5.808128441813433,5f35d6f793a88f0023c8d65f,-59.7482783,127.4965566,null_model_1
