,exp_param,vm_param,pp_id,ll,AIC,agent_type
0,0.022851162727880434,2.821747375998538,5f35d62693a88f0023c8d611,-88.84385307789181,181.68770615578362,null_model_2
