,attention_cost,exp_param,step_size,vm_param,pp_id,ll,AIC,agent_type
0,0.0,0.008423541044849844,0.14766658295340884,2.159953777143463,5f35d62993a88f0023c8d613,-105.9784,217.9568,hill_climbing
