exp_param,vm_param,pp_id,ll,AIC,agent_type
0.0209627476526039,4.063545373836464,5f35dafe93a88f0023c8de97,-80.69392335165873,165.38784670331745,lqr
