,b,exp_param,n,vm_param,pp_id,ll,AIC,agent_type
0,1.0,0.001,1.0,1.8897873461466967,5f35dae093a88f0023c8de20,-134.06512181074245,276.1302436214849,null_model_1
