,b,exp_param,n,vm_param,pp_id,ll,AIC,agent_type
0,8.730325510381014,0.010823245584943113,4.623361545084271,2.9557772706080243,5f35d72b93a88f0023c8d674,-102.8788043,213.7576086,null_model_1
