exp_param,vm_param,pp_id,ll,AIC,agent_type
0.0087452916639789,1.310371143144078,5f35d72f93a88f0023c8d675,-118.21821481804838,240.4364296360968,lqr
