,attention_cost,exp_param,step_size,vm_param,pp_id,ll,AIC,agent_type
0,23.88776276359393,0.16013757961732536,0.5507276090412865,1.860587076069249,5f35d5ee93a88f0023c8d5fe,-79.797407,167.594814,sparse_max_discrete
