exp_param,vm_param,pp_id,ll,AIC,agent_type
0.0385429917311322,1.8372546107202905,5f35d85593a88f0023c8d7c5,-95.36692339972991,194.73384679945983,null_model_2
