,b,exp_param,n,vm_param,pp_id,ll,AIC,agent_type
0,4.212704609463651,0.02569164479111124,4.812584468952964,2.994855239848071,5f362dee93a88f0023c91131,-81.8240544,171.6481088,null_model_1
