,exp_param,vm_param,pp_id,ll,AIC,agent_type
0,0.004044301751141495,2.0892186947983338,5f35d65893a88f0023c8d625,-115.104241,234.208482,lqr
