,exp_param,vm_param,pp_id,ll,AIC,agent_type
0,0.0031981793570993416,6.428162413939667,5f35d97e93a88f0023c8d9d4,-89.469556,182.939112,lqr
