,attention_cost,exp_param,step_size,vm_param,pp_id,ll,AIC,agent_type
0,12.311858957772449,0.008868267469520467,0.3686126973329178,3.700534818439465,5f35d68993a88f0023c8d637,-84.52532558778995,177.0506511755799,sparse_max_discrete
