,attention_cost,exp_param,step_size,vm_param,pp_id,ll,AIC,agent_type
0,25.21279476660343,0.03668720408451904,0.7896446919790507,9.000614456645899,5f360f1993a88f0023c908ea,-47.796728,103.593456,sparse_max_discrete
