,attention_cost,exp_param,vm_param,pp_id,ll,AIC,agent_type
0,198.47583248853556,0.026084965540798238,4.095786452739725,5f35e76793a88f0023c90491,-79.332851,164.665702,sparse_lqr
