attention_cost,exp_param,step_size,vm_param,pp_id,ll,AIC,agent_type
1.3365563563428515,0.1083866349769868,0.338564007911782,7.129889803826766,5f35d73b93a88f0023c8d678,-53.7019871565919,115.4039743131838,sparse_max_discrete
