,exp_param,vm_param,pp_id,ll,AIC,agent_type
0,0.010299188265153893,2.1295940564679605,5f35df1293a88f0023c8f3db,-104.439312,212.878624,lqr
