,attention_cost,exp_param,step_size,vm_param,pp_id,ll,AIC,agent_type
0,0.0,0.024057783826818984,0.5668303206471497,1.1882585262226764,5f35d8b893a88f0023c8d833,-104.2417951442364,214.4835902884728,hill_climbing
