,exp_param,step_size,vm_param,pp_id,ll,AIC,agent_type
0,0.07799890823614697,0.0,2.3044692506678084,5f35d60393a88f0023c8d605,-82.560748,171.121496,hill_climbing
