,exp_param,vm_param,pp_id,ll,AIC,agent_type
0,0.036677113423539985,6.101732816985951,5f35d88193a88f0023c8d7ff,-65.785432,135.570864,lqr
