,attention_cost,exp_param,vm_param,pp_id,ll,AIC,agent_type
0,113.12477976220023,0.027601256806929854,1.1092036903424063,5f35d77893a88f0023c8d690,-104.216747,212.433494,sparse_lqr
