,attention_cost,exp_param,step_size,vm_param,pp_id,ll,AIC,agent_type
0,0.0,0.01447536128611409,0.12871999876635576,4.568932326619455,5f35d81193a88f0023c8d742,-85.091433,176.182866,hill_climbing
