,attention_cost,exp_param,step_size,vm_param,pp_id,ll,AIC,agent_type
0,21.664628222864934,0.02959158871714258,0.6606580832994062,3.505984056885235,5f35d64293a88f0023c8d61c,-76.197434,160.394868,sparse_max_discrete
