,attention_cost,exp_param,step_size,vm_param,pp_id,ll,AIC,agent_type
0,19.744594166490693,0.0030692855318661724,0.4216781554935315,2.074442790277965,5f35dba493a88f0023c8e193,-124.737348,257.474696,sparse_max_discrete
