,exp_param,vm_param,pp_id,ll,AIC,agent_type
0,0.0041837479629930115,1.3769149641958844,5f35d91293a88f0023c8d8e2,-125.137985,254.27597,lqr
