,attention_cost,exp_param,step_size,vm_param,pp_id,ll,AIC,agent_type
0,13.317153810809145,0.11310416742576165,0.9418411815340018,4.546274696086895,5f35d64493a88f0023c8d61e,-57.420683,122.841366,sparse_max_discrete
