,attention_cost,exp_param,step_size,vm_param,pp_id,ll,AIC,agent_type
0,7.915941109611748,0.06545284285274677,0.11372411626704482,6.699005179414784,5f35d73b93a88f0023c8d678,-52.332202,112.664404,sparse_max_discrete
