,attention_cost,exp_param,vm_param,pp_id,ll,AIC,agent_type
0,95.57494335075194,0.01871603300675381,3.0337697047491687,5f35d68993a88f0023c8d637,-87.688864,179.377728,sparse_lqr
