,attention_cost,exp_param,vm_param,pp_id,ll,AIC,agent_type
0,59.81016706638953,0.059772489201154716,5.707821951677195,5f35d80393a88f0023c8d729,-58.07791050888706,120.15582101777412,sparse_lqr
