,exp_param,vm_param,pp_id,ll,AIC,agent_type
0,0.014430697701380397,1.499020026276634,5f35d73d93a88f0023c8d679,-109.452921,222.905842,lqr
