,exp_param,vm_param,pp_id,ll,AIC,agent_type
0,0.0032538655658031846,0.613966296991888,5f35dae093a88f0023c8de20,-137.7095,279.419,lqr
