,attention_cost,exp_param,step_size,vm_param,pp_id,ll,AIC,agent_type
0,1.0285494058890365,0.024441875772655088,0.07436041635315299,3.8168513529360104,5f35d5d093a88f0023c8d5f7,-77.465085,162.93017,sparse_max_continuous
