,attention_cost,exp_param,vm_param,pp_id,ll,AIC,agent_type
0,50.900120078190945,0.03891376178982172,9.891289351524224,5f362fb593a88f0023c91191,-51.808732,109.617464,sparse_lqr
