,attention_cost,exp_param,step_size,vm_param,pp_id,ll,AIC,agent_type
0,16.713669684401296,0.03496949765892347,0.25164156058470916,3.0299877217961226,5f35df8793a88f0023c8f599,-81.398572,170.797144,sparse_max_discrete
