,attention_cost,exp_param,vm_param,pp_id,ll,AIC,agent_type
0,252.869952057855,0.0687391274066128,5.7327227154968465,5f360ff993a88f0023c90904,-62.358081,130.716162,sparse_lqr
