,attention_cost,exp_param,step_size,vm_param,pp_id,ll,AIC,agent_type
0,10.376013278624935,0.006495139887095601,0.126785008170321,2.2908432649451536,5f35d62993a88f0023c8d613,-106.495315,220.99063,sparse_max_continuous
