,b,exp_param,n,vm_param,pp_id,ll,AIC,agent_type
0,0.18988133225438242,0.02027009717284464,2.2925489645055155,2.8131994872056296,5f35d8e393a88f0023c8d887,-80.4855022,168.9710044,null_model_1
