,attention_cost,exp_param,step_size,vm_param,pp_id,ll,AIC,agent_type
0,0.0,0.05559855194576766,0.0,1.9184898669822823,5f35d5ee93a88f0023c8d5fe,-92.82095421810673,191.64190843621347,hill_climbing
