,attention_cost,exp_param,step_size,vm_param,pp_id,ll,AIC,agent_type
0,15.36425483444804,0.010219492406042821,0.4418836719145088,2.8976762002128096,5f35e94193a88f0023c905da,-106.50732582554312,221.01465165108624,sparse_max_continuous
