,attention_cost,exp_param,vm_param,pp_id,ll,AIC,agent_type
0,151.96620835689774,0.021118216096450718,5.2851268426143525,5f35d64293a88f0023c8d61c,-75.45048386406685,154.9009677281337,sparse_lqr
