,exp_param,vm_param,pp_id,ll,AIC,agent_type
0,0.05814763523377877,9.987316101067176,5f35db9193a88f0023c8e13f,-39.924891,83.849782,null_model_2
