attention_cost,exp_param,step_size,vm_param,pp_id,ll,AIC,agent_type
7.713548813465886,0.1117804094432851,0.2894440980286692,4.995841706788861,5f35d82093a88f0023c8d751,-53.96188515491581,115.92377030983162,sparse_max_discrete
