,attention_cost,exp_param,step_size,vm_param,pp_id,ll,AIC,agent_type
0,0.051702354221546676,0.0670275590684265,1.0761038890732526,5.208159406856051,5f35db9193a88f0023c8e13f,-48.349294,104.698588,sparse_max_continuous
