,b,exp_param,n,vm_param,pp_id,ll,AIC,agent_type
0,2.4380120965207244,0.0030926109776421564,4.166522545614226,1.3261274853205207,5f360f4693a88f0023c908ef,-117.18442999999999,242.36885999999998,null_model_1
