,exp_param,vm_param,pp_id,ll,AIC,agent_type
0,0.02123841997184741,9.86891060757452,5f35d7fa93a88f0023c8d725,-46.310994,96.621988,null_model_2
