,attention_cost,exp_param,vm_param,pp_id,ll,AIC,agent_type
0,90.02431377760693,0.08102354016224324,9.046310029362429,5f35d97e93a88f0023c8d9d4,-28.424917,62.849834,sparse_lqr
