,attention_cost,exp_param,step_size,vm_param,pp_id,ll,AIC,agent_type
0,12.272724957505798,0.2696231301904332,0.10801805275465493,4.181361337253158,5f35d73d93a88f0023c8d679,-71.427372,150.854744,sparse_max_continuous
