,b,exp_param,n,vm_param,pp_id,ll,AIC,agent_type
0,1.1017862886693348,0.0657450205845626,1.543930366603873,9.912993574166283,5f35d61893a88f0023c8d60c,-46.589409,101.178818,null_model_1
