attention_cost,exp_param,step_size,vm_param,pp_id,ll,AIC,agent_type
5.025529037144539,0.0661813470081895,0.2227061964773553,6.56024769884176,5f35da2c93a88f0023c8db97,-51.30279130127683,110.60558260255364,sparse_max_discrete
