,attention_cost,exp_param,step_size,vm_param,pp_id,ll,AIC,agent_type
0,1.3037659723699446,0.06696614941304865,0.16722375791509814,4.819800939185852,5f35d64493a88f0023c8d61e,-54.485035504744545,116.97007100948909,sparse_max_continuous
