,b,exp_param,n,vm_param,pp_id,ll,AIC,agent_type
0,2.4107333266067954,0.05726596603817904,1.049982637593295,2.676242390296817,5f35e09e93a88f0023c8f979,-75.3862292,158.7724584,null_model_1
