,exp_param,step_size,vm_param,pp_id,ll,AIC,agent_type
0,0.03481123076494371,0.0,2.0081379937670922,5f35d93793a88f0023c8d930,-89.503837,185.007674,hill_climbing
