,exp_param,step_size,vm_param,pp_id,ll,AIC,agent_type
0,0.013507353267316426,0.11374686340954876,5.6238754513559766,5f35d7f093a88f0023c8d716,-79.130436,164.260872,hill_climbing
