exp_param,vm_param,pp_id,ll,AIC,agent_type
0.0089049523144125,1.535915846093706,5f360f4693a88f0023c908ef,-113.94059865704985,231.8811973140997,null_model_2
