,attention_cost,exp_param,vm_param,pp_id,ll,AIC,agent_type
0,204.90149659040557,0.02401104592026803,2.5101775092866196,5f35d62693a88f0023c8d611,-88.14465672942347,180.28931345884695,sparse_lqr
