,b,exp_param,n,vm_param,pp_id,ll,AIC,agent_type
0,8.9077752509202,0.025136016045424477,2.6103355485927873,5.4896825276629615,5f35df8793a88f0023c8f599,-79.3901245,166.780249,null_model_1
