,attention_cost,exp_param,step_size,vm_param,pp_id,ll,AIC,agent_type
0,5.579138199015756,0.0809103159262368,0.5459618162304694,2.791138766933355,5f35d79b93a88f0023c8d6aa,-80.886911,169.773822,sparse_max_discrete
