,attention_cost,exp_param,step_size,vm_param,pp_id,ll,AIC,agent_type
0,2.1074167112321285,0.0022706396258021814,0.8705393380514808,2.940499582322842,5f35dba493a88f0023c8e193,-113.8198,235.6396,sparse_max_discrete
