,attention_cost,exp_param,step_size,vm_param,pp_id,ll,AIC,agent_type
0,5.7986789385484725,0.020232993802704446,0.3789828219233671,1.744787740488738,5f35e94193a88f0023c905da,-103.954036,215.908072,sparse_max_continuous
