,attention_cost,exp_param,vm_param,pp_id,ll,AIC,agent_type
0,97.10089944510236,0.015226622510227817,2.950025976065096,5f35d81193a88f0023c8d742,-90.756555,185.51311,sparse_lqr
