,attention_cost,exp_param,step_size,vm_param,pp_id,ll,AIC,agent_type
0,0.0,0.01984598961912006,0.746655816993173,4.0028648370295805,5f35d83993a88f0023c8d78b,-79.549821,165.099642,hill_climbing
