,attention_cost,exp_param,step_size,vm_param,pp_id,ll,AIC,agent_type
0,9.952764290329021,0.057376581651585476,0.14433339024315883,4.795425706048903,5f35d73993a88f0023c8d677,-77.596315,163.19263,sparse_max_continuous
