,attention_cost,exp_param,step_size,vm_param,pp_id,ll,AIC,agent_type
0,3.357461493796541,0.06093288893451523,0.03676607746949617,3.932969868359063,5f35d6f793a88f0023c8d65f,-82.41001,172.82002,sparse_max_continuous
