,attention_cost,exp_param,step_size,vm_param,pp_id,ll,AIC,agent_type
0,22.537952561504564,0.003065135441171842,0.027073083188562608,9.929818389552413,5f35da4f93a88f0023c8dc28,-63.882479,135.76495799999998,sparse_max_discrete
