,b,exp_param,n,vm_param,pp_id,ll,AIC,agent_type
0,8.743543390852215,0.00796842991065111,1.39117771980619,2.4486531111888308,5f36101b93a88f0023c90907,-101.6896055,211.379211,null_model_1
