,attention_cost,exp_param,step_size,vm_param,pp_id,ll,AIC,agent_type
0,12.686221203842086,0.3049988747920854,0.6410585744652053,3.979965004898956,5f35d73d93a88f0023c8d679,-54.625526,117.251052,sparse_max_discrete
