exp_param,vm_param,pp_id,ll,AIC,agent_type
0.003913473302781,1.3330004169538825,5f35d5ea93a88f0023c8d5fd,-125.6138562567088,255.22771251341763,lqr
