,attention_cost,exp_param,step_size,vm_param,pp_id,ll,AIC,agent_type
0,20.331109708855386,0.05739234367239981,0.10763374187203906,6.574209842114211,5f35d5d093a88f0023c8d5f7,-57.845917,123.691834,sparse_max_continuous
