,attention_cost,exp_param,step_size,vm_param,pp_id,ll,AIC,agent_type
0,29.125424157960463,0.10995361186569598,0.8800954616968679,1.4532895106585775,5f35da6493a88f0023c8dc69,-91.572761,191.145522,sparse_max_continuous
