,attention_cost,exp_param,vm_param,pp_id,ll,AIC,agent_type
0,12.511713773272282,0.03381754042336256,3.82205645767323,5f36107b93a88f0023c9090e,-70.968438,145.936876,sparse_lqr
