,b,exp_param,n,vm_param,pp_id,ll,AIC,agent_type
0,9.50222894938183,0.014496550626955845,4.490983301280384,2.3091426810342175,5f35d86c93a88f0023c8d7e9,-98.29572249999998,204.59144499999996,null_model_1
