,attention_cost,exp_param,step_size,vm_param,pp_id,ll,AIC,agent_type
0,5.317506921491391,0.001,0.0,3.2496161724084116,5f35e70693a88f0023c90462,-195.322512,398.645024,sparse_max_continuous
