,attention_cost,exp_param,vm_param,pp_id,ll,AIC,agent_type
0,293.71498706491354,0.001,1.5045379797983776,5f35dba493a88f0023c8e193,-131.600804,269.201608,sparse_lqr
