,exp_param,vm_param,pp_id,ll,AIC,agent_type
0,0.018619527937603703,3.81035196249342,5f35d64293a88f0023c8d61c,-82.881994,169.763988,null_model_2
