,attention_cost,exp_param,vm_param,pp_id,ll,AIC,agent_type
0,62.76551921590442,0.027948442165644297,5.449435211193463,5f35d7d393a88f0023c8d6f4,-68.342649,140.685298,sparse_lqr
