,attention_cost,exp_param,step_size,vm_param,pp_id,ll,AIC,agent_type
0,0.0,0.01717308904842335,0.4610806688156476,2.1660627294436496,5f35d83093a88f0023c8d771,-99.148749,204.297498,hill_climbing
