,exp_param,vm_param,pp_id,ll,AIC,agent_type
0,0.05644281763275255,5.133880123560002,5f35d7d693a88f0023c8d6f7,-65.11391316693198,134.22782633386396,null_model_2
