,exp_param,step_size,vm_param,pp_id,ll,AIC,agent_type
0,0.02037801116956365,0.0,7.267757072529115,5f35d94f93a88f0023c8d95c,-69.95587,145.91174,hill_climbing
