,attention_cost,exp_param,step_size,vm_param,pp_id,ll,AIC,agent_type
0,19.27773902923854,0.01715477928343255,0.07330988864243865,3.3376494989902294,5f35d81193a88f0023c8d742,-84.939266,177.878532,sparse_max_discrete
