,attention_cost,exp_param,vm_param,pp_id,ll,AIC,agent_type
0,267.8818762028904,0.022820564500931725,7.812297056036042,5f35db0b93a88f0023c8ded5,-64.63965,135.2793,sparse_lqr
