attention_cost,exp_param,step_size,vm_param,pp_id,ll,AIC,agent_type
2.093579355126256,0.0428356927296962,0.0740945769499714,1.5045502836766345,5f35e76793a88f0023c90491,-100.16933903589536,208.33867807179072,sparse_max_discrete
