exp_param,vm_param,pp_id,ll,AIC,agent_type
0.0025535990822733,0.7624778863177406,5f35d93793a88f0023c8d930,-137.962234637544,279.924469275088,lqr
