,exp_param,vm_param,pp_id,ll,AIC,agent_type
0,0.003967167048157992,0.25307823610791647,5f361f5693a88f0023c90f72,-138.3731,280.7462,lqr
