b,exp_param,n,vm_param,pp_id,ll,AIC,agent_type
1.505710855252678,0.0436614786051535,2.485884878636663,2.719230785105103,5f35d6b193a88f0023c8d648,-81.16997142608994,170.3399428521799,null_model_1
