,exp_param,vm_param,pp_id,ll,AIC,agent_type
0,0.012937466172462133,3.896559101721583,5f35d7f093a88f0023c8d716,-85.5069,175.0138,null_model_2
