,exp_param,vm_param,pp_id,ll,AIC,agent_type
0,0.002020732734480714,1.2915482175386306,5f35e00093a88f0023c8f758,-132.361985,268.72397,lqr
