attention_cost,exp_param,vm_param,pp_id,ll,AIC,agent_type
246.7244263425177,0.0274861149348685,2.174309576374709,5f35d71a93a88f0023c8d66c,-91.28995075500193,186.57990151000385,sparse_lqr
