b,exp_param,n,vm_param,pp_id,ll,AIC,agent_type
13.893812172269836,0.0725386691623627,4.914691220633388,2.363840986603756,5f35d77893a88f0023c8d690,-100.93995009550176,209.87990019100351,null_model_1
