,attention_cost,exp_param,vm_param,pp_id,ll,AIC,agent_type
0,25.82683723792638,0.019377710497786447,4.512467908070318,5f35d8e393a88f0023c8d887,-83.5505,171.101,sparse_lqr
