,attention_cost,exp_param,vm_param,pp_id,ll,AIC,agent_type
0,220.43999827202813,0.017321562480346518,3.8546396328474453,5f35d76593a88f0023c8d688,-86.137865,178.27573,sparse_lqr
