b,exp_param,n,vm_param,pp_id,ll,AIC,agent_type
4.475001623048974,0.1534513830552295,1.0663035316037366,1.1379635644740682,5f35d7f393a88f0023c8d71a,-101.53592255262672,211.07184510525343,null_model_1
