,attention_cost,exp_param,step_size,vm_param,pp_id,ll,AIC,agent_type
0,0.0,0.006747829635269246,0.6603120722814817,1.9113446629237774,5f35d62993a88f0023c8d613,-114.2859,234.5718,hill_climbing
