,exp_param,vm_param,pp_id,ll,AIC,agent_type
0,0.031428739042089725,5.514738653599525,5f35d7d393a88f0023c8d6f4,-69.51919408463023,143.03838816926046,null_model_2
