,exp_param,step_size,vm_param,pp_id,ll,AIC,agent_type
0,0.08943578254998426,0.2898705178370911,4.729802934515593,5f361ea793a88f0023c90f71,-62.907733,131.81546600000001,hill_climbing
