,exp_param,step_size,vm_param,pp_id,ll,AIC,agent_type
0,0.025011490369012717,0.26745797474811694,1.7013642118849923,5f35d71a93a88f0023c8d66c,-95.993115,197.98623,hill_climbing
