,attention_cost,exp_param,step_size,vm_param,pp_id,ll,AIC,agent_type
0,29.322891655118145,0.007165741789692474,0.4917615998039002,1.7083420118939086,5f35d62993a88f0023c8d613,-116.0843816463817,240.1687632927634,sparse_max_discrete
