,attention_cost,exp_param,step_size,vm_param,pp_id,ll,AIC,agent_type
0,11.078260476847747,0.03640485035421257,0.08008436171336869,6.451561688906539,5f35d88193a88f0023c8d7ff,-67.364642,142.729284,sparse_max_continuous
