,attention_cost,exp_param,step_size,vm_param,pp_id,ll,AIC,agent_type
0,22.24924322362235,0.01697625240796666,1.489502940025543,3.5739970330721107,5f35e94193a88f0023c905da,-96.287629309576,200.575258619152,sparse_max_discrete
