,attention_cost,exp_param,step_size,vm_param,pp_id,ll,AIC,agent_type
0,0.0,0.01287378777859323,0.23041439365811966,2.4500928233513877,5f35d86c93a88f0023c8d7e9,-99.13926,204.27852,hill_climbing
