,exp_param,vm_param,pp_id,ll,AIC,agent_type
0,0.008281299257713632,2.4324367359183996,5f35d6af93a88f0023c8d646,-103.068942,210.137884,lqr
