,b,exp_param,n,vm_param,pp_id,ll,AIC,agent_type
0,24.6618774854963,0.018333818687365958,1.0309857175380168,1.6896354004781877,5f35d67e93a88f0023c8d634,-109.17912700043951,226.35825400087901,null_model_1
