,exp_param,vm_param,pp_id,ll,AIC,agent_type
0,0.01261595908435523,0.31135693339412573,5f35d85593a88f0023c8d7c5,-126.06708445343625,256.1341689068725,lqr
