,attention_cost,exp_param,step_size,vm_param,pp_id,ll,AIC,agent_type
0,0.0,0.023571767168799457,0.8045922911048198,1.5172172378657534,5f35d8b893a88f0023c8d833,-102.941338,211.882676,hill_climbing
