,attention_cost,exp_param,step_size,vm_param,pp_id,ll,AIC,agent_type
0,0.07157739157808818,0.06241845285259395,0.01612999614207844,4.247201820427417,5f35da6493a88f0023c8dc69,-78.209633,164.419266,sparse_max_continuous
