,attention_cost,exp_param,step_size,vm_param,pp_id,ll,AIC,agent_type
0,0.0,0.03432299690740389,0.4979046524817122,9.872943319997976,5f35d7fa93a88f0023c8d725,-41.12301769733699,88.24603539467398,hill_climbing
