,b,exp_param,n,vm_param,pp_id,ll,AIC,agent_type
0,4.357725091304519,0.02120990441855008,2.228079326673875,3.5466857918318393,5f35d76593a88f0023c8d688,-88.7030249,185.4060498,null_model_1
