attention_cost,exp_param,vm_param,pp_id,ll,AIC,agent_type
11.95797799063577,0.1356583248427183,1.934163990149184,5f360ee993a88f0023c908e8,-86.40718222560358,176.81436445120715,sparse_lqr
