,exp_param,vm_param,pp_id,ll,AIC,agent_type
0,0.012555207643613415,0.47195955026431813,5f35d85593a88f0023c8d7c5,-125.253254,254.506508,lqr
