,b,exp_param,n,vm_param,pp_id,ll,AIC,agent_type
0,0.0,0.03,1.0,2.0,5f35d71c93a88f0023c8d66e,-95.87391579999999,199.74783159999998,null_model_1
