,attention_cost,exp_param,vm_param,pp_id,ll,AIC,agent_type
0,271.0539805992222,0.04120145815980997,3.7932962731219435,5f35d61893a88f0023c8d60c,-87.589356,179.178712,sparse_lqr
