attention_cost,exp_param,step_size,vm_param,pp_id,ll,AIC,agent_type
0.0,0.0025275424980059,0.0958376218366088,9.95861828676514,5f35da4f93a88f0023c8dc28,-64.97958052094114,135.95916104188228,hill_climbing
