,exp_param,vm_param,pp_id,ll,AIC,agent_type
0,0.018500152495644042,2.909244796858237,5f35d83993a88f0023c8d78b,-90.242285,184.48457,null_model_2
