,attention_cost,exp_param,vm_param,pp_id,ll,AIC,agent_type
0,75.53744088975003,0.01601901743127019,2.577203109122536,5f35d65d93a88f0023c8d629,-102.8939,209.7878,sparse_lqr
