,attention_cost,exp_param,vm_param,pp_id,ll,AIC,agent_type
0,135.5796110295222,0.017090121048417194,5.893163794899895,5f35d76593a88f0023c8d688,-76.49643516686218,156.99287033372437,sparse_lqr
