,b,exp_param,n,vm_param,pp_id,ll,AIC,agent_type
0,0.07413766684743472,0.027819322808352837,3.1874826060729284,2.373499150608165,5f35d74293a88f0023c8d67c,-70.84278610000001,149.68557220000002,null_model_1
