,attention_cost,exp_param,step_size,vm_param,pp_id,ll,AIC,agent_type
0,0.0,0.013367583067499154,0.03311016131543959,4.125377240484573,5f35d7f093a88f0023c8d716,-86.051103,178.102206,hill_climbing
