,attention_cost,exp_param,vm_param,pp_id,ll,AIC,agent_type
0,26.72099909508252,0.07533831475562257,2.572253544416191,5f35e37d93a88f0023c8ffdc,-78.683573,163.367146,sparse_lqr
