,b,exp_param,n,vm_param,pp_id,ll,AIC,agent_type
0,1.5976020764694232,0.03497848867131329,2.1140361332823243,5.819267484079543,5f35d90b93a88f0023c8d8cf,-60.8745045,129.749009,null_model_1
