,attention_cost,exp_param,step_size,vm_param,pp_id,ll,AIC,agent_type
0,0.0,0.029885905776763696,0.24424322482102057,6.559139272527615,5f35d90c93a88f0023c8d8d0,-68.7201,143.4402,hill_climbing
