,exp_param,vm_param,pp_id,ll,AIC,agent_type
0,0.04332778665777752,8.81397730896447,5f35d73b93a88f0023c8d678,-56.0184,116.0368,null_model_2
