,attention_cost,exp_param,vm_param,pp_id,ll,AIC,agent_type
0,157.78662791102875,0.02131478362455611,5.376448904980439,5f35df1293a88f0023c8f3db,-76.140256,156.280512,sparse_lqr
