,attention_cost,exp_param,step_size,vm_param,pp_id,ll,AIC,agent_type
0,0.0,0.03288697373961348,0.972427050603586,3.2881592203370924,5f35d9ad93a88f0023c8da5b,-81.7773,169.5546,hill_climbing
