,b,exp_param,n,vm_param,pp_id,ll,AIC,agent_type
0,0.045338803304190156,0.10092139578790393,4.036700885433055,1.7226268184702165,5f35dfdb93a88f0023c8f6da,-77.2338344,162.4676688,null_model_1
