,attention_cost,exp_param,vm_param,pp_id,ll,AIC,agent_type
0,150.60114481566498,0.024032590763350452,3.7765096227340997,5f35d65893a88f0023c8d625,-77.348441,160.696882,sparse_lqr
