exp_param,vm_param,pp_id,ll,AIC,agent_type
0.0266414065343355,2.8901926774645856,5f35db0b93a88f0023c8ded5,-87.6271774743843,179.2543549487686,null_model_2
