,attention_cost,exp_param,vm_param,pp_id,ll,AIC,agent_type
0,144.27999312240314,0.014737116631345068,1.65970195741719,5f35dc7593a88f0023c8e5d3,-107.462237,220.924474,sparse_lqr
