,exp_param,vm_param,pp_id,ll,AIC,agent_type
0,0.012707422105218205,2.5227697162856035,5f35d72b93a88f0023c8d674,-98.816489,201.632978,null_model_2
