,exp_param,vm_param,pp_id,ll,AIC,agent_type
0,0.0032630669356314788,1.954409279491448,5f35d64493a88f0023c8d61e,-117.595461,239.190922,lqr
