,b,exp_param,n,vm_param,pp_id,ll,AIC,agent_type
0,5.430076069045132,0.1298470081581338,1.4210501066511476,1.7272746332288003,5f35dfdb93a88f0023c8f6da,-88.73756,185.47512,null_model_1
