,attention_cost,exp_param,step_size,vm_param,pp_id,ll,AIC,agent_type
0,24.50780200730011,0.060222512395095414,0.24903631429020595,2.5589429784122975,5f35d7da93a88f0023c8d703,-81.34588638087024,170.69177276174048,sparse_max_discrete
