,attention_cost,exp_param,vm_param,pp_id,ll,AIC,agent_type
0,31.648132264638722,0.001,3.8186650279565884,5f35dae093a88f0023c8de20,-111.650542,229.301084,sparse_lqr
