,attention_cost,exp_param,vm_param,pp_id,ll,AIC,agent_type
0,196.04331456170019,0.028615067855665123,2.215161749123281,5f35d71a93a88f0023c8d66c,-91.244965,186.48993,sparse_lqr
