,attention_cost,exp_param,step_size,vm_param,pp_id,ll,AIC,agent_type
0,0.0,0.07126310817390971,0.7110094349820819,3.4916741295707734,5f362dee93a88f0023c91131,-69.24744423251667,144.49488846503334,hill_climbing
