,attention_cost,exp_param,vm_param,pp_id,ll,AIC,agent_type
0,274.4855075016918,0.0799761476693947,5.203270187865695,5f362dee93a88f0023c91131,-63.09099,132.18198,sparse_lqr
