,attention_cost,exp_param,vm_param,pp_id,ll,AIC,agent_type
0,156.75418010443508,0.01849792339125857,2.2901376960111683,5f3626b693a88f0023c91063,-95.868632,197.737264,sparse_lqr
