,attention_cost,exp_param,step_size,vm_param,pp_id,ll,AIC,agent_type
0,0.0,0.041631482366602815,0.11911066251042579,8.910118398380888,5f35d90b93a88f0023c8d8cf,-45.729114,97.458228,hill_climbing
