,attention_cost,exp_param,step_size,vm_param,pp_id,ll,AIC,agent_type
0,5.152469263310655,0.00800012118150439,0.0006256102307442002,2.6719498194169713,5f35d81193a88f0023c8d742,-93.047289,194.094578,sparse_max_continuous
