,exp_param,vm_param,pp_id,ll,AIC,agent_type
0,0.003427776327683221,1.0132335764295786,5f360f4693a88f0023c908ef,-131.36377,266.72754,lqr
