attention_cost,exp_param,step_size,vm_param,pp_id,ll,AIC,agent_type
0.5964040151938677,0.0271847758908415,0.0424597320311919,2.462110676030459,5f35d65893a88f0023c8d625,-83.63842963370911,175.27685926741822,sparse_max_continuous
