attention_cost,exp_param,step_size,vm_param,pp_id,ll,AIC,agent_type
8.820699633623866,0.0336131564828234,0.0402208374521791,4.519514744153799,5f35d70093a88f0023c8d662,-73.25745453752468,154.51490907504936,sparse_max_continuous
