,exp_param,step_size,vm_param,pp_id,ll,AIC,agent_type
0,0.03117555098066693,0.20996971673537673,3.895779786304664,5f35e76793a88f0023c90491,-77.646617,161.293234,hill_climbing
