,exp_param,vm_param,pp_id,ll,AIC,agent_type
0,0.003230818313171573,1.6761079335843754,5f35d72593a88f0023c8d671,-122.673871,249.347742,lqr
