,exp_param,vm_param,pp_id,ll,AIC,agent_type
0,0.007268651537290184,2.9044023686912626,5f35d7d693a88f0023c8d6f7,-97.912544,199.825088,lqr
