,b,exp_param,n,vm_param,pp_id,ll,AIC,agent_type
0,9.504998549863938,0.010655580555652994,4.975837008113794,1.120662643853314,5f35d83993a88f0023c8d78b,-108.63637417108467,225.27274834216934,null_model_1
