,attention_cost,exp_param,vm_param,pp_id,ll,AIC,agent_type
0,111.89615675933649,0.022168123024550037,2.7221561666890857,5f35dc9193a88f0023c8e6bd,-100.515527,207.031054,sparse_lqr
