,exp_param,vm_param,pp_id,ll,AIC,agent_type
0,0.019299342491245958,1.9627319846044045,5f35dc9193a88f0023c8e6bd,-100.389889,204.779778,null_model_2
