,attention_cost,exp_param,vm_param,pp_id,ll,AIC,agent_type
0,189.9698119038204,0.001,2.4674981364846134,5f360ea493a88f0023c908e6,-118.85990225886246,241.71980451772492,sparse_lqr
