,attention_cost,exp_param,step_size,vm_param,pp_id,ll,AIC,agent_type
0,0.0,0.0024506972804784364,0.8173598719439037,2.954603774403115,5f35dba493a88f0023c8e193,-108.9452,223.8904,hill_climbing
