,attention_cost,exp_param,step_size,vm_param,pp_id,ll,AIC,agent_type
0,0.0,0.1958754048497553,0.19327159879982786,9.997278080937653,5f35da2c93a88f0023c8db97,-21.192614,48.385228,hill_climbing
