,attention_cost,exp_param,vm_param,pp_id,ll,AIC,agent_type
0,273.24184172602753,0.023249240021271354,8.211218982189646,5f35d61893a88f0023c8d60c,-53.385166,112.770332,sparse_lqr
