,exp_param,vm_param,pp_id,ll,AIC,agent_type
0,0.00853802687667955,4.1522679365492685,5f35d72f93a88f0023c8d675,-89.587802,183.175604,lqr
