,b,exp_param,n,vm_param,pp_id,ll,AIC,agent_type
0,1.173269071708018,0.003729917207771703,2.271704569316672,4.141094037764006,5f36121793a88f0023c9095f,-85.69073,179.38146,null_model_1
