,exp_param,vm_param,pp_id,ll,AIC,agent_type
0,0.001626739047871782,0.8182500543325266,5f35d61893a88f0023c8d60c,-141.242554840513,286.485109681026,lqr
