,exp_param,step_size,vm_param,pp_id,ll,AIC,agent_type
0,0.015488560414051084,0.28060158020978593,2.32404381912246,5f35d9ad93a88f0023c8da5b,-96.630221,199.260442,hill_climbing
