,attention_cost,exp_param,step_size,vm_param,pp_id,ll,AIC,agent_type
0,5.219767669969291,0.010768068857964632,0.0926474950941717,4.390721961799809,5f35dc7593a88f0023c8e5d3,-83.392481,174.784962,sparse_max_discrete
