attention_cost,exp_param,step_size,vm_param,pp_id,ll,AIC,agent_type
0.0,0.0027691117814443,0.8594987127809349,3.105224448889219,5f35dba493a88f0023c8e193,-109.26064966104906,224.5212993220981,hill_climbing
