exp_param,vm_param,pp_id,ll,AIC,agent_type
0.0249631727976039,1.5026330470884253,5f35e76793a88f0023c90491,-102.80646034080203,209.6129206816041,lqr
