,exp_param,vm_param,pp_id,ll,AIC,agent_type
0,0.005191761611282642,0.6129311976045582,5f35dfdb93a88f0023c8f6da,-132.58343531665972,269.16687063331943,lqr
