,attention_cost,exp_param,step_size,vm_param,pp_id,ll,AIC,agent_type
0,4.433606007164038,0.011419661599343559,0.06314680796420469,9.860036236349357,5f35d97e93a88f0023c8d9d4,-57.9265,123.853,sparse_max_continuous
