,attention_cost,exp_param,step_size,vm_param,pp_id,ll,AIC,agent_type
0,20.46165986397688,0.05427192647348642,0.24875191306623434,6.864941822565092,5f35d5d093a88f0023c8d5f7,-59.089737,126.179474,sparse_max_discrete
