,attention_cost,exp_param,step_size,vm_param,pp_id,ll,AIC,agent_type
0,22.255819750298937,0.011254568460907156,0.11036748209485142,2.425269556800621,5f35d62993a88f0023c8d613,-106.233756,220.467512,sparse_max_discrete
