,attention_cost,exp_param,step_size,vm_param,pp_id,ll,AIC,agent_type
0,12.593528413152313,0.0220879101001434,0.0282271836173843,6.5610090886537655,5f35d90c93a88f0023c8d8d0,-63.488678,134.977356,sparse_max_continuous
