,exp_param,step_size,vm_param,pp_id,ll,AIC,agent_type
0,0.05664271429939252,0.44079372820581625,3.560164860311865,5f35d77893a88f0023c8d690,-78.293759,162.587518,hill_climbing
