,attention_cost,exp_param,step_size,vm_param,pp_id,ll,AIC,agent_type
0,0.007327867355237938,0.050488651610082126,0.7671815861384084,0.7197415079835723,5f35e37d93a88f0023c8ffdc,-98.30681330467266,204.61362660934532,sparse_max_continuous
