,attention_cost,exp_param,vm_param,pp_id,ll,AIC,agent_type
0,25.133199233103166,0.04134513581214192,5.7819012385808985,5f362fb593a88f0023c91191,-63.798371,131.596742,sparse_lqr
