,exp_param,vm_param,pp_id,ll,AIC,agent_type
0,0.03604120290184039,9.951603397208103,5f360f1993a88f0023c908ea,-51.839486,107.678972,null_model_2
