,exp_param,step_size,vm_param,pp_id,ll,AIC,agent_type
0,0.05074622701999639,0.041843569894915,2.165578000647004,5f35d6b193a88f0023c8d648,-88.688792,183.377584,hill_climbing
