b,exp_param,n,vm_param,pp_id,ll,AIC,agent_type
4.419512946706218,0.0428356927296962,1.1975855385332572,1.5045502836766345,5f35d79293a88f0023c8d6a1,-99.85029923336891,207.70059846673783,null_model_1
