,attention_cost,exp_param,step_size,vm_param,pp_id,ll,AIC,agent_type
0,8.246084381504062,0.06595207576759186,0.6703988220277763,3.6756944064727106,5f35dfdb93a88f0023c8f6da,-70.968308,149.936616,sparse_max_discrete
