,attention_cost,exp_param,vm_param,pp_id,ll,AIC,agent_type
0,100.28292149814789,0.08990922260155558,1.8490559027840836,5f35da6493a88f0023c8dc69,-88.6081492710799,181.2162985421598,sparse_lqr
