,attention_cost,exp_param,step_size,vm_param,pp_id,ll,AIC,agent_type
0,0.0,0.010073866214847411,0.2078101035067993,2.1109096816762984,5f35d6aa93a88f0023c8d642,-109.54078185500464,225.08156371000928,hill_climbing
