,b,exp_param,n,vm_param,pp_id,ll,AIC,agent_type
0,8.858597445997784,0.01000060803043231,1.0604063329995603,1.8120648874393253,5f35d83093a88f0023c8d771,-105.38400970000001,218.76801940000001,null_model_1
