,b,exp_param,n,vm_param,pp_id,ll,AIC,agent_type
0,1.7542404240240534,0.00593140886901813,1.8813342530477324,8.813325725096966,5f35dafe93a88f0023c8de97,-55.280680000000004,118.56136000000001,null_model_1
