,b,exp_param,n,vm_param,pp_id,ll,AIC,agent_type
0,8.25362784981643,0.003115135776805396,1.9416598406787213,2.2334827196904303,5f35d72493a88f0023c8d66f,-118.00934170000001,244.01868340000001,null_model_1
