,exp_param,vm_param,pp_id,ll,AIC,agent_type
0,0.0070659350985708925,2.277498449762825,5f35e94193a88f0023c905da,-107.32066138362835,218.6413227672567,null_model_2
