attention_cost,exp_param,vm_param,pp_id,ll,AIC,agent_type
51.09479734870689,0.0283700645319943,4.660575729254004,5f35d63393a88f0023c8d617,-73.17467024519021,150.34934049038043,sparse_lqr
