,attention_cost,exp_param,step_size,vm_param,pp_id,ll,AIC,agent_type
0,7.838417459037364,0.053662980717120154,0.6157536115300505,6.187207405964243,5f35d73993a88f0023c8d677,-74.738895,157.47779,sparse_max_continuous
