exp_param,vm_param,pp_id,ll,AIC,agent_type
0.0052067009910873,1.638372310458206,5f35d78493a88f0023c8d69f,-118.91466419706748,241.82932839413496,lqr
