,attention_cost,exp_param,step_size,vm_param,pp_id,ll,AIC,agent_type
0,0.0,0.02118476323185352,0.7129202483547437,5.832452301353896,5f35d63193a88f0023c8d616,-66.52492649450815,139.0498529890163,hill_climbing
