,exp_param,vm_param,pp_id,ll,AIC,agent_type
0,0.04306516633104751,4.11128093728094,5f35d6af93a88f0023c8d646,-73.17369,150.34738,null_model_2
