,exp_param,vm_param,pp_id,ll,AIC,agent_type
0,0.038838888915292226,9.714520079240243,5f35d77893a88f0023c8d691,-52.4831,108.9662,null_model_2
