,attention_cost,exp_param,step_size,vm_param,pp_id,ll,AIC,agent_type
0,11.823475977349435,0.04549135551240906,0.08832497725048483,4.987031489574147,5f35d80393a88f0023c8d729,-52.6536,113.3072,sparse_max_discrete
