,attention_cost,exp_param,step_size,vm_param,pp_id,ll,AIC,agent_type
0,8.94858121207667,0.5671458489612885,0.7107799451437777,1.7688281663672811,5f35d73d93a88f0023c8d679,-67.71642443531414,143.43284887062828,sparse_max_discrete
