,attention_cost,exp_param,vm_param,pp_id,ll,AIC,agent_type
0,142.2226333557064,0.010029149009020747,1.7345013255485753,5f35d7a693a88f0023c8d6b2,-109.379217,224.758434,sparse_lqr
