,attention_cost,exp_param,vm_param,pp_id,ll,AIC,agent_type
0,261.97189208824875,0.07438124931675968,2.490458009527715,5f35d60393a88f0023c8d605,-82.511135,171.02227,sparse_lqr
