,attention_cost,exp_param,step_size,vm_param,pp_id,ll,AIC,agent_type
0,6.534240306832439,0.1007659172462265,0.037579681648100216,3.7952538354972254,5f35d60a93a88f0023c8d608,-71.306946,150.613892,sparse_max_continuous
