,exp_param,vm_param,pp_id,ll,AIC,agent_type
0,0.0034880998936800594,1.53170493521808,5f35df8793a88f0023c8f599,-123.830176,251.660352,lqr
