attention_cost,exp_param,step_size,vm_param,pp_id,ll,AIC,agent_type
12.829952990908923,0.1003411223526736,0.1725525180753693,3.734071317371953,5f35d88193a88f0023c8d7ff,-61.89640313585464,131.79280627170928,sparse_max_discrete
