,attention_cost,exp_param,vm_param,pp_id,ll,AIC,agent_type
0,289.9532775015549,0.030614304556586022,9.2628126694746,5f35d7d393a88f0023c8d6f4,-59.506143,125.012286,sparse_lqr
