,attention_cost,exp_param,step_size,vm_param,pp_id,ll,AIC,agent_type
0,6.827932149667592,0.14625823053706447,0.3051507365551359,8.963225568040047,5f35d82093a88f0023c8d751,-50.443051,108.886102,sparse_max_continuous
