attention_cost,exp_param,vm_param,pp_id,ll,AIC,agent_type
79.70894592192813,0.001,4.364486139433449,5f35da4f93a88f0023c8dc28,-113.8202860670852,231.6405721341704,sparse_lqr
