attention_cost,exp_param,step_size,vm_param,pp_id,ll,AIC,agent_type
26.49974641004699,0.0137986852401869,0.5104200485472192,1.7260741013074057,5f360f4693a88f0023c908ef,-111.3064995336634,230.61299906732685,sparse_max_discrete
