attention_cost,exp_param,step_size,vm_param,pp_id,ll,AIC,agent_type
24.346537448605904,0.0685075632853488,0.408040060957676,2.178627669057249,5f35e11793a88f0023c8fa8c,-80.30999471884172,168.61998943768344,sparse_max_discrete
