attention_cost,exp_param,step_size,vm_param,pp_id,ll,AIC,agent_type
0.5964040151938677,0.0271847758908415,0.0424597320311919,2.462110676030459,5f3626b693a88f0023c91063,-85.71436652981987,179.42873305963974,sparse_max_discrete
