,attention_cost,exp_param,step_size,vm_param,pp_id,ll,AIC,agent_type
0,2.8579272906837505,0.06483561059475952,0.030047545460689218,8.632746059845955,5f35db9193a88f0023c8e13f,-56.3717,120.7434,sparse_max_continuous
