,attention_cost,exp_param,step_size,vm_param,pp_id,ll,AIC,agent_type
0,0.9428517439706496,0.00400645055786095,0.03802337348996865,7.53631748997784,5f35d72493a88f0023c8d66f,-79.370795,166.74159,sparse_max_discrete
