,attention_cost,exp_param,step_size,vm_param,pp_id,ll,AIC,agent_type
0,12.051558793162833,0.027606210676069467,0.5368206200164887,0.6316162876580655,5f35d8b893a88f0023c8d833,-106.4577,220.9154,sparse_max_discrete
