,attention_cost,exp_param,step_size,vm_param,pp_id,ll,AIC,agent_type
0,15.247877757506128,0.02096729058388551,0.004170048699755735,4.1232358526064505,5f3610a993a88f0023c90912,-81.239026,170.478052,sparse_max_discrete
