,attention_cost,exp_param,vm_param,pp_id,ll,AIC,agent_type
0,246.85303814060816,0.0071456722555546925,2.21491034854995,5f35e93693a88f0023c905d9,-108.645464,223.290928,sparse_lqr
