,attention_cost,exp_param,step_size,vm_param,pp_id,ll,AIC,agent_type
0,27.106871676096556,0.06328255418521722,1.369284398567474,1.9707808548746852,5f35e00093a88f0023c8f758,-85.69779,179.39558,sparse_max_discrete
