,exp_param,step_size,vm_param,pp_id,ll,AIC,agent_type
0,0.13596394592059022,0.0,3.512967631971379,5f360ee993a88f0023c908e8,-73.069802,152.139604,hill_climbing
