,attention_cost,exp_param,step_size,vm_param,pp_id,ll,AIC,agent_type
0,23.636797515024302,0.04576086762637732,1.210181202405027,2.9782271217972847,5f35d8e393a88f0023c8d887,-73.95529,155.91058,sparse_max_discrete
