,attention_cost,exp_param,vm_param,pp_id,ll,AIC,agent_type
0,156.58817431038744,0.009043916226452172,2.183757349712044,5f35d7a693a88f0023c8d6b2,-109.003588,224.007176,sparse_lqr
