,b,exp_param,n,vm_param,pp_id,ll,AIC,agent_type
0,0.122457709394308,0.0252868757894795,2.285288532917145,5.3249607658432385,5f35d78293a88f0023c8d697,-78.6709173,165.3418346,null_model_1
