,attention_cost,exp_param,step_size,vm_param,pp_id,ll,AIC,agent_type
0,29.98438134330689,0.023792484036535694,0.005070733918937365,8.06780512363309,5f35d94f93a88f0023c8d95c,-70.745914,149.491828,sparse_max_continuous
