,attention_cost,exp_param,step_size,vm_param,pp_id,ll,AIC,agent_type
0,0.0,0.001591859928803032,0.23984638397410785,3.4061246158967684,5f360ea493a88f0023c908e6,-111.77332094880272,229.54664189760544,hill_climbing
