,attention_cost,exp_param,step_size,vm_param,pp_id,ll,AIC,agent_type
0,8.633260157590462,0.1308985435461594,0.029050436805445612,6.788355329398909,5f35d72f93a88f0023c8d675,-50.662033921862374,109.32406784372475,sparse_max_continuous
