attention_cost,exp_param,vm_param,pp_id,ll,AIC,agent_type
250.20876356597464,0.0078610814803072,1.4955646892201058,5f35d7a693a88f0023c8d6b2,-115.73670879717466,235.4734175943493,sparse_lqr
