attention_cost,exp_param,vm_param,pp_id,ll,AIC,agent_type
36.09809947029584,0.1092242082371315,1.535135924587654,5f35d80893a88f0023c8d735,-87.5404092796716,179.0808185593432,sparse_lqr
