,attention_cost,exp_param,step_size,vm_param,pp_id,ll,AIC,agent_type
0,0.0,0.014845603919173948,0.2496152374988918,1.731664511986002,5f35d6aa93a88f0023c8d642,-108.723267,223.446534,hill_climbing
