,exp_param,step_size,vm_param,pp_id,ll,AIC,agent_type
0,0.026944492708883924,0.19071928181514136,6.315747400428517,5f35d90c93a88f0023c8d8d0,-67.143088,140.286176,hill_climbing
