,exp_param,vm_param,pp_id,ll,AIC,agent_type
0,0.026950869458789686,0.9841304227927383,5f35d79293a88f0023c8d6a1,-111.960392,227.920784,lqr
