exp_param,vm_param,pp_id,ll,AIC,agent_type
0.0034900714603538,1.6259802205017293,5f35d72593a88f0023c8d671,-122.64882480731151,249.29764961462303,lqr
