b,exp_param,n,vm_param,pp_id,ll,AIC,agent_type
2.357875265995885,0.0863047489840474,4.92564186301645,6.0950192577349664,5f35d64493a88f0023c8d61e,-61.06139677563523,130.12279355127046,null_model_1
