,attention_cost,exp_param,vm_param,pp_id,ll,AIC,agent_type
0,50.580166965535255,0.06318067880417073,2.410276443375542,5f35d85593a88f0023c8d7c5,-77.553137,161.106274,sparse_lqr
