,exp_param,vm_param,pp_id,ll,AIC,agent_type
0,0.05202983269605372,0.6401708568970965,5f35d80893a88f0023c8d735,-109.19169,222.38338,lqr
