,exp_param,step_size,vm_param,pp_id,ll,AIC,agent_type
0,0.02004653328063088,0.0996050798176423,2.1661972380857004,5f35dc9193a88f0023c8e6bd,-99.850273,205.700546,hill_climbing
