,attention_cost,exp_param,step_size,vm_param,pp_id,ll,AIC,agent_type
0,16.84342198015951,0.046142725434782976,0.02228422265749791,4.893614786766779,5f35d7d693a88f0023c8d6f7,-64.32545296336627,136.65090592673255,sparse_max_continuous
