,attention_cost,exp_param,step_size,vm_param,pp_id,ll,AIC,agent_type
0,20.860683366667352,0.016111692421087443,0.40887925618679477,3.5866769963658616,5f35df8793a88f0023c8f599,-83.668399,175.336798,sparse_max_discrete
