,exp_param,vm_param,pp_id,ll,AIC,agent_type
0,0.048320027721911116,5.413785159631262,5f35d6b193a88f0023c8d648,-65.52293834064213,135.04587668128426,null_model_2
