,attention_cost,exp_param,step_size,vm_param,pp_id,ll,AIC,agent_type
0,3.7275242548228826,0.032636240719230984,0.018451711319868114,8.767432100919155,5f35d61893a88f0023c8d60c,-53.874392,115.748784,sparse_max_discrete
