attention_cost,exp_param,step_size,vm_param,pp_id,ll,AIC,agent_type
14.8313080730593,0.0662779471144964,1.3906109238481557,3.0691612060459885,5f35d74693a88f0023c8d67e,-69.23243817978378,146.46487635956757,sparse_max_discrete
