,exp_param,vm_param,pp_id,ll,AIC,agent_type
0,0.0031213407935288583,0.32641684699747264,5f35dae093a88f0023c8de20,-139.849758,283.699516,lqr
