,attention_cost,exp_param,step_size,vm_param,pp_id,ll,AIC,agent_type
0,16.56552609279752,0.05139977872546511,0.07776742692331351,3.0862991042554686,5f35e00093a88f0023c8f758,-74.130516,156.261032,sparse_max_continuous
