,exp_param,step_size,vm_param,pp_id,ll,AIC,agent_type
0,0.08798773480559709,0.13379485045532175,5.752273839962769,5f35d5d093a88f0023c8d5f7,-57.64299,121.28598,hill_climbing
