exp_param,vm_param,pp_id,ll,AIC,agent_type
0.0048369021929261,2.211248024332879,5f35d76593a88f0023c8d688,-111.4139530138262,226.8279060276524,lqr
