,exp_param,vm_param,pp_id,ll,AIC,agent_type
0,0.03189449056629544,5.451945510170154,5f35d7d393a88f0023c8d6f4,-69.5161,143.0322,null_model_2
