attention_cost,exp_param,step_size,vm_param,pp_id,ll,AIC,agent_type
0.0,0.0640905421023916,0.7888417817261196,1.658727824469396,5f35dfdb93a88f0023c8f6da,-88.47224349682882,182.94448699365765,hill_climbing
