,attention_cost,exp_param,step_size,vm_param,pp_id,ll,AIC,agent_type
0,21.012955575985806,0.02501795732826207,0.037041071550411586,3.0976246357942006,5f35df1293a88f0023c8f3db,-87.401234,182.802468,sparse_max_discrete
