,attention_cost,exp_param,vm_param,pp_id,ll,AIC,agent_type
0,142.5080417448146,0.01695042658766353,1.1663951816198237,5f35d67e93a88f0023c8d634,-107.233315,220.46663,sparse_lqr
