,attention_cost,exp_param,step_size,vm_param,pp_id,ll,AIC,agent_type
0,0.0,0.11376130088547523,0.5929631082853098,4.3732247684531576,5f35d82093a88f0023c8d751,-64.0273716714446,134.0547433428892,hill_climbing
