exp_param,vm_param,pp_id,ll,AIC,agent_type
0.062943615094288,1.055639912893409,5f35e37d93a88f0023c8ffdc,-101.86688557078328,207.73377114156656,null_model_2
