,attention_cost,exp_param,step_size,vm_param,pp_id,ll,AIC,agent_type
0,19.534404453510763,0.057646377397294,1.0530828006488124,2.1233427997393917,5f35d5ee93a88f0023c8d5fe,-87.343976,182.687952,sparse_max_continuous
