,attention_cost,exp_param,step_size,vm_param,pp_id,ll,AIC,agent_type
0,0.0,0.09300447603065484,0.6143866792453226,9.660627686365968,5f35d72f93a88f0023c8d675,-39.60152,85.20304,hill_climbing
