,attention_cost,exp_param,vm_param,pp_id,ll,AIC,agent_type
0,141.8064460502433,0.05790006766173896,1.7565644766460808,5f361f5693a88f0023c90f72,-91.664672,189.329344,sparse_lqr
