,attention_cost,exp_param,step_size,vm_param,pp_id,ll,AIC,agent_type
0,29.435437014948135,0.03500129122853159,0.11814792748843977,2.89592539452154,5f3612ca93a88f0023c909a0,-75.775185,159.55037,sparse_max_continuous
