attention_cost,exp_param,vm_param,pp_id,ll,AIC,agent_type
226.9186443062728,0.095376484241779,2.554536846234475,5f35d74293a88f0023c8d67c,-77.15743815704832,158.31487631409664,sparse_lqr
