,b,exp_param,n,vm_param,pp_id,ll,AIC,agent_type
0,1.0448610022717078,0.03726210024636338,2.076941692312436,2.6375435455197325,5f35e09e93a88f0023c8f979,-85.2666538,178.5333076,null_model_1
