,attention_cost,exp_param,step_size,vm_param,pp_id,ll,AIC,agent_type
0,0.0,0.04573344341598584,0.06354474151271655,9.931106646852218,5f35d6bc93a88f0023c8d64b,-36.369647,78.739294,hill_climbing
