,exp_param,vm_param,pp_id,ll,AIC,agent_type
0,0.0039017450690075556,2.081647033457025,5f35d65893a88f0023c8d625,-115.104756,234.209512,lqr
