,attention_cost,exp_param,step_size,vm_param,pp_id,ll,AIC,agent_type
0,1.8240982905399195,0.02765584779351732,0.46094280218683353,9.25855327600958,5f35d63193a88f0023c8d616,-58.5372746359737,125.0745492719474,sparse_max_discrete
