attention_cost,exp_param,step_size,vm_param,pp_id,ll,AIC,agent_type
20.41449205011974,0.0352041565296947,0.0013667919383191,8.478910369140266,5f35d77893a88f0023c8d691,-53.035541806040015,114.07108361208005,sparse_max_continuous
