,exp_param,vm_param,pp_id,ll,AIC,agent_type
0,0.0032079633783898102,2.0916430200534863,5f35d80393a88f0023c8d729,-115.830673,235.661346,lqr
