,attention_cost,exp_param,step_size,vm_param,pp_id,ll,AIC,agent_type
0,3.5997322340270124,0.06177166540377898,0.020545295219876747,4.60493477530172,5f35e09e93a88f0023c8f979,-70.460692,148.921384,sparse_max_continuous
