,exp_param,vm_param,pp_id,ll,AIC,agent_type
0,0.027794024954152636,2.1635520470091327,5f35dab593a88f0023c8dda2,-95.198842,194.397684,null_model_2
