,attention_cost,exp_param,vm_param,pp_id,ll,AIC,agent_type
0,239.88457852080842,0.03553664865176262,7.702387345549799,5f35d91293a88f0023c8d8e2,-60.501783,127.003566,sparse_lqr
