exp_param,vm_param,pp_id,ll,AIC,agent_type
0.009636118810041,2.3657807082291984,5f35d65d93a88f0023c8d629,-102.17731270031136,208.35462540062272,null_model_2
