,b,exp_param,n,vm_param,pp_id,ll,AIC,agent_type
0,1.0,0.001,1.0,1.2871917479837052,5f35dae093a88f0023c8de20,-130.9399746,269.8799492,null_model_1
