,attention_cost,exp_param,vm_param,pp_id,ll,AIC,agent_type
0,277.4990443748876,0.03042232529064436,2.8536976220350576,5f35d65893a88f0023c8d625,-87.505419,179.010838,sparse_lqr
