,attention_cost,exp_param,step_size,vm_param,pp_id,ll,AIC,agent_type
0,0.0,0.06697749560198099,0.0,9.203596780598621,5f35d73b93a88f0023c8d678,-57.676627,121.353254,hill_climbing
