,attention_cost,exp_param,vm_param,pp_id,ll,AIC,agent_type
0,89.58812888997227,0.019172504323022675,4.003230365828504,5f3626b693a88f0023c91063,-87.893434,179.786868,sparse_lqr
