,exp_param,vm_param,pp_id,ll,AIC,agent_type
0,0.04077125402072797,2.626386510120783,5f35d70093a88f0023c8d662,-85.2806,174.5612,null_model_2
