,attention_cost,exp_param,step_size,vm_param,pp_id,ll,AIC,agent_type
0,0.0,0.028248385899960426,0.4924655566317457,2.1319268682532897,5f35d77893a88f0023c8d690,-91.980974,189.961948,hill_climbing
