b,exp_param,n,vm_param,pp_id,ll,AIC,agent_type
1.974126558149984,0.0271847758908415,1.1132259520831784,2.462110676030459,5f362dee93a88f0023c91131,-83.95359104762989,175.90718209525977,null_model_1
