,attention_cost,exp_param,step_size,vm_param,pp_id,ll,AIC,agent_type
0,25.022363815417886,0.03381023231393885,0.07646445614425457,5.149700100918391,5f35d63393a88f0023c8d617,-73.751164,155.502328,sparse_max_continuous
