,attention_cost,exp_param,vm_param,pp_id,ll,AIC,agent_type
0,63.229350740611615,0.04243360449692238,3.218287999702445,5f360f1993a88f0023c908ea,-71.4885140852119,146.9770281704238,sparse_lqr
