exp_param,vm_param,pp_id,ll,AIC,agent_type
0.0050867688953245,0.5945531690132433,5f35dfdb93a88f0023c8f6da,-132.58801535452187,269.17603070904374,lqr
