,exp_param,vm_param,pp_id,ll,AIC,agent_type
0,0.002902373501756077,8.370736646228105,5f35da4f93a88f0023c8dc28,-83.094808,170.189616,null_model_2
