,exp_param,vm_param,pp_id,ll,AIC,agent_type
0,0.0038491034883153985,1.2447213866498241,5f35d62693a88f0023c8d611,-126.542306,257.084612,lqr
