,exp_param,vm_param,pp_id,ll,AIC,agent_type
0,0.003927010158795463,0.5765009957314393,5f35d81193a88f0023c8d742,-136.05284004314916,276.1056800862983,lqr
