,attention_cost,exp_param,step_size,vm_param,pp_id,ll,AIC,agent_type
0,23.42922052151425,0.008127890442011204,0.2526453968434492,1.7087204244752752,5f360f4693a88f0023c908ef,-106.221108,220.442216,sparse_max_continuous
