,attention_cost,exp_param,step_size,vm_param,pp_id,ll,AIC,agent_type
0,22.292212699272554,0.02962727919646477,0.12711380342585915,9.754270402904114,5f35dafe93a88f0023c8de97,-38.451549229827364,84.90309845965473,sparse_max_discrete
