attention_cost,exp_param,step_size,vm_param,pp_id,ll,AIC,agent_type
27.123089577414145,0.2345349239115018,0.2650183396085121,3.910991231067624,5f360f1993a88f0023c908ea,-65.81416070833868,139.62832141667735,sparse_max_discrete
