,attention_cost,exp_param,step_size,vm_param,pp_id,ll,AIC,agent_type
0,0.0,0.10735875544001543,0.6416983116456774,8.229129898705995,5f35d64493a88f0023c8d61e,-48.81895171553668,103.63790343107335,hill_climbing
