,exp_param,vm_param,pp_id,ll,AIC,agent_type
0,0.005128554808758362,0.6219823055157292,5f35dfdb93a88f0023c8f6da,-132.58290551224678,269.16581102449356,lqr
