,attention_cost,exp_param,vm_param,pp_id,ll,AIC,agent_type
0,131.71590472219987,0.04492442192457786,2.22681717673072,5f35d70093a88f0023c8d662,-83.64745996295022,171.29491992590044,sparse_lqr
