,attention_cost,exp_param,step_size,vm_param,pp_id,ll,AIC,agent_type
0,9.5705378556199,0.09105007848626029,0.018818261503048828,1.9285059194640863,5f35da6493a88f0023c8dc69,-91.34170058802562,190.68340117605123,sparse_max_continuous
