,exp_param,vm_param,pp_id,ll,AIC,agent_type
0,0.03151851309874046,2.307781779834661,5f35d60a93a88f0023c8d608,-91.287533,186.575066,lqr
