,attention_cost,exp_param,vm_param,pp_id,ll,AIC,agent_type
0,53.74937342073813,0.0703052608785549,9.408148822236434,5f35d79293a88f0023c8d6a1,-41.831477,89.662954,sparse_lqr
