,attention_cost,exp_param,vm_param,pp_id,ll,AIC,agent_type
0,49.675739354857626,0.043409739388028286,9.937344987522458,5f35d76793a88f0023c8d689,-47.21012721125199,98.42025442250397,sparse_lqr
