,b,exp_param,n,vm_param,pp_id,ll,AIC,agent_type
0,15.86457090004983,0.006323860069315822,2.135927542542315,1.0739055332850767,5f35d7a693a88f0023c8d6b2,-124.25756630000001,256.5151326,null_model_1
