attention_cost,exp_param,step_size,vm_param,pp_id,ll,AIC,agent_type
17.38144834232498,0.0439907360318858,0.0254179265386192,5.285347673071089,5f35d6b193a88f0023c8d648,-65.5754765110016,139.1509530220032,sparse_max_discrete
