,attention_cost,exp_param,step_size,vm_param,pp_id,ll,AIC,agent_type
0,0.0,0.03050054901377489,0.46374789882402717,5.496944111484694,5f35dc9193a88f0023c8e6bd,-79.471554,164.943108,hill_climbing
