b,exp_param,n,vm_param,pp_id,ll,AIC,agent_type
1.713867856403255,0.2159943770078331,1.469507681252519,7.674235177414532,5f360ff993a88f0023c90904,-52.03932586996806,112.07865173993612,null_model_1
