,attention_cost,exp_param,step_size,vm_param,pp_id,ll,AIC,agent_type
0,0.0,0.018828868858948588,0.11979264300082126,2.782129889949384,5f35d72b93a88f0023c8d674,-90.220331,186.440662,hill_climbing
