,exp_param,step_size,vm_param,pp_id,ll,AIC,agent_type
0,0.00948798966572294,0.684454909408379,1.7304183985904908,5f35e93693a88f0023c905d9,-110.870636,227.741272,hill_climbing
