,b,exp_param,n,vm_param,pp_id,ll,AIC,agent_type
0,3.0155116403944637,0.02303788773786121,1.980353129060756,3.2384327087665152,5f35d64293a88f0023c8d61c,-85.28857639999998,178.57715279999996,null_model_1
