exp_param,vm_param,pp_id,ll,AIC,agent_type
0.0029286665659229,1.247363019249712,5f35d79b93a88f0023c8d6aa,-130.0501538128101,264.1003076256202,lqr
