,exp_param,vm_param,pp_id,ll,AIC,agent_type
0,0.003166687841513551,2.379042098636951,5f35d6bc93a88f0023c8d64b,-114.104024,232.208048,lqr
