,exp_param,vm_param,pp_id,ll,AIC,agent_type
0,0.03099124273816315,2.6711079055065365,5f35d60a93a88f0023c8d608,-87.422645,178.84529,lqr
