,exp_param,step_size,vm_param,pp_id,ll,AIC,agent_type
0,0.029049392896102547,0.1373225408487832,2.6334350681486516,5f35d62693a88f0023c8d611,-89.984114,185.968228,hill_climbing
