,exp_param,vm_param,pp_id,ll,AIC,agent_type
0,0.01884465752782039,4.177578809463139,5f35dc9193a88f0023c8e6bd,-80.64155244860223,165.28310489720445,null_model_2
