,exp_param,vm_param,pp_id,ll,AIC,agent_type
0,0.030954873270945402,1.3516643250450289,5f35d60a93a88f0023c8d608,-103.997156,211.994312,lqr
