,exp_param,step_size,vm_param,pp_id,ll,AIC,agent_type
0,0.4008052574321525,0.028682254049735234,9.905627550944745,5f360ff993a88f0023c90904,-14.076028,34.152056,hill_climbing
