attention_cost,exp_param,step_size,vm_param,pp_id,ll,AIC,agent_type
0.0,0.0320659783800923,0.8567636087793502,1.804685089951156,5f35d9ad93a88f0023c8da5b,-89.75440729740754,185.50881459481508,hill_climbing
