,exp_param,vm_param,pp_id,ll,AIC,agent_type
0,0.10456201333586113,3.6888795976545508,5f35d73d93a88f0023c8d679,-66.527915,137.05583,null_model_2
