attention_cost,exp_param,step_size,vm_param,pp_id,ll,AIC,agent_type
12.18307352708684,0.0069795849952339,0.0501164652856833,0.9468990910740482,5f35d62993a88f0023c8d613,-119.71489333328353,247.42978666656705,sparse_max_continuous
