,attention_cost,exp_param,vm_param,pp_id,ll,AIC,agent_type
0,92.5050504819315,0.09351309868767987,5.057632479257284,5f35d64493a88f0023c8d61e,-60.429797,126.859594,sparse_lqr
