,attention_cost,exp_param,vm_param,pp_id,ll,AIC,agent_type
0,179.81151412742048,0.04298830870319905,3.4455053185883813,5f35d70093a88f0023c8d662,-74.531854,155.063708,sparse_lqr
