,b,exp_param,n,vm_param,pp_id,ll,AIC,agent_type
0,8.027729384842,0.079308512955093,1.0733305716520292,0.6672499763935646,5f35e11793a88f0023c8fa8c,-115.97579951923925,239.9515990384785,null_model_1
