,exp_param,vm_param,pp_id,ll,AIC,agent_type
0,0.0064155284278997185,2.7887765063247527,5f35d6ae93a88f0023c8d644,-99.859797,203.719594,lqr
