,b,exp_param,n,vm_param,pp_id,ll,AIC,agent_type
0,1.9459524189811708,0.010783791849824951,1.7269754050136301,6.9681955008880845,5f35e0a193a88f0023c8f986,-76.50757429639685,161.0151485927937,null_model_1
