,exp_param,vm_param,pp_id,ll,AIC,agent_type
0,0.028133987317088622,1.8720351076716957,5f35dab593a88f0023c8dda2,-98.298684,200.597368,null_model_2
