,attention_cost,exp_param,step_size,vm_param,pp_id,ll,AIC,agent_type
0,7.898719355323568,0.1421933281732306,0.42929502196709396,1.7502428289043637,5f35d71c93a88f0023c8d66e,-85.106984,178.213968,sparse_max_discrete
