,exp_param,vm_param,pp_id,ll,AIC,agent_type
0,0.27130362971965166,5.229904700571877,5f360ff993a88f0023c90904,-49.005892,102.011784,null_model_2
