,exp_param,vm_param,pp_id,ll,AIC,agent_type
0,0.010166446766473852,2.960383171532767,5f35db9193a88f0023c8e13f,-95.983901,195.967802,lqr
