,attention_cost,exp_param,step_size,vm_param,pp_id,ll,AIC,agent_type
0,0.0,0.001,0.7223174289182147,2.384425746269607,5f360ea493a88f0023c908e6,-118.049455,244.09891,sparse_max_continuous
