,attention_cost,exp_param,vm_param,pp_id,ll,AIC,agent_type
0,22.20725538096291,0.011582308243920217,4.371370479011032,5f35d97e93a88f0023c8d9d4,-58.174057017499415,120.34811403499883,sparse_lqr
