,attention_cost,exp_param,step_size,vm_param,pp_id,ll,AIC,agent_type
0,8.426780909860561,0.019972841816309973,0.3439009869052536,3.4828280327469385,5f36121793a88f0023c9095f,-71.788944,151.577888,sparse_max_discrete
