attention_cost,exp_param,step_size,vm_param,pp_id,ll,AIC,agent_type
0.0,0.183742138589849,0.0785948138454508,9.62152653745207,5f360ff993a88f0023c90904,-36.34834535185343,78.69669070370685,hill_climbing
