,attention_cost,exp_param,step_size,vm_param,pp_id,ll,AIC,agent_type
0,0.0,0.03210040417149397,0.803163163840277,1.1297948214240872,5f35d8b893a88f0023c8d833,-102.7103,211.4206,hill_climbing
