,attention_cost,exp_param,step_size,vm_param,pp_id,ll,AIC,agent_type
0,0.0,0.011893970481326257,0.5771828989860451,4.88547300368872,5f35d68993a88f0023c8d637,-80.67942891433397,167.35885782866794,hill_climbing
