,attention_cost,exp_param,step_size,vm_param,pp_id,ll,AIC,agent_type
0,13.443867507031959,0.02488757932143883,0.5789046022275999,3.5229887298839624,5f36121793a88f0023c9095f,-72.916597,153.833194,sparse_max_discrete
