,exp_param,vm_param,pp_id,ll,AIC,agent_type
0,0.007490999486960473,1.4819405833018584,5f35d83993a88f0023c8d78b,-116.908012,237.816024,lqr
