,exp_param,vm_param,pp_id,ll,AIC,agent_type
0,0.003057021448433569,1.5275444422184892,5f360f1993a88f0023c908ea,-126.604298,257.208596,lqr
