,attention_cost,exp_param,step_size,vm_param,pp_id,ll,AIC,agent_type
0,7.6086819537584995,0.001,0.32768591166276323,3.2783108519659074,5f360ea493a88f0023c908e6,-118.510112,245.020224,sparse_max_continuous
