,attention_cost,exp_param,step_size,vm_param,pp_id,ll,AIC,agent_type
0,0.0,0.04705986026843724,0.23146166964059564,6.348321599854109,5f35d70093a88f0023c8d662,-72.18420664986255,150.3684132997251,hill_climbing
