,exp_param,vm_param,pp_id,ll,AIC,agent_type
0,0.04032763421737412,0.9498140763031282,5f360ee993a88f0023c908e8,-107.832623,219.665246,lqr
