,attention_cost,exp_param,vm_param,pp_id,ll,AIC,agent_type
0,18.466601221576163,0.01672939728507308,1.6888752603453183,5f35e76793a88f0023c90491,-94.869859,193.739718,sparse_lqr
