,b,exp_param,n,vm_param,pp_id,ll,AIC,agent_type
0,1.6897650179003008,0.5041639966379668,1.0,0.6243044345607754,5f35da6493a88f0023c8dc69,-97.14326159999999,202.28652319999998,null_model_1
