,exp_param,vm_param,pp_id,ll,AIC,agent_type
0,0.03146579318428207,2.4768330970696564,5f35d65893a88f0023c8d625,-87.8987,179.7974,null_model_2
