,attention_cost,exp_param,vm_param,pp_id,ll,AIC,agent_type
0,14.310231180431622,0.06890093030124059,2.1485346881910816,5f360eea93a88f0023c908e9,-81.550072,167.100144,sparse_lqr
