,attention_cost,exp_param,step_size,vm_param,pp_id,ll,AIC,agent_type
0,0.0,0.0797058669633587,0.8377547605352014,3.0388480307557235,5f35d74693a88f0023c8d67e,-77.956912,161.913824,hill_climbing
