,attention_cost,exp_param,step_size,vm_param,pp_id,ll,AIC,agent_type
0,0.04117127759172834,0.05880003854042127,0.2809262513519909,5.430566948089417,5f35d64493a88f0023c8d61e,-59.211526,126.423052,sparse_max_continuous
