,exp_param,vm_param,pp_id,ll,AIC,agent_type
0,0.03275056320847434,2.925825004566577,5f3612ca93a88f0023c909a0,-83.514462,171.028924,null_model_2
