,b,exp_param,n,vm_param,pp_id,ll,AIC,agent_type
0,2.826800722903533,0.014300573282416781,2.0125360275580415,1.1268613412551565,5f35d67e93a88f0023c8d634,-110.61958580000001,229.23917160000002,null_model_1
