,exp_param,vm_param,pp_id,ll,AIC,agent_type
0,0.05357915870389953,0.5896995482914758,5f35d60393a88f0023c8d605,-109.508949,223.017898,lqr
