,attention_cost,exp_param,vm_param,pp_id,ll,AIC,agent_type
0,113.03021752116962,0.017203331391065658,8.843346589838326,5f35d65393a88f0023c8d623,-61.527,127.054,sparse_lqr
