,exp_param,vm_param,pp_id,ll,AIC,agent_type
0,0.09611064189726605,3.444155105276577,5f35d80893a88f0023c8d735,-69.53972191940878,143.07944383881755,null_model_2
