,b,exp_param,n,vm_param,pp_id,ll,AIC,agent_type
0,1.4779401217318098,0.006082471285476562,2.06683149097466,8.658069687118303,5f35dafe93a88f0023c8de97,-59.00797859999999,126.01595719999997,null_model_1
