,attention_cost,exp_param,step_size,vm_param,pp_id,ll,AIC,agent_type
0,15.63545882037419,0.07972429714751052,0.00874250805867538,4.081403485910623,5f35d60a93a88f0023c8d608,-72.61039349133509,153.22078698267018,sparse_max_continuous
