,exp_param,vm_param,pp_id,ll,AIC,agent_type
0,0.03403754645752719,7.492225954068809,5f35d93793a88f0023c8d930,-61.584317,127.168634,null_model_2
