,attention_cost,exp_param,vm_param,pp_id,ll,AIC,agent_type
0,27.437377994326795,0.01833403255239751,4.135133041136861,5f35d83993a88f0023c8d78b,-85.755773,177.511546,sparse_lqr
