,exp_param,vm_param,pp_id,ll,AIC,agent_type
0,0.022243342167751493,1.1399775575551196,5f35d5ee93a88f0023c8d5fe,-111.300505,226.60101,lqr
