attention_cost,exp_param,step_size,vm_param,pp_id,ll,AIC,agent_type
0.0,0.0135811010368437,0.4291964708428153,4.9832238138930265,5f35dc7593a88f0023c8e5d3,-79.44487820899192,164.88975641798385,hill_climbing
