,attention_cost,exp_param,vm_param,pp_id,ll,AIC,agent_type
0,88.19442277420542,0.001,5.12015605725584,5f35da4f93a88f0023c8dc28,-114.31271314634722,232.62542629269444,sparse_lqr
