b,exp_param,n,vm_param,pp_id,ll,AIC,agent_type
5.1920668997657815,0.0181295440967578,4.987018968905226,3.7528413613760447,5f35d88193a88f0023c8d7ff,-81.02870744060446,170.05741488120893,null_model_1
