,attention_cost,exp_param,vm_param,pp_id,ll,AIC,agent_type
0,293.8774088073327,0.010436572168265514,1.4175143078804853,5f35d6aa93a88f0023c8d642,-110.28703217179492,224.57406434358984,sparse_lqr
