,attention_cost,exp_param,vm_param,pp_id,ll,AIC,agent_type
0,101.86357670257298,0.04547172236390758,2.5546660804530608,5f35d85593a88f0023c8d7c5,-86.545353,179.090706,sparse_lqr
