,attention_cost,exp_param,step_size,vm_param,pp_id,ll,AIC,agent_type
0,0.0293262733603461,0.02973236464164866,0.44732197340231855,1.9114407320446725,5f35d71a93a88f0023c8d66c,-94.011559,196.023118,sparse_max_continuous
