,attention_cost,exp_param,step_size,vm_param,pp_id,ll,AIC,agent_type
0,16.603011187447972,0.08571701983869254,0.3036945535118034,8.542379729163827,5f35d82093a88f0023c8d751,-59.32424744009269,126.64849488018538,sparse_max_discrete
