,attention_cost,exp_param,step_size,vm_param,pp_id,ll,AIC,agent_type
0,0.0,0.05992070291177899,0.03059946931398183,6.354294866042419,5f35d6b193a88f0023c8d648,-65.505105,137.01021,hill_climbing
