,b,exp_param,n,vm_param,pp_id,ll,AIC,agent_type
0,1.1028217481423366,0.023234160222479143,1.7702664398421484,6.894664961898426,5f35df8293a88f0023c8f57b,-63.26470018055122,134.52940036110243,null_model_1
