attention_cost,exp_param,step_size,vm_param,pp_id,ll,AIC,agent_type
7.888315337098027,0.0313953786679284,0.0785665775771976,6.049408141477844,5f35d80393a88f0023c8d729,-52.96526438650737,113.93052877301474,sparse_max_discrete
