,attention_cost,exp_param,vm_param,pp_id,ll,AIC,agent_type
0,293.8214338405539,0.016180058300826958,9.940634231862642,5f35d72593a88f0023c8d671,-55.433563,116.867126,sparse_lqr
