,attention_cost,exp_param,vm_param,pp_id,ll,AIC,agent_type
0,16.233198070071275,0.033011695503915243,5.113166104760677,5f36107b93a88f0023c9090e,-71.0379,146.0758,sparse_lqr
