,attention_cost,exp_param,step_size,vm_param,pp_id,ll,AIC,agent_type
0,25.725676715000333,0.03922716228180806,0.02184705268749637,8.329842733968015,5f35d63393a88f0023c8d617,-72.29813879356948,152.59627758713896,sparse_max_continuous
