attention_cost,exp_param,vm_param,pp_id,ll,AIC,agent_type
56.49734786798034,0.0955009850197826,6.815407287821941,5f35d97e93a88f0023c8d9d4,-59.044685655168976,122.08937131033797,sparse_lqr
