,exp_param,vm_param,pp_id,ll,AIC,agent_type
0,0.0027484961180402794,2.1390842686303255,5f35d5d093a88f0023c8d5f7,-116.751922,237.503844,lqr
