,attention_cost,exp_param,step_size,vm_param,pp_id,ll,AIC,agent_type
0,21.79526428555393,0.025758014216941516,0.2521328803558894,3.4446603732768324,5f35d7da93a88f0023c8d703,-83.28147517134377,174.56295034268754,sparse_max_discrete
