,attention_cost,exp_param,step_size,vm_param,pp_id,ll,AIC,agent_type
0,10.330175863501616,0.15222419442280619,0.9530564422326802,8.477880437147416,5f35d6f793a88f0023c8d65f,-48.975603,105.951206,sparse_max_discrete
