,exp_param,step_size,vm_param,pp_id,ll,AIC,agent_type
0,0.05872563663486584,0.22695086264697836,5.2803692507377695,5f35df8293a88f0023c8f57b,-63.970889,133.941778,hill_climbing
