,attention_cost,exp_param,vm_param,pp_id,ll,AIC,agent_type
0,96.30247732020503,0.02457480902365945,5.1909999041759445,5f35d65393a88f0023c8d623,-69.334675,144.66935,sparse_lqr
