,attention_cost,exp_param,step_size,vm_param,pp_id,ll,AIC,agent_type
0,0.0,0.04695761167106411,0.0501109466156295,7.882869277473658,5f35d6bc93a88f0023c8d64b,-57.628791,121.257582,hill_climbing
