,exp_param,vm_param,pp_id,ll,AIC,agent_type
0,0.01553742238561227,0.7306303727995378,5f35d6aa93a88f0023c8d642,-119.5316218113654,243.0632436227308,lqr
