,attention_cost,exp_param,step_size,vm_param,pp_id,ll,AIC,agent_type
0,10.505475369544667,0.006246943255742182,0.07858545307479409,6.599841173049661,5f35da4f93a88f0023c8dc28,-75.463157,158.926314,sparse_max_continuous
