attention_cost,exp_param,step_size,vm_param,pp_id,ll,AIC,agent_type
0.0,0.0293152465087384,0.727089755829952,3.695511988788817,5f36121793a88f0023c9095f,-71.96068036104644,149.92136072209288,hill_climbing
