,attention_cost,exp_param,step_size,vm_param,pp_id,ll,AIC,agent_type
0,0.0,0.04643666352462378,0.417492196270353,6.399745691089123,5f35d91293a88f0023c8d8e2,-57.505334,121.010668,hill_climbing
