,exp_param,vm_param,pp_id,ll,AIC,agent_type
0,0.04070907775528886,1.0111830519493514,5f360ee993a88f0023c908e8,-106.914561,217.829122,lqr
