,attention_cost,exp_param,vm_param,pp_id,ll,AIC,agent_type
0,241.0199968012776,0.029042614861922916,6.31254768071472,5f35d65393a88f0023c8d623,-66.776274,139.552548,sparse_lqr
