,exp_param,step_size,vm_param,pp_id,ll,AIC,agent_type
0,0.08949066778610588,0.4480464651592007,8.861335550089482,5f35d6f793a88f0023c8d65f,-49.047099,104.094198,hill_climbing
