,b,exp_param,n,vm_param,pp_id,ll,AIC,agent_type
0,0.0,0.03,1.0,2.0,5f35d85593a88f0023c8d7c5,-85.52280500000002,179.04561000000004,null_model_1
