,exp_param,vm_param,pp_id,ll,AIC,agent_type
0,0.0049093389072364674,2.1387043904906653,5f35d84893a88f0023c8d7af,-112.265307,228.530614,lqr
