exp_param,vm_param,pp_id,ll,AIC,agent_type
0.0277552874285684,1.65185112762104,5f35d84893a88f0023c8d7af,-100.14023663950854,204.2804732790171,null_model_2
