,exp_param,vm_param,pp_id,ll,AIC,agent_type
0,0.026854788959079123,4.895036777238832,5f35d63393a88f0023c8d617,-73.7012,151.4024,null_model_2
