,attention_cost,exp_param,step_size,vm_param,pp_id,ll,AIC,agent_type
0,0.0,0.0664862661451267,0.0,2.0322021328147635,5f361ea793a88f0023c90f71,-86.083666584117,178.167333168234,hill_climbing
