,b,exp_param,n,vm_param,pp_id,ll,AIC,agent_type
0,25.301328211662337,0.008374845758387074,1.1161095112067043,2.358247856195267,5f35d6aa93a88f0023c8d642,-108.20203687148482,224.40407374296964,null_model_1
