,attention_cost,exp_param,step_size,vm_param,pp_id,ll,AIC,agent_type
0,0.0,0.36424035909651087,0.4923060218830268,4.0671458706539045,5f35d74293a88f0023c8d67c,-52.323606,110.647212,hill_climbing
