,exp_param,vm_param,pp_id,ll,AIC,agent_type
0,0.015802196313942765,1.8245883038258437,5f35dab593a88f0023c8dda2,-104.801985,213.60397,lqr
