,exp_param,step_size,vm_param,pp_id,ll,AIC,agent_type
0,0.011800887793820752,0.08700111894341567,5.9638931046708565,5f35db0c93a88f0023c8deda,-79.09668,164.19336,hill_climbing
