attention_cost,exp_param,step_size,vm_param,pp_id,ll,AIC,agent_type
1.5164851898000764,0.0729330194897572,0.784798678199977,2.0650188711887374,5f35d77893a88f0023c8d690,-97.65982413669362,203.31964827338723,sparse_max_discrete
