,exp_param,vm_param,pp_id,ll,AIC,agent_type
0,0.01406161903284853,3.129104279520912,5f35dc7593a88f0023c8e5d3,-91.551134,187.102268,null_model_2
