,b,exp_param,n,vm_param,pp_id,ll,AIC,agent_type
0,8.692782772095423,0.02797364448343126,1.0186311087198843,5.6795215436565885,5f35d91293a88f0023c8d8e2,-74.42264754835975,156.8452950967195,null_model_1
