,exp_param,vm_param,pp_id,ll,AIC,agent_type
0,0.019269270126025004,3.9983087395212458,5f36121793a88f0023c9095f,-74.006355,152.01271,null_model_2
