exp_param,vm_param,pp_id,ll,AIC,agent_type
0.0154005010062449,2.7958749603801847,5f35d68993a88f0023c8d637,-93.4628104502214,190.9256209004428,null_model_2
