,attention_cost,exp_param,step_size,vm_param,pp_id,ll,AIC,agent_type
0,0.0,0.11591056431168287,0.5274587099555067,0.9938577298405754,5f35e37d93a88f0023c8ffdc,-100.27975596741534,206.55951193483068,hill_climbing
