b,exp_param,n,vm_param,pp_id,ll,AIC,agent_type
2.2715456753523062,0.001,5.0,2.783614551304132,5f360ea493a88f0023c908e6,-117.35794934563478,242.7158986912696,null_model_1
