,attention_cost,exp_param,step_size,vm_param,pp_id,ll,AIC,agent_type
0,21.074694625851457,0.007356324058986084,0.012640083774674737,1.4750788327914732,5f35d62993a88f0023c8d613,-108.092572,224.185144,sparse_max_continuous
