,attention_cost,exp_param,vm_param,pp_id,ll,AIC,agent_type
0,92.33268869620863,0.037329294675470324,1.5422005216086154,5f35d77893a88f0023c8d690,-94.887415,195.77483,sparse_lqr
