,exp_param,vm_param,pp_id,ll,AIC,agent_type
0,0.0015567083058249517,1.4207161719040462,5f35d65d93a88f0023c8d629,-133.46995362483477,270.93990724966955,lqr
