,attention_cost,exp_param,vm_param,pp_id,ll,AIC,agent_type
0,57.485759601433514,0.03923859323041488,1.9204999427557012,5f35dab593a88f0023c8dda2,-90.196143,186.392286,sparse_lqr
