,b,exp_param,n,vm_param,pp_id,ll,AIC,agent_type
0,6.883137047280158,0.01187784506967551,4.033113041907985,3.199528380776784,5f35d7f093a88f0023c8d716,-89.37255880000001,186.74511760000001,null_model_1
