,attention_cost,exp_param,step_size,vm_param,pp_id,ll,AIC,agent_type
0,27.218532590391025,0.03348497830144526,0.015506718306488587,9.940976344994796,5f35d61893a88f0023c8d60c,-54.789759,117.579518,sparse_max_discrete
