,attention_cost,exp_param,step_size,vm_param,pp_id,ll,AIC,agent_type
0,8.633260157590462,0.1308985435461594,0.029050436805445612,6.788355329398909,5f35d79293a88f0023c8d6a1,-64.616188,137.232376,sparse_max_continuous
