,exp_param,vm_param,pp_id,ll,AIC,agent_type
0,0.03894918814667525,2.8386618010945974,5f35d85593a88f0023c8d7c5,-83.749059,171.498118,null_model_2
