,attention_cost,exp_param,step_size,vm_param,pp_id,ll,AIC,agent_type
0,0.0,0.03378470609872512,0.1538510064226316,3.331751781916834,5f35e0a193a88f0023c8f986,-78.68368571467536,163.36737142935073,hill_climbing
