,attention_cost,exp_param,vm_param,pp_id,ll,AIC,agent_type
0,111.49184404416368,0.014229249781597994,2.3076259915987505,5f35d86c93a88f0023c8d7e9,-97.326941,200.653882,sparse_lqr
