,attention_cost,exp_param,vm_param,pp_id,ll,AIC,agent_type
0,260.69467366016534,0.0038902345538505165,3.927112382651651,5f35d72493a88f0023c8d66f,-101.227336,206.454672,sparse_lqr
