,exp_param,vm_param,pp_id,ll,AIC,agent_type
0,0.008915725303700973,1.570507343749119,5f360f4693a88f0023c908ef,-113.9371122674999,231.8742245349998,null_model_2
