,attention_cost,exp_param,step_size,vm_param,pp_id,ll,AIC,agent_type
0,0.0,0.08852415658942528,0.11175436417176365,3.4822732898495037,5f35d60a93a88f0023c8d608,-71.16007571577398,148.32015143154797,hill_climbing
