,exp_param,vm_param,pp_id,ll,AIC,agent_type
0,0.03525014475917924,3.9186025035020644,5f35d88193a88f0023c8d7ff,-76.871432,157.742864,lqr
