attention_cost,exp_param,step_size,vm_param,pp_id,ll,AIC,agent_type
2.8691389888286367,0.0231328560904276,0.155978611778101,8.560633412187705,5f35dafe93a88f0023c8de97,-41.23652982410909,90.47305964821818,sparse_max_continuous
