,attention_cost,exp_param,step_size,vm_param,pp_id,ll,AIC,agent_type
0,1.0838513775725889,0.07865488260877533,0.7825875279524417,0.9984116325115255,5f35e37d93a88f0023c8ffdc,-94.2913,196.5826,sparse_max_discrete
