b,exp_param,n,vm_param,pp_id,ll,AIC,agent_type
7.745474306334555,0.0118778450696755,4.033113041907985,3.199528380776784,5f35d65d93a88f0023c8d629,-102.13458525184006,212.26917050368013,null_model_1
