,attention_cost,exp_param,step_size,vm_param,pp_id,ll,AIC,agent_type
0,0.0,0.13382148988894807,0.44404013482647803,2.082855966589224,5f35dcae93a88f0023c8e7a3,-90.017,188.034,sparse_max_continuous
