,attention_cost,exp_param,step_size,vm_param,pp_id,ll,AIC,agent_type
0,21.798227743763285,0.031751683033972807,0.2749713622394847,3.8148949420295644,5f35e0a193a88f0023c8f986,-76.879996,161.759992,sparse_max_discrete
