,attention_cost,exp_param,step_size,vm_param,pp_id,ll,AIC,agent_type
0,0.0,0.02228965426685478,0.14118767106553942,2.4297417237454635,5f35d62693a88f0023c8d611,-90.041691,186.083382,hill_climbing
