,exp_param,vm_param,pp_id,ll,AIC,agent_type
0,0.02691023828179116,6.13145755771427,5f35d90c93a88f0023c8d8d0,-68.665342,141.330684,null_model_2
