,attention_cost,exp_param,step_size,vm_param,pp_id,ll,AIC,agent_type
0,13.558905651004375,0.001,0.47170455330752076,3.584067724805149,5f360ea493a88f0023c908e6,-116.112772,240.225544,sparse_max_continuous
