,attention_cost,exp_param,vm_param,pp_id,ll,AIC,agent_type
0,285.5327079101555,0.05186147113337032,2.3507186409101455,5f35d79b93a88f0023c8d6aa,-86.648556,179.297112,sparse_lqr
