,b,exp_param,n,vm_param,pp_id,ll,AIC,agent_type
0,0.8706163628164232,0.010271333944150834,3.287523642734301,3.799395303584099,5f35d81193a88f0023c8d742,-85.9653846,179.9307692,null_model_1
