,b,exp_param,n,vm_param,pp_id,ll,AIC,agent_type
0,8.071454611223356,0.015078201898250512,3.863782797849578,5.644983202408741,5f35d65893a88f0023c8d625,-84.14262912228747,176.28525824457495,null_model_1
