,attention_cost,exp_param,vm_param,pp_id,ll,AIC,agent_type
0,123.51605415215712,0.0244380278816106,3.839685900905322,5f3610a993a88f0023c90912,-81.012686,168.025372,sparse_lqr
