exp_param,vm_param,pp_id,ll,AIC,agent_type
0.0854557906903371,1.7671382034895389,5f360ee993a88f0023c908e8,-88.4451310774208,180.8902621548416,null_model_2
