,exp_param,vm_param,pp_id,ll,AIC,agent_type
0,0.038071358392991514,0.09350299301959852,5f35da6493a88f0023c8dc69,-116.13594517407728,236.27189034815456,lqr
