,attention_cost,exp_param,vm_param,pp_id,ll,AIC,agent_type
0,135.751227147831,0.04629597981578055,1.8754948058920518,5f35d74693a88f0023c8d67e,-90.783041,187.566082,sparse_lqr
