,attention_cost,exp_param,step_size,vm_param,pp_id,ll,AIC,agent_type
0,0.02825354226267507,0.057510198635962156,0.3470100388819786,1.9839312713926494,5f35dcae93a88f0023c8e7a3,-90.206991,188.413982,sparse_max_continuous
