,b,exp_param,n,vm_param,pp_id,ll,AIC,agent_type
0,4.45656019244126,0.07439318770576321,1.0589751635997877,9.71820072977926,5f35d6bc93a88f0023c8d64b,-36.45358548723387,80.90717097446775,null_model_1
