,attention_cost,exp_param,step_size,vm_param,pp_id,ll,AIC,agent_type
0,10.435422703166832,0.03447253029391793,0.4605395271506195,3.6852780407846195,5f35e0a193a88f0023c8f986,-77.79355175763143,163.58710351526287,sparse_max_discrete
