,b,exp_param,n,vm_param,pp_id,ll,AIC,agent_type
0,1.3329996657927339,0.00973526451858022,2.591393916955655,4.10173885769316,5f35d72b93a88f0023c8d674,-90.96332233104825,189.9266446620965,null_model_1
