,attention_cost,exp_param,vm_param,pp_id,ll,AIC,agent_type
0,63.229350740611615,0.04243360449692238,3.218287999702445,5f3612ca93a88f0023c909a0,-81.6421,167.2842,sparse_lqr
