,b,exp_param,n,vm_param,pp_id,ll,AIC,agent_type
0,9.41396895625027,0.007230987015915558,1.001865504518602,1.6637030150002718,5f35d86c93a88f0023c8d7e9,-105.33733898072202,218.67467796144405,null_model_1
