,exp_param,vm_param,pp_id,ll,AIC,agent_type
0,0.0031197174373893163,1.6507712822107434,5f35d63193a88f0023c8d616,-124.07471,252.14942,lqr
