,b,exp_param,n,vm_param,pp_id,ll,AIC,agent_type
0,10.077585547622892,0.0010000005375119826,2.5208295724434855,2.5905542999755355,5f35e70693a88f0023c90462,-283.0859468,574.1718936,null_model_1
