,attention_cost,exp_param,vm_param,pp_id,ll,AIC,agent_type
0,59.632303700583456,0.062185718133050606,1.8889486281579104,5f35d5ee93a88f0023c8d5fe,-92.17825878314571,188.35651756629142,sparse_lqr
