,b,exp_param,n,vm_param,pp_id,ll,AIC,agent_type
0,0.23540971136635225,0.013384802365802188,3.2126705051407263,2.0335756436542853,5f35d65d93a88f0023c8d629,-113.8592852,235.7185704,null_model_1
