,attention_cost,exp_param,step_size,vm_param,pp_id,ll,AIC,agent_type
0,0.0,0.018396173957833984,0.517847238475426,9.894941782204436,5f35d7fa93a88f0023c8d725,-41.490622,88.981244,hill_climbing
