,attention_cost,exp_param,step_size,vm_param,pp_id,ll,AIC,agent_type
0,28.17197955527749,0.017371810444872744,0.1425321746839306,1.4423067890004648,5f35dc7593a88f0023c8e5d3,-108.198812,224.397624,sparse_max_discrete
