,attention_cost,exp_param,vm_param,pp_id,ll,AIC,agent_type
0,78.03092460714119,0.039228957503846,5.111879957456851,5f35d65893a88f0023c8d625,-68.612991,143.225982,sparse_lqr
