,attention_cost,exp_param,step_size,vm_param,pp_id,ll,AIC,agent_type
0,0.0,0.014473059472244452,0.16841804656907672,4.461920163535444,5f35d7f093a88f0023c8d716,-79.450302,164.900604,hill_climbing
