,exp_param,vm_param,pp_id,ll,AIC,agent_type
0,0.0021618063940154067,1.6042275484308322,5f35d71a93a88f0023c8d66c,-126.874464,257.748928,lqr
