,attention_cost,exp_param,vm_param,pp_id,ll,AIC,agent_type
0,71.7947122312514,0.1216464171249205,2.2028398779372758,5f35d5d093a88f0023c8d5f7,-78.57739234572324,161.15478469144648,sparse_lqr
