,exp_param,step_size,vm_param,pp_id,ll,AIC,agent_type
0,0.027518203516828363,0.0003209316970774201,4.350224860253701,5f35d84893a88f0023c8d7af,-80.892291,167.784582,hill_climbing
