,exp_param,vm_param,pp_id,ll,AIC,agent_type
0,0.03335215332787174,5.367581999788586,5f35d78493a88f0023c8d69f,-70.13847032048957,144.27694064097915,null_model_2
