,attention_cost,exp_param,step_size,vm_param,pp_id,ll,AIC,agent_type
0,1.1614545377253271,0.001423706933238865,0.08224056598854823,1.9288720263493986,5f360ea493a88f0023c908e6,-115.8871,239.7742,sparse_max_discrete
