,attention_cost,exp_param,step_size,vm_param,pp_id,ll,AIC,agent_type
0,18.476705013422357,0.0053853216078134395,0.16552833021866176,7.1128390699384845,5f35d72493a88f0023c8d66f,-83.43506233585676,174.8701246717135,sparse_max_continuous
