,attention_cost,exp_param,step_size,vm_param,pp_id,ll,AIC,agent_type
0,0.0,0.0053212480499887985,0.06876615616544524,1.852321818038558,5f35d7a693a88f0023c8d6b2,-114.48399934501231,234.96799869002461,hill_climbing
