,attention_cost,exp_param,step_size,vm_param,pp_id,ll,AIC,agent_type
0,17.40924330627639,0.0034550283655141495,0.0007112841729046693,1.2153971109550754,5f35dae093a88f0023c8de20,-125.98862811268032,259.97725622536063,sparse_max_discrete
