,exp_param,step_size,vm_param,pp_id,ll,AIC,agent_type
0,0.021021093845122303,0.18516316308950231,3.2176646614781546,5f36121793a88f0023c9095f,-73.560717,153.121434,hill_climbing
