,attention_cost,exp_param,step_size,vm_param,pp_id,ll,AIC,agent_type
0,13.574544437860858,0.01277672553679074,0.5405374972909149,1.438624152349024,5f35d65d93a88f0023c8d629,-107.733944,223.467888,sparse_max_discrete
