,attention_cost,exp_param,step_size,vm_param,pp_id,ll,AIC,agent_type
0,27.225897977927747,0.36952680502509,0.7816493459498168,2.2832581481251557,5f35d73d93a88f0023c8d679,-67.541453,143.082906,sparse_max_discrete
