,exp_param,vm_param,pp_id,ll,AIC,agent_type
0,0.010160682663655801,3.7881288205776964,5f35db9193a88f0023c8e13f,-89.069031,182.138062,lqr
