,exp_param,vm_param,pp_id,ll,AIC,agent_type
0,0.023991600005298465,9.976349921338775,5f35dafe93a88f0023c8de97,-40.0501,84.1002,null_model_2
