,exp_param,vm_param,pp_id,ll,AIC,agent_type
0,0.03273686019933595,2.379317742540996,5f35e0a193a88f0023c8f986,-90.099865,184.19973,null_model_2
