,b,exp_param,n,vm_param,pp_id,ll,AIC,agent_type
0,1.0422131397325438,0.07039022682520558,3.9314941270990844,2.6446291102494133,5f35d60a93a88f0023c8d608,-80.1119,168.2238,null_model_1
