,attention_cost,exp_param,vm_param,pp_id,ll,AIC,agent_type
0,121.98086252986772,0.05634060537400299,5.798328686015308,5f35d73b93a88f0023c8d678,-54.819022,113.638044,sparse_lqr
