exp_param,vm_param,pp_id,ll,AIC,agent_type
0.0490170720136635,1.328842120256296,5f361f5693a88f0023c90f72,-100.5128743850859,205.0257487701718,null_model_2
