,attention_cost,exp_param,step_size,vm_param,pp_id,ll,AIC,agent_type
0,0.0,0.10082853508611633,0.25014593353815917,9.850015297134505,5f35d76793a88f0023c8d689,-42.8719950088709,91.7439900177418,hill_climbing
