,exp_param,step_size,vm_param,pp_id,ll,AIC,agent_type
0,0.08228356770808336,0.21751377044921644,9.968503714023061,5f35d88193a88f0023c8d7ff,-33.747462,73.494924,hill_climbing
