,b,exp_param,n,vm_param,pp_id,ll,AIC,agent_type
0,5.253096918289896,0.014779338091123254,4.561463812685268,8.869785152901231,5f35d61893a88f0023c8d60c,-56.359579100000005,120.71915820000001,null_model_1
