,attention_cost,exp_param,step_size,vm_param,pp_id,ll,AIC,agent_type
0,0.0,0.026394546443867385,0.16734406037415922,6.021664306385377,5f35db0b93a88f0023c8ded5,-63.851791,133.70358199999998,hill_climbing
