,attention_cost,exp_param,vm_param,pp_id,ll,AIC,agent_type
0,12.342375057898758,0.038578320073266656,3.7840363220165196,5f35d8e393a88f0023c8d887,-73.440018,152.880036,sparse_lqr
