,exp_param,vm_param,pp_id,ll,AIC,agent_type
0,0.004094021169868907,1.9467715368444527,5f35d68993a88f0023c8d637,-116.04386260844478,236.08772521688957,lqr
