,attention_cost,exp_param,step_size,vm_param,pp_id,ll,AIC,agent_type
0,21.43802215029507,0.006119410790557312,0.0975443478045464,3.7069128873596444,5f35db0c93a88f0023c8deda,-87.0741,182.1482,sparse_max_discrete
