,attention_cost,exp_param,step_size,vm_param,pp_id,ll,AIC,agent_type
0,26.62156749806902,0.02531697671842099,0.5859618184339925,4.427248982512024,5f35df8793a88f0023c8f599,-79.09313592528059,166.18627185056118,sparse_max_discrete
