,attention_cost,exp_param,step_size,vm_param,pp_id,ll,AIC,agent_type
0,13.321692397509295,0.001,0.5628616041303227,2.6610260903075367,5f360ea493a88f0023c908e6,-118.544902,245.089804,sparse_max_continuous
