,exp_param,vm_param,pp_id,ll,AIC,agent_type
0,0.004750863872763436,1.9715863003279066,5f3612ca93a88f0023c909a0,-114.520333,233.040666,lqr
