,exp_param,vm_param,pp_id,ll,AIC,agent_type
0,0.006739677764994647,2.201623045765108,5f35e94193a88f0023c905da,-107.324409,218.648818,null_model_2
