,attention_cost,exp_param,step_size,vm_param,pp_id,ll,AIC,agent_type
0,7.3749849527106655,0.022121232143520204,0.02795763418629571,3.3293926702543555,5f35e76793a88f0023c90491,-79.126214,166.252428,sparse_max_continuous
