,b,exp_param,n,vm_param,pp_id,ll,AIC,agent_type
0,0.10991721917963937,0.023442873176108558,2.7041527693975955,3.414906485114584,5f35e76793a88f0023c90491,-82.4965114,172.9930228,null_model_1
