attention_cost,exp_param,vm_param,pp_id,ll,AIC,agent_type
282.9831112146865,0.0024471266881209,3.910723153184061,5f35d72493a88f0023c8d66f,-102.01465159925344,208.0293031985069,sparse_lqr
