,attention_cost,exp_param,step_size,vm_param,pp_id,ll,AIC,agent_type
0,29.46506735237936,0.06315353418165937,0.7830552168309723,2.1342395979040862,5f35d5ee93a88f0023c8d5fe,-80.353616,168.707232,sparse_max_discrete
