attention_cost,exp_param,vm_param,pp_id,ll,AIC,agent_type
113.85115943195856,0.0065523450668181,2.454639098771898,5f35e94193a88f0023c905da,-99.78872529700172,203.57745059400344,sparse_lqr
