,exp_param,vm_param,pp_id,ll,AIC,agent_type
0,0.011705271936933978,3.1063401973167695,5f35db0c93a88f0023c8deda,-93.4572232322858,190.9144464645716,null_model_2
