attention_cost,exp_param,step_size,vm_param,pp_id,ll,AIC,agent_type
0.0,0.0458191768142894,0.0,1.589248073892668,5f361f5693a88f0023c90f72,-100.90510027852766,207.8102005570553,hill_climbing
