,exp_param,vm_param,pp_id,ll,AIC,agent_type
0,0.055296218648929925,9.962134920872177,5f35db9193a88f0023c8e13f,-39.941472,83.882944,null_model_2
