,exp_param,step_size,vm_param,pp_id,ll,AIC,agent_type
0,0.100949425150638,0.3380513658294038,1.3689096371284726,5f35dcae93a88f0023c8e7a3,-91.729988,189.459976,hill_climbing
