,exp_param,step_size,vm_param,pp_id,ll,AIC,agent_type
0,0.0022890768229760087,0.8162276667027093,2.423287169441709,5f360ea493a88f0023c908e6,-117.23283,240.46566,hill_climbing
