,exp_param,step_size,vm_param,pp_id,ll,AIC,agent_type
0,0.017186485847668565,0.5152839712300396,2.1204671574294656,5f35d83093a88f0023c8d771,-99.245489,204.490978,hill_climbing
