,exp_param,vm_param,pp_id,ll,AIC,agent_type
0,0.003736301667137297,1.5454787476967946,5f35d6f793a88f0023c8d65f,-123.236502,250.473004,lqr
