,attention_cost,exp_param,vm_param,pp_id,ll,AIC,agent_type
0,94.12742382638486,0.03074261406717793,2.0564481924870726,5f35d71a93a88f0023c8d66c,-97.077036,200.154072,sparse_lqr
