,attention_cost,exp_param,step_size,vm_param,pp_id,ll,AIC,agent_type
0,19.970084792480797,0.06632910514525218,0.07172215844280672,8.033870717114098,5f35d76793a88f0023c8d689,-48.537004,105.074008,sparse_max_continuous
