,exp_param,step_size,vm_param,pp_id,ll,AIC,agent_type
0,0.04491737582788891,0.0,2.7246985943645585,5f35d85593a88f0023c8d7c5,-83.887892,173.775784,hill_climbing
