,attention_cost,exp_param,step_size,vm_param,pp_id,ll,AIC,agent_type
0,9.068107260368667,0.04515409985348116,0.08265226768176359,3.1729555910822302,5f35d6af93a88f0023c8d646,-71.2400213852296,150.4800427704592,sparse_max_continuous
