,exp_param,vm_param,pp_id,ll,AIC,agent_type
0,0.03514331695623062,2.434399273116843,5f35d73b93a88f0023c8d678,-88.8607,181.7214,lqr
