,attention_cost,exp_param,step_size,vm_param,pp_id,ll,AIC,agent_type
0,0.0,0.01077707947796195,1.023562844159755,1.6803614664037991,5f35e93693a88f0023c905d9,-108.878329,223.756658,hill_climbing
