,b,exp_param,n,vm_param,pp_id,ll,AIC,agent_type
0,2.143280277508626,0.01773013207872577,4.9875938037297525,4.682863660209835,5f35e0a193a88f0023c8f986,-74.1185849,156.2371698,null_model_1
