,exp_param,vm_param,pp_id,ll,AIC,agent_type
0,0.0028425142743155685,1.7466734583746057,5f3610a993a88f0023c90912,-121.625402,247.250804,lqr
