,b,exp_param,n,vm_param,pp_id,ll,AIC,agent_type
0,1.3375788932605759,0.04548768592068065,3.907137755544574,3.1257965239166827,5f35d6b193a88f0023c8d648,-81.58128481537535,171.1625696307507,null_model_1
