,attention_cost,exp_param,step_size,vm_param,pp_id,ll,AIC,agent_type
0,0.0,0.031034739464537837,0.07150461059227042,5.9529248667264065,5f35d7d393a88f0023c8d6f4,-69.511,145.022,hill_climbing
