,exp_param,vm_param,pp_id,ll,AIC,agent_type
0,0.024940776688880933,1.7179401494337343,5f35e76793a88f0023c90491,-102.770882,209.541764,lqr
