b,exp_param,n,vm_param,pp_id,ll,AIC,agent_type
10.210425816818184,0.0041824622789741,1.080832653884498,1.264867647118436,5f35e94193a88f0023c905da,-123.29461251460248,254.58922502920493,null_model_1
