attention_cost,exp_param,vm_param,pp_id,ll,AIC,agent_type
66.55646687732131,0.0363876093417201,3.442169062591062,5f3626b693a88f0023c91063,-88.4840920657515,180.968184131503,sparse_lqr
