,attention_cost,exp_param,vm_param,pp_id,ll,AIC,agent_type
0,123.57080591260224,0.04751382121342394,1.706877734541823,5f361f5693a88f0023c90f72,-91.72786,189.45572,sparse_lqr
