,attention_cost,exp_param,step_size,vm_param,pp_id,ll,AIC,agent_type
0,18.479573865424186,0.20031715279271786,1.120975763035149,1.8368065164522795,5f35dcae93a88f0023c8e7a3,-84.149669,176.299338,sparse_max_discrete
