,attention_cost,exp_param,step_size,vm_param,pp_id,ll,AIC,agent_type
0,29.978379812636987,0.05172873677753288,0.3015714094011432,2.9095868971410885,5f35d7da93a88f0023c8d703,-78.388142,164.776284,sparse_max_discrete
