,exp_param,vm_param,pp_id,ll,AIC,agent_type
0,0.021123588693351052,4.123402611190907,5f35dafe93a88f0023c8de97,-80.697842,165.395684,lqr
