,attention_cost,exp_param,step_size,vm_param,pp_id,ll,AIC,agent_type
0,14.70464678059245,0.01575049380902547,0.12077238739880897,2.023327097209664,5f35d86c93a88f0023c8d7e9,-98.6276690302578,205.2553380605156,sparse_max_discrete
