,exp_param,vm_param,pp_id,ll,AIC,agent_type
0,0.0382062762093068,1.8563807498107388,5f35d85593a88f0023c8d7c5,-95.3689,194.7378,null_model_2
