,attention_cost,exp_param,step_size,vm_param,pp_id,ll,AIC,agent_type
0,27.512162941303792,0.022378106639318246,0.08539707959686377,5.098982127063766,5f35d65893a88f0023c8d625,-69.438231,146.876462,sparse_max_continuous
