,attention_cost,exp_param,step_size,vm_param,pp_id,ll,AIC,agent_type
0,16.607440128208474,0.01275863707034228,0.9136784732581491,3.56755121126348,5f35e93693a88f0023c905d9,-104.541285,217.08257,sparse_max_continuous
