,attention_cost,exp_param,step_size,vm_param,pp_id,ll,AIC,agent_type
0,14.694823024467661,0.06472395246029333,0.6347877024026733,2.6614200924829334,5f360eea93a88f0023c908e9,-78.6793867015752,165.3587734031504,sparse_max_discrete
