,exp_param,step_size,vm_param,pp_id,ll,AIC,agent_type
0,0.011794496367150503,0.11170327291485133,5.265770454775804,5f35db0c93a88f0023c8deda,-79.126584,164.253168,hill_climbing
