,exp_param,vm_param,pp_id,ll,AIC,agent_type
0,0.08543208332266661,3.3020887487894255,5f360ee993a88f0023c908e8,-71.759643,147.519286,null_model_2
