,attention_cost,exp_param,step_size,vm_param,pp_id,ll,AIC,agent_type
0,29.795079245090644,0.04751216494932984,0.02265190817138757,3.5548047605682873,5f35d71c93a88f0023c8d66e,-81.9371466215936,171.8742932431872,sparse_max_continuous
