,exp_param,vm_param,pp_id,ll,AIC,agent_type
0,0.02502370256565154,3.814625052362177,5f3610a993a88f0023c90912,-81.010996,166.021992,null_model_2
