,attention_cost,exp_param,step_size,vm_param,pp_id,ll,AIC,agent_type
0,0.0,0.10247989447022002,0.3387103836468527,9.713204692732111,5f35d82093a88f0023c8d751,-43.053533,92.107066,hill_climbing
