,exp_param,vm_param,pp_id,ll,AIC,agent_type
0,0.02629974266883804,3.1343821817436988,5f35e76793a88f0023c90491,-85.036008,174.072016,null_model_2
