,attention_cost,exp_param,vm_param,pp_id,ll,AIC,agent_type
0,40.93656769820551,0.06085777182269945,1.2134345574073735,5f35d85593a88f0023c8d7c5,-90.935318,185.870636,sparse_lqr
