,attention_cost,exp_param,step_size,vm_param,pp_id,ll,AIC,agent_type
0,9.715206119789322,0.042598632533043294,0.031964985855424566,8.983300702614871,5f35d6bc93a88f0023c8d64b,-38.9314010649028,85.8628021298056,sparse_max_discrete
