,b,exp_param,n,vm_param,pp_id,ll,AIC,agent_type
0,4.2517689277076745,0.0010000011386320355,1.0,2.6893552208325495,5f35e70693a88f0023c90462,-282.81117850042193,573.6223570008439,null_model_1
