,attention_cost,exp_param,step_size,vm_param,pp_id,ll,AIC,agent_type
0,15.235203636511688,0.006434498432069106,0.07760860734888991,3.1743046981366243,5f36101b93a88f0023c90907,-92.741179,193.482358,sparse_max_discrete
