,exp_param,step_size,vm_param,pp_id,ll,AIC,agent_type
0,0.003052271867638225,0.04034242391316384,9.327167683404285,5f35da4f93a88f0023c8dc28,-65.217576,136.435152,hill_climbing
