,exp_param,vm_param,pp_id,ll,AIC,agent_type
0,0.055474643856584294,7.544471095223738,5f35db9193a88f0023c8e13f,-56.752646,117.505292,null_model_2
