,attention_cost,exp_param,vm_param,pp_id,ll,AIC,agent_type
0,108.17302461512364,0.0055524695991805645,2.287008337811355,5f35e94193a88f0023c905da,-100.575278,205.150556,sparse_lqr
