,attention_cost,exp_param,step_size,vm_param,pp_id,ll,AIC,agent_type
0,23.717110122360573,0.030176988541640158,0.07993770853100307,5.221306727641258,5f35d93793a88f0023c8d930,-61.057195341807116,130.11439068361423,sparse_max_discrete
