,attention_cost,exp_param,step_size,vm_param,pp_id,ll,AIC,agent_type
0,0.0,0.09774362266708815,0.0,1.8487163768849881,5f35da6493a88f0023c8dc69,-88.633416,183.266832,hill_climbing
