,attention_cost,exp_param,step_size,vm_param,pp_id,ll,AIC,agent_type
0,0.0,0.04863331199188064,0.21608984009459403,6.396805322764777,5f35d6af93a88f0023c8d646,-65.013542,136.027084,hill_climbing
