,attention_cost,exp_param,vm_param,pp_id,ll,AIC,agent_type
0,287.69367795606064,0.03089339511278965,8.13985964143889,5f35d91293a88f0023c8d8e2,-58.609268,123.218536,sparse_lqr
