b,exp_param,n,vm_param,pp_id,ll,AIC,agent_type
1.0152061737728144,0.0540238060105098,1.077060886573991,4.021927919159244,5f35d60a93a88f0023c8d608,-79.53387076374396,167.06774152748793,null_model_1
