exp_param,vm_param,pp_id,ll,AIC,agent_type
0.0124949826581827,3.377282352686368,5f35d72b93a88f0023c8d674,-90.97639767916608,185.9527953583321,null_model_2
