,attention_cost,exp_param,step_size,vm_param,pp_id,ll,AIC,agent_type
0,0.437061952899952,0.21599437700783314,0.1760653804696946,7.674235177414532,5f35d72f93a88f0023c8d675,-50.29804419489638,108.59608838979275,sparse_max_continuous
