,b,exp_param,n,vm_param,pp_id,ll,AIC,agent_type
0,5.274936454109774,0.03344238064333062,1.7110853762278886,4.404140782704634,5f35d6af93a88f0023c8d646,-80.09917870000001,168.19835740000002,null_model_1
