,b,exp_param,n,vm_param,pp_id,ll,AIC,agent_type
0,0.0,0.03,1.0,2.0,5f35dc9193a88f0023c8e6bd,-100.60503329999999,209.21006659999998,null_model_1
