,exp_param,vm_param,pp_id,ll,AIC,agent_type
0,0.056383948908801614,5.070298713294222,5f35d64493a88f0023c8d61e,-65.47400599128609,134.94801198257218,null_model_2
