,exp_param,vm_param,pp_id,ll,AIC,agent_type
0,0.006251793221542963,1.4617011017244297,5f35d7a693a88f0023c8d6b2,-119.689372,243.378744,null_model_2
