attention_cost,exp_param,vm_param,pp_id,ll,AIC,agent_type
56.64769083050011,0.0384408658151738,6.725869640760665,5f35df8293a88f0023c8f57b,-63.98697179978375,131.9739435995675,sparse_lqr
