,exp_param,step_size,vm_param,pp_id,ll,AIC,agent_type
0,0.04467007819398107,0.517798595294994,5.185983493944932,5f35d77893a88f0023c8d691,-69.744089,145.488178,hill_climbing
