,attention_cost,exp_param,step_size,vm_param,pp_id,ll,AIC,agent_type
0,9.373720512976043,0.08342516394122296,0.35472486287952176,3.8158493018945014,5f35dfdb93a88f0023c8f6da,-71.325198,150.650396,sparse_max_discrete
