,b,exp_param,n,vm_param,pp_id,ll,AIC,agent_type
0,8.7840591096483,0.003028239481891467,4.678085792566508,1.9454831052318944,5f35d72493a88f0023c8d66f,-123.58400999999999,255.16801999999998,null_model_1
