,attention_cost,exp_param,step_size,vm_param,pp_id,ll,AIC,agent_type
0,20.369852991852188,0.020361935023907953,0.42992381287626796,5.4076242335601155,5f35d63393a88f0023c8d617,-74.844569,157.689138,sparse_max_discrete
