,attention_cost,exp_param,vm_param,pp_id,ll,AIC,agent_type
0,70.95988324609094,0.07007659481745147,9.103118224424096,5f360f1993a88f0023c908ea,-45.390626,96.781252,sparse_lqr
