,b,exp_param,n,vm_param,pp_id,ll,AIC,agent_type
0,5.2293255166319454,0.029680842629730378,4.946820783085028,1.3521784071572962,5f35e09e93a88f0023c8f979,-90.76011129999999,189.52022259999998,null_model_1
