,attention_cost,exp_param,vm_param,pp_id,ll,AIC,agent_type
0,187.0080347375408,0.016805421603709726,9.294372337437613,5f35d72593a88f0023c8d671,-55.130352,116.260704,sparse_lqr
