,exp_param,vm_param,pp_id,ll,AIC,agent_type
0,0.0960525128203229,1.7149982220809412,5f35d80893a88f0023c8d735,-88.023606,180.047212,null_model_2
