,attention_cost,exp_param,step_size,vm_param,pp_id,ll,AIC,agent_type
0,0.0,0.04745235441955057,0.0,2.3754211792189386,5f3612ca93a88f0023c909a0,-85.02090072404158,176.04180144808316,hill_climbing
