,attention_cost,exp_param,step_size,vm_param,pp_id,ll,AIC,agent_type
0,0.00933241891908354,0.04850068212116538,0.7159826749385527,4.113758277841246,5f35d73993a88f0023c8d677,-72.128644,152.257288,sparse_max_continuous
