,b,exp_param,n,vm_param,pp_id,ll,AIC,agent_type
0,13.371061651121126,0.0026003547183364954,4.250027263801369,2.980991579013821,5f35d72493a88f0023c8d66f,-106.41879375179619,220.83758750359237,null_model_1
