,attention_cost,exp_param,vm_param,pp_id,ll,AIC,agent_type
0,241.17325265303805,0.0023850134668495764,3.1571748195093816,5f36101b93a88f0023c90907,-120.262124,246.524248,sparse_lqr
