,attention_cost,exp_param,vm_param,pp_id,ll,AIC,agent_type
0,106.0031141998558,0.022601715290253004,7.290455016858999,5f35d83093a88f0023c8d771,-71.708484,147.416968,sparse_lqr
