,attention_cost,exp_param,vm_param,pp_id,ll,AIC,agent_type
0,131.38208630587016,0.06303054969603548,2.520869986005241,5f35d70093a88f0023c8d662,-85.74852524108027,175.49705048216055,sparse_lqr
