,exp_param,vm_param,pp_id,ll,AIC,agent_type
0,0.02803169850985924,5.631864735390098,5f35d90c93a88f0023c8d8d0,-70.197,144.394,null_model_2
