,b,exp_param,n,vm_param,pp_id,ll,AIC,agent_type
0,0.9940066919897794,0.027184775890841558,1.1132259520831784,2.462110676030459,5f3612ca93a88f0023c909a0,-80.75587290000001,169.51174580000003,null_model_1
