attention_cost,exp_param,vm_param,pp_id,ll,AIC,agent_type
285.5327079101555,0.0518614711333703,2.350718640910145,5f35d71c93a88f0023c8d66e,-81.44717389544834,166.8943477908967,sparse_lqr
