,b,exp_param,n,vm_param,pp_id,ll,AIC,agent_type
0,1.325837737574241,0.004921993614747614,3.3674264195991825,1.3343304002800538,5f360f4693a88f0023c908ef,-112.0638734,232.1277468,null_model_1
