,b,exp_param,n,vm_param,pp_id,ll,AIC,agent_type
0,0.0,0.03,1.0,2.0,5f35d80893a88f0023c8d735,-89.42693899999999,186.85387799999998,null_model_1
