,attention_cost,exp_param,vm_param,pp_id,ll,AIC,agent_type
0,148.82185506894447,0.03450810989030567,7.24515634603282,5f35d90c93a88f0023c8d8d0,-69.132996,144.265992,sparse_lqr
