attention_cost,exp_param,step_size,vm_param,pp_id,ll,AIC,agent_type
14.946429512923991,0.0074139238822539,0.0727731568705877,2.790165185882429,5f36101b93a88f0023c90907,-93.41623644697358,194.8324728939472,sparse_max_discrete
