,attention_cost,exp_param,step_size,vm_param,pp_id,ll,AIC,agent_type
0,23.254748311561006,0.010327824512100965,0.49189952437923734,7.198854978928514,5f35d81193a88f0023c8d742,-81.480536,170.961072,sparse_max_discrete
