,attention_cost,exp_param,step_size,vm_param,pp_id,ll,AIC,agent_type
0,0.0,0.04476234400872712,0.12996830751285704,2.956992583690475,5f35d7da93a88f0023c8d703,-87.10383004357547,180.20766008715094,hill_climbing
