,b,exp_param,n,vm_param,pp_id,ll,AIC,agent_type
0,2.227593927238086,0.10838663497698682,1.9028373544314188,7.129889803826766,5f35d82093a88f0023c8d751,-59.9977933,127.9955866,null_model_1
