,exp_param,vm_param,pp_id,ll,AIC,agent_type
0,0.02832730923087427,5.171187654194683,5f35d88193a88f0023c8d7ff,-71.9312,147.8624,null_model_2
