,b,exp_param,n,vm_param,pp_id,ll,AIC,agent_type
0,1.9741265581499838,0.027184775890841558,1.1132259520831784,2.462110676030459,5f35d70093a88f0023c8d662,-82.18252565497073,172.36505130994146,null_model_1
