,attention_cost,exp_param,vm_param,pp_id,ll,AIC,agent_type
0,13.185132624926654,0.08542221861422415,2.952899161257969,5f35da6493a88f0023c8dc69,-79.721953,165.443906,sparse_lqr
