,b,exp_param,n,vm_param,pp_id,ll,AIC,agent_type
0,3.1242195374914967,0.013383681818190458,1.4873670476418668,2.5788213534151607,5f35d78293a88f0023c8d697,-91.44029406392428,190.88058812784857,null_model_1
