,exp_param,step_size,vm_param,pp_id,ll,AIC,agent_type
0,0.017559307018033214,0.17069453467111023,6.517892760100904,5f35d65393a88f0023c8d623,-70.914836,147.829672,hill_climbing
