,b,exp_param,n,vm_param,pp_id,ll,AIC,agent_type
0,1.9741265581499838,0.027184775890841558,1.1132259520831784,2.462110676030459,5f35d63393a88f0023c8d617,-86.97848988308158,181.95697976616316,null_model_1
