,exp_param,vm_param,pp_id,ll,AIC,agent_type
0,0.004059618690699258,1.068116442221393,5f35e11793a88f0023c8fa8c,-129.039067,262.078134,lqr
