,exp_param,step_size,vm_param,pp_id,ll,AIC,agent_type
0,0.020686043303673095,0.6711413049451727,3.025053574829216,5f3626b693a88f0023c91063,-88.590587,183.181174,hill_climbing
