,attention_cost,exp_param,vm_param,pp_id,ll,AIC,agent_type
0,102.80667238598453,0.06914113906828742,3.7792417932809985,5f35e00093a88f0023c8f758,-70.896278,147.792556,sparse_lqr
