,exp_param,vm_param,pp_id,ll,AIC,agent_type
0,0.002912895267509838,6.078238197561393,5f35d97e93a88f0023c8d9d4,-89.499134,182.998268,lqr
