,attention_cost,exp_param,step_size,vm_param,pp_id,ll,AIC,agent_type
0,2.3309245310704974,0.06247481470852951,0.06513606071991296,2.407947285564652,5f35d5d093a88f0023c8d5f7,-79.1506,166.3012,sparse_max_discrete
