,attention_cost,exp_param,step_size,vm_param,pp_id,ll,AIC,agent_type
0,21.00211096591261,0.04326292837508163,0.027648975853404423,2.888984850541437,5f35e00093a88f0023c8f758,-87.485926,182.971852,sparse_max_continuous
