,exp_param,vm_param,pp_id,ll,AIC,agent_type
0,0.026908903990435686,4.912067217070226,5f35d63393a88f0023c8d617,-73.70160153059271,151.40320306118542,null_model_2
