,attention_cost,exp_param,step_size,vm_param,pp_id,ll,AIC,agent_type
0,10.137135451964074,0.09206542286753432,0.5720239717827469,2.979604247310521,5f35dfdb93a88f0023c8f6da,-71.298694,150.597388,sparse_max_discrete
