,attention_cost,exp_param,step_size,vm_param,pp_id,ll,AIC,agent_type
0,27.93122328709877,0.001,0.0,3.8311722598416864,5f35e70693a88f0023c90462,-191.369705,390.73941,sparse_max_continuous
