,attention_cost,exp_param,step_size,vm_param,pp_id,ll,AIC,agent_type
0,5.8538966546678,0.0554017634705567,0.10086892665009689,9.029673286002888,5f35d73b93a88f0023c8d678,-51.9572,111.9144,sparse_max_discrete
