attention_cost,exp_param,step_size,vm_param,pp_id,ll,AIC,agent_type
7.626970639720572,0.0850022678257495,1.2962161421460403,4.478989156202799,5f35d70093a88f0023c8d662,-73.82616257557716,155.65232515115432,sparse_max_discrete
