,attention_cost,exp_param,vm_param,pp_id,ll,AIC,agent_type
0,264.18913514021745,0.0121775482863699,2.059872054313039,5f35d65d93a88f0023c8d629,-102.7807,209.5614,sparse_lqr
