,attention_cost,exp_param,step_size,vm_param,pp_id,ll,AIC,agent_type
0,17.733809709655937,0.10585043592171409,0.09034997894662183,9.996324077666316,5f35df8293a88f0023c8f57b,-44.75297,97.50594,sparse_max_continuous
