,exp_param,vm_param,pp_id,ll,AIC,agent_type
0,0.038053857413878345,4.513332238572768,5f35d77893a88f0023c8d691,-71.616084,147.232168,null_model_2
