,b,exp_param,n,vm_param,pp_id,ll,AIC,agent_type
0,10.087010187361177,0.03618781704957892,3.3876765467423007,1.420206908905285,5f35d77893a88f0023c8d690,-99.11144581039737,206.22289162079474,null_model_1
