,attention_cost,exp_param,vm_param,pp_id,ll,AIC,agent_type
0,26.743163445496243,0.07210533771714224,1.422094347562809,5f35dcae93a88f0023c8e7a3,-91.66059531072969,187.32119062145938,sparse_lqr
