,b,exp_param,n,vm_param,pp_id,ll,AIC,agent_type
0,1.6519760896600415,0.001,5.0,2.007630872106799,5f360ea493a88f0023c908e6,-118.79302020000003,245.58604040000006,null_model_1
