,attention_cost,exp_param,step_size,vm_param,pp_id,ll,AIC,agent_type
0,1.1918612004925444,0.07126310817390971,0.7110094349820819,3.4916741295707734,5f35d79b93a88f0023c8d6aa,-82.026785,172.05357,sparse_max_discrete
