,attention_cost,exp_param,step_size,vm_param,pp_id,ll,AIC,agent_type
0,0.0,0.01537669362485178,0.25073689635448493,2.721962587668646,5f35d72b93a88f0023c8d674,-88.523549,183.047098,hill_climbing
