,exp_param,vm_param,pp_id,ll,AIC,agent_type
0,0.038542991731132265,1.8372546107202903,5f35d85593a88f0023c8d7c5,-95.36692339972993,194.73384679945985,null_model_2
