,exp_param,vm_param,pp_id,ll,AIC,agent_type
0,0.010466284243276041,1.932669379748998,5f35df1293a88f0023c8f3db,-107.460846,218.921692,lqr
