attention_cost,exp_param,vm_param,pp_id,ll,AIC,agent_type
34.144279522040975,0.1108060739920611,1.315518722025909,5f35d7f393a88f0023c8d71a,-93.05561780913747,190.11123561827495,sparse_lqr
