,attention_cost,exp_param,step_size,vm_param,pp_id,ll,AIC,agent_type
0,19.556315091984665,0.012776000695386761,1.4806798899491698,4.064020949829824,5f35d62693a88f0023c8d611,-83.145391,174.290782,sparse_max_discrete
