,b,exp_param,n,vm_param,pp_id,ll,AIC,agent_type
0,3.4192735537275976,0.001,4.638962344784365,2.350076876942444,5f360ea493a88f0023c908e6,-118.03967750000001,244.07935500000002,null_model_1
