attention_cost,exp_param,step_size,vm_param,pp_id,ll,AIC,agent_type
0.0,0.0983834674195417,0.3229528849543049,6.765354267363247,5f35d88193a88f0023c8d7ff,-52.97930301190411,111.95860602380822,hill_climbing
