,attention_cost,exp_param,step_size,vm_param,pp_id,ll,AIC,agent_type
0,3.558832192157756,0.031024023746868024,0.07540833260738161,4.198994265455425,5f35e0a193a88f0023c8f986,-87.980597,183.961194,sparse_max_continuous
