,attention_cost,exp_param,vm_param,pp_id,ll,AIC,agent_type
0,71.9424487875713,0.016593080292644967,4.868804197172309,5f35d81193a88f0023c8d742,-90.6479,185.2958,sparse_lqr
