,attention_cost,exp_param,step_size,vm_param,pp_id,ll,AIC,agent_type
0,14.170001186221272,0.0025506080571049737,0.843092242737254,1.5351429967095331,5f35dae093a88f0023c8de20,-126.588078,261.176156,sparse_max_continuous
