,exp_param,vm_param,pp_id,ll,AIC,agent_type
0,0.004830382860729038,1.2048200176451562,5f35d84893a88f0023c8d7af,-124.87372521505256,253.74745043010512,lqr
