b,exp_param,n,vm_param,pp_id,ll,AIC,agent_type
4.419512946706218,0.0428356927296962,1.1975855385332572,1.5045502836766345,5f35d80893a88f0023c8d735,-108.1664752398369,224.3329504796738,null_model_1
