,attention_cost,exp_param,step_size,vm_param,pp_id,ll,AIC,agent_type
0,2.381089179279845,0.03157320545190329,0.10253817117708353,7.7980350013675315,5f35da2c93a88f0023c8db97,-51.22226841993519,110.44453683987038,sparse_max_discrete
