,exp_param,vm_param,pp_id,ll,AIC,agent_type
0,0.019563109321469048,1.9694289494423145,5f35d76793a88f0023c8d689,-99.622201,203.244402,lqr
