,exp_param,vm_param,pp_id,ll,AIC,agent_type
0,0.03343076932812127,9.989603504933722,5f35d7d393a88f0023c8d6f4,-44.595848,93.191696,null_model_2
