,attention_cost,exp_param,step_size,vm_param,pp_id,ll,AIC,agent_type
0,0.0,0.09382022787907741,0.15473171087195758,4.158243030507315,5f35d88193a88f0023c8d7ff,-63.31394,132.62788,hill_climbing
