,exp_param,vm_param,pp_id,ll,AIC,agent_type
0,0.04140855324674485,9.720724253645818,5f35d6bc93a88f0023c8d64b,-37.568244,79.136488,null_model_2
