,exp_param,vm_param,pp_id,ll,AIC,agent_type
0,0.00485715159565484,3.3470086030452997,5f35d76593a88f0023c8d688,-99.960399,203.920798,lqr
