,attention_cost,exp_param,step_size,vm_param,pp_id,ll,AIC,agent_type
0,12.764943058973316,0.07532396737406594,0.011861610442465143,6.417155044179096,5f35d6bc93a88f0023c8d64b,-57.923159,123.846318,sparse_max_continuous
