,attention_cost,exp_param,vm_param,pp_id,ll,AIC,agent_type
0,299.54542104561915,0.1540370709749409,7.772642220740531,5f35d6ae93a88f0023c8d644,-29.267152679995235,62.53430535999047,sparse_lqr
