,b,exp_param,n,vm_param,pp_id,ll,AIC,agent_type
0,15.052503974264033,0.013021246935261084,2.0729244472183033,5.622641500485538,5f35d65393a88f0023c8d623,-66.86303000000001,141.72606000000002,null_model_1
