,exp_param,vm_param,pp_id,ll,AIC,agent_type
0,0.0038225339801200285,2.064249969533308,5f35d94f93a88f0023c8d95c,-115.3557651156984,234.7115302313968,lqr
