attention_cost,exp_param,step_size,vm_param,pp_id,ll,AIC,agent_type
0.0,0.0071562639399372,0.6231778925768021,2.6829144262919025,5f360f4693a88f0023c908ef,-104.78028255687458,215.5605651137492,hill_climbing
