,attention_cost,exp_param,step_size,vm_param,pp_id,ll,AIC,agent_type
0,0.0,0.028285876425570955,0.10344600920952102,4.749859856262681,5f36107b93a88f0023c9090e,-72.38199088784847,150.76398177569695,hill_climbing
