,exp_param,vm_param,pp_id,ll,AIC,agent_type
0,0.04058086940947357,3.96872097563709,5f35d70093a88f0023c8d662,-74.434344,152.868688,null_model_2
