,attention_cost,exp_param,step_size,vm_param,pp_id,ll,AIC,agent_type
0,18.597106036677854,0.007091399042035037,0.0815688232592045,2.534313181095762,5f35e94193a88f0023c905da,-104.058406,216.116812,sparse_max_discrete
