attention_cost,exp_param,vm_param,pp_id,ll,AIC,agent_type
277.41125446080844,0.0656752434581073,9.913465087318093,5f35d6bc93a88f0023c8d64b,-35.392410960009066,74.78482192001813,sparse_lqr
