,b,exp_param,n,vm_param,pp_id,ll,AIC,agent_type
0,1.0,0.001,5.0,1.9361402453833418,5f35dba493a88f0023c8e193,-126.31650000000002,260.63300000000004,null_model_1
