,exp_param,step_size,vm_param,pp_id,ll,AIC,agent_type
0,0.037045541983955835,0.5803886458109527,5.9793341086184535,5f35d78493a88f0023c8d69f,-70.134272,146.268544,hill_climbing
