,exp_param,vm_param,pp_id,ll,AIC,agent_type
0,0.03826533045014866,9.693905212435553,5f35d77893a88f0023c8d691,-52.48773721139018,108.97547442278037,null_model_2
