,attention_cost,exp_param,step_size,vm_param,pp_id,ll,AIC,agent_type
0,0.0,0.10726970355029476,0.004802832997137185,9.966646524844684,5f35d6ae93a88f0023c8d644,-23.969025661615817,53.93805132323163,hill_climbing
