,attention_cost,exp_param,step_size,vm_param,pp_id,ll,AIC,agent_type
0,0.0,0.020291990832820843,0.13263861127647097,9.131573505894305,5f35dafe93a88f0023c8de97,-55.799554,117.599108,hill_climbing
