,b,exp_param,n,vm_param,pp_id,ll,AIC,agent_type
0,6.880855317840167,0.046453343831923434,2.4559030233167367,0.9194347527311808,5f35e11793a88f0023c8fa8c,-115.25314240000003,238.50628480000006,null_model_1
