,attention_cost,exp_param,vm_param,pp_id,ll,AIC,agent_type
0,193.60636965560852,0.024518311335485515,4.86246888199657,5f35d90c93a88f0023c8d8d0,-74.762049,155.524098,sparse_lqr
