,exp_param,vm_param,pp_id,ll,AIC,agent_type
0,0.009147161608647016,1.5573538220552618,5f360f4693a88f0023c908ef,-113.939898,231.879796,null_model_2
