,exp_param,vm_param,pp_id,ll,AIC,agent_type
0,0.03263318575347512,3.452061070785213,5f35e0a193a88f0023c8f986,-80.139284,164.278568,null_model_2
