,exp_param,vm_param,pp_id,ll,AIC,agent_type
0,0.003859866678191863,1.5298000831240255,5f35d6f793a88f0023c8d65f,-123.229124,250.458248,lqr
