,exp_param,vm_param,pp_id,ll,AIC,agent_type
0,0.003372594062755235,3.40873748493127,5f35d72593a88f0023c8d671,-100.316954,204.633908,lqr
