,exp_param,step_size,vm_param,pp_id,ll,AIC,agent_type
0,0.07830135431124426,0.3007739195315643,3.852763388775963,5f35e09e93a88f0023c8f979,-68.351929,142.703858,hill_climbing
