,b,exp_param,n,vm_param,pp_id,ll,AIC,agent_type
0,2.476643420362279,0.008784458255716564,2.2292537118597586,2.5098777563425854,5f35e93693a88f0023c905d9,-113.5169471,235.0338942,null_model_1
