,exp_param,step_size,vm_param,pp_id,ll,AIC,agent_type
0,0.03898026759578334,0.003907573351250859,2.634501399360487,5f35dfdb93a88f0023c8f6da,-82.57656,171.15312,hill_climbing
