,attention_cost,exp_param,step_size,vm_param,pp_id,ll,AIC,agent_type
0,0.0,0.020852718069794537,0.6966374972421556,4.112526385868769,5f35d5ea93a88f0023c8d5fd,-75.864053,157.728106,hill_climbing
