attention_cost,exp_param,vm_param,pp_id,ll,AIC,agent_type
162.02725076118648,0.0208590442937426,3.200296002827392,5f35d5ea93a88f0023c8d5fd,-83.91339944399775,171.8267988879955,sparse_lqr
