,attention_cost,exp_param,step_size,vm_param,pp_id,ll,AIC,agent_type
0,0.5905813055364417,0.10457675292280036,0.009869436765230055,4.441260829321165,5f35e00093a88f0023c8f758,-73.235744,154.471488,sparse_max_continuous
