,attention_cost,exp_param,step_size,vm_param,pp_id,ll,AIC,agent_type
0,14.807938208754804,0.07865953378276629,0.0007674303392287141,5.721279141072065,5f35d60a93a88f0023c8d608,-56.551283,121.102566,sparse_max_discrete
