,b,exp_param,n,vm_param,pp_id,ll,AIC,agent_type
0,2.684851719960741,0.012694576493829074,2.3127667427525114,5.179237561540878,5f35d78293a88f0023c8d697,-78.287167,164.574334,null_model_1
