,attention_cost,exp_param,vm_param,pp_id,ll,AIC,agent_type
0,63.656505733042835,0.06947576172537741,9.220455045315665,5f35d77893a88f0023c8d691,-49.493,102.986,sparse_lqr
