,exp_param,vm_param,pp_id,ll,AIC,agent_type
0,0.025977160378056245,5.619486780391997,5f35d90c93a88f0023c8d8d0,-70.201559,144.403118,null_model_2
