attention_cost,exp_param,vm_param,pp_id,ll,AIC,agent_type
24.70989557626232,0.0213870416258172,9.02385650380782,5f35d76793a88f0023c8d689,-44.46647729409545,92.9329545881909,sparse_lqr
