,attention_cost,exp_param,step_size,vm_param,pp_id,ll,AIC,agent_type
0,4.205091060714076,0.144088460087331,0.4626450616807788,5.84751690197642,5f362dee93a88f0023c91131,-61.194711,130.389422,sparse_max_discrete
