attention_cost,exp_param,step_size,vm_param,pp_id,ll,AIC,agent_type
2.7349221998761983,0.1296289842101381,1.4342196047671625,1.8507115076324896,5f35d80893a88f0023c8d735,-80.31183991459864,168.62367982919727,sparse_max_discrete
