,exp_param,vm_param,pp_id,ll,AIC,agent_type
0,0.03887133324665293,2.865255590031943,5f35d85593a88f0023c8d7c5,-83.750271,171.500542,null_model_2
