,exp_param,vm_param,pp_id,ll,AIC,agent_type
0,0.004944051986285217,3.3378173089979657,5f35d76593a88f0023c8d688,-99.966552,203.933104,lqr
