,b,exp_param,n,vm_param,pp_id,ll,AIC,agent_type
0,14.113387219441767,0.0026570318243235185,1.0350541983576997,3.4800631566612794,5f35d72493a88f0023c8d66f,-104.0123495,216.024699,null_model_1
