,exp_param,vm_param,pp_id,ll,AIC,agent_type
0,0.001499208414378385,1.6867484222213813,5f35d65d93a88f0023c8d629,-129.756065,263.51213,lqr
