attention_cost,exp_param,step_size,vm_param,pp_id,ll,AIC,agent_type
4.703741839382528,0.0195576259752321,0.1050332155788335,4.863451109370319,5f35dc7593a88f0023c8e5d3,-82.97787515233446,173.95575030466892,sparse_max_continuous
