,attention_cost,exp_param,step_size,vm_param,pp_id,ll,AIC,agent_type
0,2.209438377052755,0.03509186904720786,0.40816322681793227,1.716055020065339,5f35d77893a88f0023c8d690,-95.72673804195436,199.45347608390873,sparse_max_discrete
