,attention_cost,exp_param,vm_param,pp_id,ll,AIC,agent_type
0,20.321899393073284,0.022857060287469675,2.85188298637556,5f35e76793a88f0023c90491,-87.66236070641169,179.32472141282338,sparse_lqr
