,exp_param,step_size,vm_param,pp_id,ll,AIC,agent_type
0,0.06862453881369127,0.0,4.65883507835096,5f35e11793a88f0023c8fa8c,-73.185882,152.371764,hill_climbing
