attention_cost,exp_param,step_size,vm_param,pp_id,ll,AIC,agent_type
21.421770735883012,0.0145296464746611,1.4837487642419491,3.242827302070252,5f35d62693a88f0023c8d611,-82.40961668848047,172.81923337696094,sparse_max_discrete
