,attention_cost,exp_param,vm_param,pp_id,ll,AIC,agent_type
0,66.0346891433491,0.03521810873840408,8.306231009941467,5f35d93793a88f0023c8d930,-59.30277999508985,122.6055599901797,sparse_lqr
