,attention_cost,exp_param,step_size,vm_param,pp_id,ll,AIC,agent_type
0,21.13804228398028,0.019279776708934427,0.3806232624501424,3.832458088576537,5f35df8793a88f0023c8f599,-82.866916,173.733832,sparse_max_discrete
