,b,exp_param,n,vm_param,pp_id,ll,AIC,agent_type
0,12.559620768392662,0.014294268553481586,3.053110811566347,2.1473421275414752,5f35d83993a88f0023c8d78b,-102.80758393178971,213.61516786357942,null_model_1
