,attention_cost,exp_param,step_size,vm_param,pp_id,ll,AIC,agent_type
0,28.442977635951774,0.06641586505211304,0.12657340794255217,2.424160508245339,5f35e00093a88f0023c8f758,-88.1939,184.3878,sparse_max_continuous
