,attention_cost,exp_param,vm_param,pp_id,ll,AIC,agent_type
0,255.42215614491715,0.00854880314489996,1.7477160385990642,5f360f4693a88f0023c908ef,-106.93617,219.87234,sparse_lqr
