,attention_cost,exp_param,step_size,vm_param,pp_id,ll,AIC,agent_type
0,0.0,0.01955762597523211,0.1050332155788335,4.8634511093703185,5f35d76593a88f0023c8d688,-81.318964,168.637928,hill_climbing
