exp_param,vm_param,pp_id,ll,AIC,agent_type
0.0177513166604335,0.6310676722489317,5f35d8e393a88f0023c8d887,-120.0530322419398,244.1060644838796,lqr
