,exp_param,vm_param,pp_id,ll,AIC,agent_type
0,0.005701804620445363,1.7810033794407432,5f35d63393a88f0023c8d617,-115.367037,234.734074,lqr
