,exp_param,vm_param,pp_id,ll,AIC,agent_type
0,0.01831935075570317,0.969343064561099,5f35d7f393a88f0023c8d71a,-115.312841,234.625682,lqr
