,attention_cost,exp_param,step_size,vm_param,pp_id,ll,AIC,agent_type
0,0.0,0.09054106822853454,0.3161564131305281,5.028243835184045,5f35df8293a88f0023c8f57b,-62.267271,130.534542,hill_climbing
