,attention_cost,exp_param,vm_param,pp_id,ll,AIC,agent_type
0,22.11535329962645,0.017423062781054124,3.8756348035778485,5f35d5d093a88f0023c8d5f7,-74.6083,153.2166,sparse_lqr
