,b,exp_param,n,vm_param,pp_id,ll,AIC,agent_type
0,7.745474306334555,0.01187784506967551,4.033113041907985,3.199528380776784,5f3626b693a88f0023c91063,-97.97761,203.95522,null_model_1
