,exp_param,vm_param,pp_id,ll,AIC,agent_type
0,0.04672485329165118,4.163296281286774,5f35e11793a88f0023c8fa8c,-72.151605,148.30321,null_model_2
