,attention_cost,exp_param,step_size,vm_param,pp_id,ll,AIC,agent_type
0,26.572986931930302,0.03639086437656579,0.3035136099532924,1.7698924431666863,5f35e0a193a88f0023c8f986,-88.796805,185.59361,sparse_max_discrete
