,exp_param,vm_param,pp_id,ll,AIC,agent_type
0,0.04179144960740648,9.491745686072244,5f35d76793a88f0023c8d689,-54.722372,113.444744,null_model_2
