,attention_cost,exp_param,vm_param,pp_id,ll,AIC,agent_type
0,12.68341149374198,0.001,2.245879713336527,5f35da4f93a88f0023c8dc28,-130.990926,267.981852,sparse_lqr
