attention_cost,exp_param,step_size,vm_param,pp_id,ll,AIC,agent_type
0.0,0.1920524510156858,0.8871289970058364,1.4690245718358377,5f35d7f393a88f0023c8d71a,-84.11558186998283,174.23116373996567,hill_climbing
