,attention_cost,exp_param,step_size,vm_param,pp_id,ll,AIC,agent_type
0,12.923627368169331,0.014570087134994119,0.00843540509578905,8.69841906130195,5f35d78293a88f0023c8d697,-53.50451,115.00902,sparse_max_discrete
