attention_cost,exp_param,vm_param,pp_id,ll,AIC,agent_type
100.28292149814789,0.0899092226015555,1.849055902784084,5f35d73d93a88f0023c8d679,-81.48918614603807,166.97837229207613,sparse_lqr
