attention_cost,exp_param,vm_param,pp_id,ll,AIC,agent_type
74.97276916940805,0.007857779655798,2.775335501377409,5f35d65d93a88f0023c8d629,-103.16425283932104,210.3285056786421,sparse_lqr
