,attention_cost,exp_param,step_size,vm_param,pp_id,ll,AIC,agent_type
0,18.554081399039106,0.012030260518849752,0.006713327683891102,6.374229291755018,5f35db0c93a88f0023c8deda,-79.802088,167.604176,sparse_max_discrete
