,attention_cost,exp_param,step_size,vm_param,pp_id,ll,AIC,agent_type
0,0.0,0.19555205419326396,0.8388296501415586,1.5429012304782164,5f35d7f393a88f0023c8d71a,-83.4423,172.8846,hill_climbing
