,exp_param,vm_param,pp_id,ll,AIC,agent_type
0,0.007320062213424585,1.5768282636069098,5f35d83993a88f0023c8d78b,-115.865995,235.73199,lqr
