,exp_param,vm_param,pp_id,ll,AIC,agent_type
0,0.04705448380615888,3.941049909048858,5f35d63193a88f0023c8d616,-72.967407,149.934814,null_model_2
