attention_cost,exp_param,vm_param,pp_id,ll,AIC,agent_type
53.53622960312695,0.0597876136420365,3.624334552717584,5f35d74693a88f0023c8d67e,-78.0175287385475,160.035057477095,sparse_lqr
