,attention_cost,exp_param,vm_param,pp_id,ll,AIC,agent_type
0,237.64644529728326,0.0022227048036799813,1.5954678336447004,5f35d65d93a88f0023c8d629,-128.030712,262.061424,sparse_lqr
