,b,exp_param,n,vm_param,pp_id,ll,AIC,agent_type
0,8.715663450723326,0.011202929223483066,1.2485499552506365,2.1817156816221814,5f35dc7593a88f0023c8e5d3,-109.48711720000001,226.97423440000003,null_model_1
