,exp_param,step_size,vm_param,pp_id,ll,AIC,agent_type
0,0.11792754634110392,0.6318626459347412,5.818787983928602,5f35d64493a88f0023c8d61e,-56.034274,118.068548,hill_climbing
