,exp_param,vm_param,pp_id,ll,AIC,agent_type
0,0.0015287160650348049,0.9194681349825895,5f35d67e93a88f0023c8d634,-140.629386,285.258772,lqr
