exp_param,vm_param,pp_id,ll,AIC,agent_type
0.0024844921134907,1.757445404112119,5f35dae093a88f0023c8de20,-124.02092717212258,252.0418543442452,null_model_2
