,exp_param,vm_param,pp_id,ll,AIC,agent_type
0,0.0028801915139849577,0.9914303131959823,5f35d79b93a88f0023c8d6aa,-134.157252,272.314504,lqr
