attention_cost,exp_param,vm_param,pp_id,ll,AIC,agent_type
81.52297071053555,0.0234576774705761,9.97682866031401,5f35dafe93a88f0023c8de97,-38.51023323262144,81.02046646524288,sparse_lqr
