,exp_param,vm_param,pp_id,ll,AIC,agent_type
0,0.033267030125398625,3.8958227124962974,5f3612ca93a88f0023c909a0,-77.161331,158.322662,null_model_2
