,attention_cost,exp_param,step_size,vm_param,pp_id,ll,AIC,agent_type
0,3.4604999031423764,0.09941484099486228,0.0626966615540564,6.597314893841921,5f35d72f93a88f0023c8d675,-52.177466825333475,112.35493365066695,sparse_max_discrete
