exp_param,vm_param,pp_id,ll,AIC,agent_type
0.0276407892102901,3.262547397483813,5f35df8793a88f0023c8f599,-83.09408325852068,170.18816651704137,null_model_2
