,attention_cost,exp_param,step_size,vm_param,pp_id,ll,AIC,agent_type
0,17.40058552464886,0.005874958471756487,1.2091047810293678,4.085199486367688,5f360f4693a88f0023c908ef,-105.957918,219.915836,sparse_max_continuous
