,attention_cost,exp_param,step_size,vm_param,pp_id,ll,AIC,agent_type
0,0.939170483923415,0.06552440801103705,0.00260734357016168,5.626541857566619,5f362dee93a88f0023c91131,-66.354359,140.708718,sparse_max_continuous
