,attention_cost,exp_param,step_size,vm_param,pp_id,ll,AIC,agent_type
0,19.329322249255227,0.3085251314056771,0.002055010120523393,9.980807424950232,5f360ff993a88f0023c90904,-34.99811,77.99622,sparse_max_discrete
