attention_cost,exp_param,step_size,vm_param,pp_id,ll,AIC,agent_type
25.888060352967237,0.0082017175172786,0.0056859522685344,2.1358301474951205,5f36101b93a88f0023c90907,-100.86159357862816,209.7231871572563,sparse_max_continuous
