,exp_param,vm_param,pp_id,ll,AIC,agent_type
0,0.024839556775517923,0.5650501279983622,5f35e37d93a88f0023c8ffdc,-117.95983674968187,239.91967349936374,lqr
