,exp_param,vm_param,pp_id,ll,AIC,agent_type
0,0.004926502541830526,2.2212488269676944,5f35d84893a88f0023c8d7af,-111.956971,227.913942,lqr
