,attention_cost,exp_param,step_size,vm_param,pp_id,ll,AIC,agent_type
0,23.350555229514466,0.09752465914646599,0.029807432918854293,8.744226780815506,5f35d76793a88f0023c8d689,-48.037691,104.075382,sparse_max_continuous
