,exp_param,step_size,vm_param,pp_id,ll,AIC,agent_type
0,0.08109598396023321,0.6350483432882582,3.1118504739545183,5f35d73993a88f0023c8d677,-76.332057,158.664114,hill_climbing
