attention_cost,exp_param,step_size,vm_param,pp_id,ll,AIC,agent_type
0.0,0.0054648634085562,0.0020936435903702,2.369460710839688,5f35e94193a88f0023c905da,-109.01246515243484,224.02493030486968,hill_climbing
