attention_cost,exp_param,vm_param,pp_id,ll,AIC,agent_type
58.06653719675965,0.0284870268513708,2.4923858874942493,5f35d65893a88f0023c8d625,-87.08842303596035,178.1768460719207,sparse_lqr
