attention_cost,exp_param,step_size,vm_param,pp_id,ll,AIC,agent_type
2.023731589400953,0.0678973992768081,0.036733042436054,3.0270853590018945,5f35d6f793a88f0023c8d65f,-80.13163962620126,168.26327925240253,sparse_max_continuous
