,exp_param,step_size,vm_param,pp_id,ll,AIC,agent_type
0,0.07107447529219209,0.2609054428763272,4.232760654368226,5f361ea793a88f0023c90f71,-65.8681,137.7362,hill_climbing
