,b,exp_param,n,vm_param,pp_id,ll,AIC,agent_type
0,2.0627796210990312,0.019703196489659184,3.836352562407697,5.503031051253659,5f35d90c93a88f0023c8d8d0,-69.98077099999999,147.96154199999998,null_model_1
