,exp_param,vm_param,pp_id,ll,AIC,agent_type
0,0.003909352505150538,1.9704821319612553,5f35d65893a88f0023c8d625,-115.128998,234.257996,lqr
