attention_cost,exp_param,step_size,vm_param,pp_id,ll,AIC,agent_type
25.71320587850991,0.023681127149423,0.0308107896626639,4.671676165133388,5f35d78293a88f0023c8d697,-79.98867554988915,167.9773510997783,sparse_max_discrete
