,attention_cost,exp_param,step_size,vm_param,pp_id,ll,AIC,agent_type
0,1.3811895929178564,0.055490387623780855,0.03358092185798445,7.834461285462674,5f35db9193a88f0023c8e13f,-56.336332,120.672664,sparse_max_discrete
