,attention_cost,exp_param,vm_param,pp_id,ll,AIC,agent_type
0,33.89958122019503,0.08168993309748686,6.400371929690582,5f35d74293a88f0023c8d67c,-54.895213,115.790426,sparse_lqr
