,exp_param,vm_param,pp_id,ll,AIC,agent_type
0,0.014195232731587338,1.9462833473107366,5f35d86c93a88f0023c8d7e9,-103.987,211.974,null_model_2
