attention_cost,exp_param,vm_param,pp_id,ll,AIC,agent_type
45.84198280852006,0.0620004574460478,2.374829261818335,5f35e00093a88f0023c8f758,-84.44075981553144,172.88151963106287,sparse_lqr
