,attention_cost,exp_param,vm_param,pp_id,ll,AIC,agent_type
0,287.57739231791004,0.010472638327316767,2.068027394094376,5f35d65d93a88f0023c8d629,-102.50089,209.00178,sparse_lqr
