,exp_param,vm_param,pp_id,ll,AIC,agent_type
0,0.013151337014258777,3.1917768037868854,5f35d81193a88f0023c8d742,-91.626695,187.25339,null_model_2
