,exp_param,vm_param,pp_id,ll,AIC,agent_type
0,0.07121623394951986,4.879224894425073,5f35da2c93a88f0023c8db97,-63.661856,131.323712,null_model_2
