attention_cost,exp_param,vm_param,pp_id,ll,AIC,agent_type
105.097974769286,0.0169908220085334,6.308112417589164,5f35d83093a88f0023c8d771,-71.20868175738144,146.41736351476288,sparse_lqr
