,attention_cost,exp_param,vm_param,pp_id,ll,AIC,agent_type
0,29.832168874676768,0.115919977038196,3.734071317371953,5f35d60a93a88f0023c8d608,-68.28833875053843,140.57667750107686,sparse_lqr
