,exp_param,step_size,vm_param,pp_id,ll,AIC,agent_type
0,0.039482898422534406,0.16295178141734284,5.41285733861962,5f35d6af93a88f0023c8d646,-64.943714,135.887428,hill_climbing
