,b,exp_param,n,vm_param,pp_id,ll,AIC,agent_type
0,11.758066026312738,0.001,1.0000000651169256,3.134413802872233,5f35e70693a88f0023c90462,-211.7400787,431.4801574,null_model_1
