,exp_param,vm_param,pp_id,ll,AIC,agent_type
0,0.014134177731450003,1.7378102333590129,5f35d73d93a88f0023c8d679,-106.494067,216.988134,lqr
