,exp_param,vm_param,pp_id,ll,AIC,agent_type
0,0.026035275012285447,1.604229262758039,5f35e76793a88f0023c90491,-102.59168743724778,209.18337487449557,null_model_2
