,attention_cost,exp_param,step_size,vm_param,pp_id,ll,AIC,agent_type
0,0.0,0.012383590783772689,0.24740973447514153,1.710976745360594,5f35d6aa93a88f0023c8d642,-108.5979,223.1958,hill_climbing
