,exp_param,vm_param,pp_id,ll,AIC,agent_type
0,0.060306462386664025,1.916023690490859,5f35d79b93a88f0023c8d6aa,-89.8670894097438,183.7341788194876,null_model_2
