,b,exp_param,n,vm_param,pp_id,ll,AIC,agent_type
0,1.120427628911592,0.01348173207653985,1.898207922269855,4.650302409386523,5f36121793a88f0023c9095f,-90.91260609999999,189.82521219999998,null_model_1
