,exp_param,vm_param,pp_id,ll,AIC,agent_type
0,0.01900919237852713,1.9598752268016129,5f35d83993a88f0023c8d78b,-100.119599,204.239198,null_model_2
