,attention_cost,exp_param,step_size,vm_param,pp_id,ll,AIC,agent_type
0,2.712291470843958,0.1298470081581338,0.15789378999418036,1.7272746332288003,5f35dcae93a88f0023c8e7a3,-92.5288868661591,193.0577737323182,sparse_max_continuous
