,exp_param,step_size,vm_param,pp_id,ll,AIC,agent_type
0,0.02472134568800795,0.6209250227322306,1.4984331865714846,5f35d67e93a88f0023c8d634,-106.151134,218.302268,hill_climbing
