,exp_param,vm_param,pp_id,ll,AIC,agent_type
0,0.001814037505914782,1.5614973805372767,5f361ea793a88f0023c90f71,-130.568635,265.13727,lqr
