,b,exp_param,n,vm_param,pp_id,ll,AIC,agent_type
0,3.9262143386372017,0.004889090729410287,3.9930282996546973,9.797434658515629,5f35da4f93a88f0023c8dc28,-65.31412830000001,138.62825660000001,null_model_1
