,attention_cost,exp_param,step_size,vm_param,pp_id,ll,AIC,agent_type
0,18.429925883830585,0.0057449474995990586,0.704552917391011,3.1237582814139095,5f35e93693a88f0023c905d9,-99.924673,207.849346,sparse_max_discrete
