,b,exp_param,n,vm_param,pp_id,ll,AIC,agent_type
0,0.026488500794985548,0.06460316728908586,2.6063803736797655,4.52632496031785,5f360eea93a88f0023c908e9,-62.04223950000001,132.08447900000002,null_model_1
