,b,exp_param,n,vm_param,pp_id,ll,AIC,agent_type
0,19.037212036884455,0.005983674073035483,2.829465939335328,2.3622436954839685,5f36101b93a88f0023c90907,-105.2852407,218.5704814,null_model_1
