attention_cost,exp_param,step_size,vm_param,pp_id,ll,AIC,agent_type
8.641536602214057,0.0429000051155806,0.1802750696620887,2.5499863125070608,5f35d65893a88f0023c8d625,-86.17046538459215,180.3409307691843,sparse_max_discrete
