b,exp_param,n,vm_param,pp_id,ll,AIC,agent_type
26.24975157777334,0.0029187102205396,1.1682020976447878,1.2042787659447918,5f35e93693a88f0023c905d9,-121.7126193011448,251.4252386022896,null_model_1
