,attention_cost,exp_param,vm_param,pp_id,ll,AIC,agent_type
0,274.7462010625695,0.018472389614907107,5.17051629684027,5f35d76593a88f0023c8d688,-76.25692279345863,156.51384558691726,sparse_lqr
