,exp_param,step_size,vm_param,pp_id,ll,AIC,agent_type
0,0.10602017862675196,0.6356454578725867,2.7018674164473877,5f35e37d93a88f0023c8ffdc,-76.653093,159.306186,hill_climbing
