,attention_cost,exp_param,step_size,vm_param,pp_id,ll,AIC,agent_type
0,11.398886685535482,0.054972418451631,0.10797344327995423,2.0258127964808748,5f35d60393a88f0023c8d605,-82.460194,172.920388,sparse_max_continuous
