,exp_param,step_size,vm_param,pp_id,ll,AIC,agent_type
0,0.10401289744589039,0.2581489883378633,9.985384150371354,5f35d76793a88f0023c8d689,-41.820785,89.64157,hill_climbing
