,attention_cost,exp_param,step_size,vm_param,pp_id,ll,AIC,agent_type
0,9.266466814230576,0.144648054952543,0.03094361087765407,3.871441737261252,5f35d74293a88f0023c8d67c,-71.098516,150.197032,sparse_max_continuous
