,attention_cost,exp_param,step_size,vm_param,pp_id,ll,AIC,agent_type
0,24.874271015294465,0.020814633949415486,0.032504408336087254,3.6147951569803705,5f35df1293a88f0023c8f3db,-86.668228,181.336456,sparse_max_discrete
