,attention_cost,exp_param,step_size,vm_param,pp_id,ll,AIC,agent_type
0,27.84834806995261,0.001,0.9430301190814836,4.832402121366959,5f360ea493a88f0023c908e6,-114.296128,236.592256,sparse_max_discrete
