,exp_param,vm_param,pp_id,ll,AIC,agent_type
0,0.001814037505914782,1.5614973805372767,5f35db0c93a88f0023c8deda,-130.124293,264.248586,lqr
