,attention_cost,exp_param,vm_param,pp_id,ll,AIC,agent_type
0,276.78173572855883,0.019310707450423955,5.92841299441913,5f35dafe93a88f0023c8de97,-75.822822,157.645644,sparse_lqr
