,exp_param,vm_param,pp_id,ll,AIC,agent_type
0,0.04134272509139796,5.7960198850326,5f35d6af93a88f0023c8d646,-65.130505,134.26101,null_model_2
