,attention_cost,exp_param,step_size,vm_param,pp_id,ll,AIC,agent_type
0,3.0289835838185586,0.02528979510647752,0.08021931809494603,9.184498957982177,5f35d80393a88f0023c8d729,-50.55869066351717,109.11738132703434,sparse_max_discrete
