,attention_cost,exp_param,step_size,vm_param,pp_id,ll,AIC,agent_type
0,10.409538322917209,0.001,0.0,3.278038342222528,5f35e70693a88f0023c90462,-195.321767,398.643534,sparse_max_continuous
