,attention_cost,exp_param,vm_param,pp_id,ll,AIC,agent_type
0,65.03674499772212,0.07361970757192746,4.0393942925603294,5f35e09e93a88f0023c8f979,-69.36746,144.73492,sparse_lqr
