b,exp_param,n,vm_param,pp_id,ll,AIC,agent_type
1.8093040390909976,0.5280919188560839,1.0,1.6278821975612363,5f35da6493a88f0023c8dc69,-95.06699687977974,198.13399375955947,null_model_1
