attention_cost,exp_param,step_size,vm_param,pp_id,ll,AIC,agent_type
1.3365563563428515,0.1083866349769868,0.338564007911782,7.129889803826766,5f35d64493a88f0023c8d61e,-50.9673869034001,109.9347738068002,sparse_max_discrete
