,attention_cost,exp_param,step_size,vm_param,pp_id,ll,AIC,agent_type
0,3.2157693310838678,0.029876074163058826,0.016070684562845605,7.6618669953373155,5f35d93793a88f0023c8d930,-61.2758,130.5516,sparse_max_discrete
