,attention_cost,exp_param,step_size,vm_param,pp_id,ll,AIC,agent_type
0,10.309179813080206,0.049606848358308045,0.006132122043789712,2.629408510634552,5f362dee93a88f0023c91131,-78.22675,164.4535,sparse_max_continuous
