,attention_cost,exp_param,vm_param,pp_id,ll,AIC,agent_type
0,168.0212760353853,0.007135445550693364,1.8171212574358853,5f35e93693a88f0023c905d9,-108.918297,223.836594,sparse_lqr
