,exp_param,vm_param,pp_id,ll,AIC,agent_type
0,0.012234574794410744,1.7593085487336357,5f35d8b893a88f0023c8d833,-108.011541,220.023082,lqr
