,attention_cost,exp_param,step_size,vm_param,pp_id,ll,AIC,agent_type
0,13.601357367167166,0.022178812087936824,0.5870358960971578,6.2106430651472415,5f35d64293a88f0023c8d61c,-66.33085292519117,140.66170585038233,sparse_max_discrete
