,b,exp_param,n,vm_param,pp_id,ll,AIC,agent_type
0,4.617747733338619,0.049426237645598683,4.167716372640928,3.4077675646336845,5f35d5d093a88f0023c8d5f7,-80.49762999999999,168.99525999999997,null_model_1
