,attention_cost,exp_param,step_size,vm_param,pp_id,ll,AIC,agent_type
0,0.0,0.039337361550309424,0.0,2.639456822977477,5f35d60393a88f0023c8d605,-83.932179,173.864358,hill_climbing
