exp_param,vm_param,pp_id,ll,AIC,agent_type
0.0103189462339385,2.1900411411715224,5f35df1293a88f0023c8f3db,-104.44331335478344,212.88662670956683,lqr
