,attention_cost,exp_param,step_size,vm_param,pp_id,ll,AIC,agent_type
0,5.557521139382063,0.004806053909928702,0.12372534239810956,1.5689833363605565,5f35d7a693a88f0023c8d6b2,-117.082631,242.165262,sparse_max_continuous
