,attention_cost,exp_param,vm_param,pp_id,ll,AIC,agent_type
0,61.022298573432664,0.04264576839748222,4.642184710351238,5f36121793a88f0023c9095f,-65.663655,137.32731,sparse_lqr
