,attention_cost,exp_param,step_size,vm_param,pp_id,ll,AIC,agent_type
0,0.0,0.018507572892865698,0.6452129475292931,2.897296106972691,5f35d72b93a88f0023c8d674,-90.727411,187.454822,hill_climbing
