,attention_cost,exp_param,vm_param,pp_id,ll,AIC,agent_type
0,74.86638710908625,0.05818139290252611,2.381454764198115,5f35df8793a88f0023c8f599,-84.283695,174.56739,sparse_lqr
