,attention_cost,exp_param,step_size,vm_param,pp_id,ll,AIC,agent_type
0,21.029905273223928,0.12336360713657994,0.6661904326276812,2.7369418373762677,5f361ea793a88f0023c90f71,-74.280656,156.561312,sparse_max_discrete
