,attention_cost,exp_param,step_size,vm_param,pp_id,ll,AIC,agent_type
0,22.184964015666637,0.0023861246149443727,0.7714634558825765,1.2372518906264207,5f35dae093a88f0023c8de20,-126.9097,261.8194,sparse_max_continuous
