,attention_cost,exp_param,vm_param,pp_id,ll,AIC,agent_type
0,112.9424742908764,0.010526848241113398,2.7787176122879744,5f35e93693a88f0023c905d9,-110.31814,226.63628,sparse_lqr
