,exp_param,vm_param,pp_id,ll,AIC,agent_type
0,0.027619137348322706,1.8083933244216543,5f35dab593a88f0023c8dda2,-98.31012025924676,200.62024051849352,null_model_2
