attention_cost,exp_param,step_size,vm_param,pp_id,ll,AIC,agent_type
0.0,0.0526018093619156,0.6722554248783011,5.384236717186914,5f35d65893a88f0023c8d625,-69.61677014043369,145.23354028086737,hill_climbing
