,attention_cost,exp_param,vm_param,pp_id,ll,AIC,agent_type
0,237.2799367624712,0.019613041785631027,2.1164737206005357,5f35d83993a88f0023c8d78b,-100.1391704464138,204.2783408928276,sparse_lqr
