,exp_param,vm_param,pp_id,ll,AIC,agent_type
0,0.0038854370497670224,1.2291196262859372,5f361f5693a88f0023c90f72,-127.36994,258.73987999999997,lqr
