,attention_cost,exp_param,step_size,vm_param,pp_id,ll,AIC,agent_type
0,0.0,0.0324768638816134,0.19447456702105986,5.2434719078104735,5f35d64293a88f0023c8d61c,-73.5425,153.085,hill_climbing
