,b,exp_param,n,vm_param,pp_id,ll,AIC,agent_type
0,1.7210476356706583,0.03284346970139042,4.987919953818505,1.8091505274800979,5f361f5693a88f0023c90f72,-92.6439429,193.2878858,null_model_1
