attention_cost,exp_param,step_size,vm_param,pp_id,ll,AIC,agent_type
0.0,0.0271751569752701,0.4622158576639197,4.925080530712459,5f3626b693a88f0023c91063,-78.18182391733922,162.36364783467843,hill_climbing
