,attention_cost,exp_param,vm_param,pp_id,ll,AIC,agent_type
0,23.291757940158742,0.04760459527201927,5.774718205226393,5f35d73993a88f0023c8d677,-74.915674,155.831348,sparse_lqr
