,exp_param,vm_param,pp_id,ll,AIC,agent_type
0,0.020679411871383065,4.173193192001992,5f35d78293a88f0023c8d697,-79.761294,163.522588,null_model_2
