b,exp_param,n,vm_param,pp_id,ll,AIC,agent_type
1.0316317094328282,0.0178343214242679,2.307717957624302,4.525810564708146,5f35d64293a88f0023c8d61c,-81.8509138691258,171.7018277382516,null_model_1
