,attention_cost,exp_param,step_size,vm_param,pp_id,ll,AIC,agent_type
0,0.0,0.020224120309522264,0.0005883330683429944,3.9551442665313385,5f35df1293a88f0023c8f3db,-87.182909,180.365818,hill_climbing
