,attention_cost,exp_param,vm_param,pp_id,ll,AIC,agent_type
0,287.99706109322517,0.0053030416161775895,4.731845794346782,5f35d61893a88f0023c8d60c,-97.157948,200.315896,sparse_lqr
