,attention_cost,exp_param,vm_param,pp_id,ll,AIC,agent_type
0,191.94264996009636,0.022637544152275466,3.189886215315493,5f35db0b93a88f0023c8ded5,-87.91021689660744,179.82043379321487,sparse_lqr
