exp_param,vm_param,pp_id,ll,AIC,agent_type
0.0029153889394117,1.1720433655418594,5f35d9ad93a88f0023c8da5b,-130.86778416897982,265.73556833795965,lqr
