,attention_cost,exp_param,step_size,vm_param,pp_id,ll,AIC,agent_type
0,0.0,0.06953019530652735,0.4808835681074822,2.1230871349084635,5f35dfdb93a88f0023c8f6da,-89.849506,185.699012,hill_climbing
