,attention_cost,exp_param,vm_param,pp_id,ll,AIC,agent_type
0,54.38433884606694,0.11629715784299462,1.8179105784261862,5f35d80893a88f0023c8d735,-87.5017,179.0034,sparse_lqr
