,attention_cost,exp_param,step_size,vm_param,pp_id,ll,AIC,agent_type
0,0.0,0.10681688747139703,0.6191216281408504,4.349519489224241,5f35d82093a88f0023c8d751,-64.100801,134.201602,hill_climbing
