,b,exp_param,n,vm_param,pp_id,ll,AIC,agent_type
0,3.6790404442536175,0.0020062957967713103,2.174183199191792,1.457827778252353,5f35dba493a88f0023c8e193,-126.4550751,260.9101502,null_model_1
