,attention_cost,exp_param,step_size,vm_param,pp_id,ll,AIC,agent_type
0,26.678347856953817,0.01326192117903547,0.32150410105282623,3.821693451763075,5f36121793a88f0023c9095f,-66.825815,141.65163,sparse_max_continuous
