,attention_cost,exp_param,vm_param,pp_id,ll,AIC,agent_type
0,11.922395248226547,0.05886957887994837,3.628105134845087,5f35d73993a88f0023c8d677,-73.294782,152.589564,sparse_lqr
