,exp_param,vm_param,pp_id,ll,AIC,agent_type
0,0.05656327567666213,5.13835251809787,5f35d7d693a88f0023c8d6f7,-65.1139,134.2278,null_model_2
