,attention_cost,exp_param,step_size,vm_param,pp_id,ll,AIC,agent_type
0,0.0,0.08228070955769519,1.078926643587154,9.986505742168863,5f35db9193a88f0023c8e13f,-39.7138092833129,85.4276185666258,hill_climbing
