,attention_cost,exp_param,step_size,vm_param,pp_id,ll,AIC,agent_type
0,25.333471802037618,0.07531520873131856,0.016105354380998638,2.050247712640468,5f35d71c93a88f0023c8d66e,-91.508225,191.01645,sparse_max_continuous
