,attention_cost,exp_param,step_size,vm_param,pp_id,ll,AIC,agent_type
0,13.353016484387384,0.07666228246826358,0.7116149248616321,1.9750438864441455,5f35dfdb93a88f0023c8f6da,-84.221768,176.443536,sparse_max_discrete
