,attention_cost,exp_param,vm_param,pp_id,ll,AIC,agent_type
0,267.3056862877017,0.02825993629395135,5.220512472525107,5f35d73b93a88f0023c8d678,-74.095938,154.191876,sparse_lqr
