,exp_param,step_size,vm_param,pp_id,ll,AIC,agent_type
0,0.10892337621429218,0.34208543088686655,9.97790177921517,5f35d82093a88f0023c8d751,-42.796757,91.593514,hill_climbing
