,attention_cost,exp_param,vm_param,pp_id,ll,AIC,agent_type
0,225.87777449398266,0.008311650358535937,3.2825610365078086,5f36101b93a88f0023c90907,-97.8263,199.6526,sparse_lqr
