,exp_param,vm_param,pp_id,ll,AIC,agent_type
0,0.003230818313171573,1.6761079335843754,5f360f4693a88f0023c908ef,-124.300175,252.60035,lqr
