,b,exp_param,n,vm_param,pp_id,ll,AIC,agent_type
0,3.6307050613592438,0.05139167731274429,4.880758508979745,2.910522720804778,5f362dee93a88f0023c91131,-80.6041209,169.2082418,null_model_1
