,exp_param,vm_param,pp_id,ll,AIC,agent_type
0,0.011507613383130555,1.3308706337942122,5f35d73993a88f0023c8d677,-114.9515070078113,233.9030140156226,lqr
