,exp_param,vm_param,pp_id,ll,AIC,agent_type
0,0.018177958306928303,3.420063001444169,5f35df1293a88f0023c8f3db,-86.528292,177.056584,null_model_2
