attention_cost,exp_param,vm_param,pp_id,ll,AIC,agent_type
59.632303700583456,0.0621857181330506,1.8889486281579104,5f35d5ee93a88f0023c8d5fe,-92.17825878314572,188.35651756629144,sparse_lqr
