,b,exp_param,n,vm_param,pp_id,ll,AIC,agent_type
0,10.726199927639755,0.008455097242670982,3.3863850794796124,2.7822307935059176,5f35db0c93a88f0023c8deda,-91.2462487,190.4924974,null_model_1
