,b,exp_param,n,vm_param,pp_id,ll,AIC,agent_type
0,0.0,0.03,1.0,2.0,5f360ee993a88f0023c908e8,-78.62335600000002,165.24671200000003,null_model_1
