,attention_cost,exp_param,step_size,vm_param,pp_id,ll,AIC,agent_type
0,6.797664750105179,0.04076443536750277,0.06266110033381456,9.988809296430748,5f35db0b93a88f0023c8ded5,-61.353077,130.706154,sparse_max_continuous
