,exp_param,vm_param,pp_id,ll,AIC,agent_type
0,0.03416890101721899,7.499872838810157,5f35d93793a88f0023c8d930,-61.584218,127.168436,null_model_2
