,attention_cost,exp_param,step_size,vm_param,pp_id,ll,AIC,agent_type
0,0.0,0.10317583476966856,0.0,1.4415548586551272,5f35da6493a88f0023c8dc69,-88.95321815613796,183.90643631227593,hill_climbing
