,b,exp_param,n,vm_param,pp_id,ll,AIC,agent_type
0,6.1435733639914,0.022945256610682807,1.1458741958732452,4.585128497715967,5f35d90b93a88f0023c8d8cf,-71.7876610916669,151.5753221833338,null_model_1
