,b,exp_param,n,vm_param,pp_id,ll,AIC,agent_type
0,2.276410483311264,0.010141478027137843,1.1326989494851212,8.799472843779574,5f35dafe93a88f0023c8de97,-70.13049260000001,148.26098520000002,null_model_1
