,attention_cost,exp_param,vm_param,pp_id,ll,AIC,agent_type
0,279.5916207590512,0.014937621402621417,2.3436208612142053,5f35d6aa93a88f0023c8d642,-99.138535,204.27707,sparse_lqr
