,exp_param,step_size,vm_param,pp_id,ll,AIC,agent_type
0,0.022826390366216948,0.001507962586997591,1.9901382674380896,5f35d8b893a88f0023c8d833,-98.481157,202.962314,hill_climbing
