,exp_param,step_size,vm_param,pp_id,ll,AIC,agent_type
0,0.3718130567867965,0.47252338618947753,3.938183078192022,5f35d74293a88f0023c8d67c,-51.983418,109.966836,hill_climbing
