,attention_cost,exp_param,step_size,vm_param,pp_id,ll,AIC,agent_type
0,12.829952990908925,0.10034112235267363,0.17255251807536937,3.734071317371953,5f360eea93a88f0023c908e9,-80.52218403922258,169.04436807844516,sparse_max_continuous
