,attention_cost,exp_param,vm_param,pp_id,ll,AIC,agent_type
0,246.3392369207314,0.0399732647662708,2.0973070502571067,5f35d74693a88f0023c8d67e,-90.377195,186.75439,sparse_lqr
