,attention_cost,exp_param,vm_param,pp_id,ll,AIC,agent_type
0,75.72832588831454,0.0122668694687104,5.6421619706726585,5f35d81193a88f0023c8d742,-83.193391,172.386782,sparse_lqr
