,exp_param,step_size,vm_param,pp_id,ll,AIC,agent_type
0,0.1314372018433648,0.21697318523198356,9.992051426604894,5f35d72f93a88f0023c8d675,-31.084952,68.169904,hill_climbing
