,exp_param,vm_param,pp_id,ll,AIC,agent_type
0,0.03343867424608441,5.360727938003188,5f35d7d393a88f0023c8d6f4,-69.52986262433375,143.0597252486675,null_model_2
