,attention_cost,exp_param,step_size,vm_param,pp_id,ll,AIC,agent_type
0,0.0,0.013786463432222684,0.05112597157229881,4.492845181529757,5f35d78493a88f0023c8d69f,-64.345354,134.690708,hill_climbing
