,attention_cost,exp_param,vm_param,pp_id,ll,AIC,agent_type
0,78.75882965555144,0.028548733963867617,2.5091070350491487,5f35d65893a88f0023c8d625,-87.074726,178.149452,sparse_lqr
