,attention_cost,exp_param,step_size,vm_param,pp_id,ll,AIC,agent_type
0,11.350394267210389,0.027031859592822484,0.06017451354508052,3.8723649708151084,5f35df8793a88f0023c8f599,-84.206012,176.412024,sparse_max_continuous
