,attention_cost,exp_param,vm_param,pp_id,ll,AIC,agent_type
0,180.219465526917,0.040664769843671636,4.065933456629731,5f35d63193a88f0023c8d616,-73.058799,152.117598,sparse_lqr
