,attention_cost,exp_param,step_size,vm_param,pp_id,ll,AIC,agent_type
0,2.19529343156181,0.004028943277397438,0.09906492601809508,7.752517733104986,5f35da4f93a88f0023c8dc28,-70.26226499216897,148.52452998433793,sparse_max_continuous
