,attention_cost,exp_param,step_size,vm_param,pp_id,ll,AIC,agent_type
0,2.624466286607726,0.22808242654840408,0.47156492417107565,1.7476587635631158,5f35d74293a88f0023c8d67c,-72.301712,152.603424,sparse_max_continuous
