attention_cost,exp_param,step_size,vm_param,pp_id,ll,AIC,agent_type
0.0,0.0443745427510337,0.3280098386486031,3.746977089864312,5f35db0b93a88f0023c8ded5,-78.30455774746082,162.60911549492164,hill_climbing
