,exp_param,vm_param,pp_id,ll,AIC,agent_type
0,0.04077013137044854,2.629187621556659,5f35d70093a88f0023c8d662,-85.280612,174.561224,null_model_2
