,attention_cost,exp_param,step_size,vm_param,pp_id,ll,AIC,agent_type
0,0.0,0.04266219190900449,0.0,9.820506667252612,5f362fb593a88f0023c91191,-52.903783,111.807566,hill_climbing
