,attention_cost,exp_param,vm_param,pp_id,ll,AIC,agent_type
0,79.70894592192813,0.001,4.364486139433449,5f35da4f93a88f0023c8dc28,-113.82028606708519,231.64057213417038,sparse_lqr
