,exp_param,step_size,vm_param,pp_id,ll,AIC,agent_type
0,0.12246920594610915,0.36237374054859756,7.438908266685887,5f35d80393a88f0023c8d729,-49.783857,105.567714,hill_climbing
