,exp_param,vm_param,pp_id,ll,AIC,agent_type
0,0.06228444665297152,2.6276134978976495,5f35d71c93a88f0023c8d66e,-81.137622,166.275244,null_model_2
