,attention_cost,exp_param,step_size,vm_param,pp_id,ll,AIC,agent_type
0,25.284916976248642,0.009472332388581282,0.5883598714679795,2.3428428831516213,5f360f4693a88f0023c908ef,-102.85101,213.70202,sparse_max_discrete
