,exp_param,vm_param,pp_id,ll,AIC,agent_type
0,0.017162854106615128,0.6620153517137073,5f35d8e393a88f0023c8d887,-120.051483,244.102966,lqr
