,attention_cost,exp_param,vm_param,pp_id,ll,AIC,agent_type
0,235.54983066000872,0.001,2.3742050326630486,5f36101b93a88f0023c90907,-121.379839,248.759678,sparse_lqr
