,exp_param,vm_param,pp_id,ll,AIC,agent_type
0,0.004135681261800272,1.960583024708391,5f35d68993a88f0023c8d637,-116.042028,236.084056,lqr
