,exp_param,vm_param,pp_id,ll,AIC,agent_type
0,0.029409373197777103,9.99999993928111,5f35d88193a88f0023c8d7ff,-48.591657,101.183314,null_model_2
