,attention_cost,exp_param,step_size,vm_param,pp_id,ll,AIC,agent_type
0,20.20212524672953,0.02753735498712801,1.4869955826416195,5.24899966309466,5f35d62693a88f0023c8d611,-82.30302693737914,172.6060538747583,sparse_max_discrete
