,b,exp_param,n,vm_param,pp_id,ll,AIC,agent_type
0,2.9467066274711557,0.07126310817390971,2.8960251599522184,3.4916741295707734,5f35d6f793a88f0023c8d65f,-78.8691899267757,165.7383798535514,null_model_1
