,exp_param,vm_param,pp_id,ll,AIC,agent_type
0,0.04884659035284021,2.1425327427722873,5f35d6b193a88f0023c8d648,-89.048901,182.097802,null_model_2
