,b,exp_param,n,vm_param,pp_id,ll,AIC,agent_type
0,7.215770011452404,0.015078201898250512,3.863782797849578,5.644983202408741,5f35d7f093a88f0023c8d716,-80.2950805,168.590161,null_model_1
