,attention_cost,exp_param,step_size,vm_param,pp_id,ll,AIC,agent_type
0,14.912837314423737,0.003348483972549626,1.486766776677344,3.076024233111867,5f35e93693a88f0023c905d9,-101.153652,210.307304,sparse_max_discrete
