exp_param,vm_param,pp_id,ll,AIC,agent_type
0.0083092802846966,2.4100055861039635,5f35db0b93a88f0023c8ded5,-102.38954675487648,208.77909350975295,lqr
