exp_param,vm_param,pp_id,ll,AIC,agent_type
0.0024316873245578,1.3473533966591311,5f362fb593a88f0023c91191,-129.64793980348296,263.2958796069659,lqr
