,attention_cost,exp_param,step_size,vm_param,pp_id,ll,AIC,agent_type
0,2.712291470843958,0.1298470081581338,0.15789378999418036,1.7272746332288003,5f35d5d093a88f0023c8d5f7,-78.31178966417423,164.62357932834846,sparse_max_continuous
