,exp_param,vm_param,pp_id,ll,AIC,agent_type
0,0.005368930152106632,1.67907183337068,5f35d78493a88f0023c8d69f,-118.9426793872857,241.8853587745714,lqr
