,attention_cost,exp_param,step_size,vm_param,pp_id,ll,AIC,agent_type
0,4.3544154053191235,0.001,0.5603214087017074,1.9083634372642941,5f35dba493a88f0023c8e193,-123.890403,255.780806,sparse_max_continuous
