exp_param,vm_param,pp_id,ll,AIC,agent_type
0.0208602537059557,0.2621098687771928,5f35d7d393a88f0023c8d6f4,-120.84248004837806,245.68496009675613,lqr
