,attention_cost,exp_param,step_size,vm_param,pp_id,ll,AIC,agent_type
0,0.0,0.01044001864528513,0.6218805838385495,2.4728873235841475,5f35e93693a88f0023c905d9,-101.26624159016447,208.53248318032894,hill_climbing
