,exp_param,vm_param,pp_id,ll,AIC,agent_type
0,0.008064210187429784,2.028612564536049,5f35d6af93a88f0023c8d646,-107.334916,218.669832,lqr
