b,exp_param,n,vm_param,pp_id,ll,AIC,agent_type
8.682778337658128,0.0195576259752321,1.280088574876889,4.863451109370319,5f35dc9193a88f0023c8e6bd,-78.01831844365049,164.03663688730097,null_model_1
