,attention_cost,exp_param,vm_param,pp_id,ll,AIC,agent_type
0,204.90149659040557,0.02401104592026803,2.5101775092866196,5f35d94f93a88f0023c8d95c,-89.3983,182.7966,sparse_lqr
