,attention_cost,exp_param,vm_param,pp_id,ll,AIC,agent_type
0,13.344131030947281,0.04084711828428233,4.312010107135804,5f36107b93a88f0023c9090e,-82.530229,171.060458,sparse_lqr
