attention_cost,exp_param,step_size,vm_param,pp_id,ll,AIC,agent_type
9.064737144797167,0.0210258524426605,0.0159018141292169,1.9527233235935384,5f35d94f93a88f0023c8d95c,-101.87920470755468,211.75840941510936,sparse_max_continuous
