,attention_cost,exp_param,vm_param,pp_id,ll,AIC,agent_type
0,15.354809756695222,0.001,2.109063196473515,5f360ea493a88f0023c908e6,-129.656346,265.312692,sparse_lqr
