,b,exp_param,n,vm_param,pp_id,ll,AIC,agent_type
0,2.0597387760937673,0.5730368344182422,4.194778153669299,9.983629836737832,5f360ff993a88f0023c90904,-20.2298055,48.459611,null_model_1
