,exp_param,vm_param,pp_id,ll,AIC,agent_type
0,0.00893368592891607,2.0609130146041443,5f360f4693a88f0023c908ef,-107.165205,218.33041,null_model_2
