,attention_cost,exp_param,step_size,vm_param,pp_id,ll,AIC,agent_type
0,0.0,0.04645271782456317,0.6953356364275678,3.3475134371366377,5f35d77893a88f0023c8d690,-77.091056,160.182112,hill_climbing
