,exp_param,vm_param,pp_id,ll,AIC,agent_type
0,0.08619437115520588,9.999999657945795,5f35d79293a88f0023c8d6a1,-43.19434,90.38868,null_model_2
