exp_param,vm_param,pp_id,ll,AIC,agent_type
0.0188540337943421,5.170665065647438,5f35d64293a88f0023c8d61c,-75.41487215288198,154.82974430576397,null_model_2
