,attention_cost,exp_param,vm_param,pp_id,ll,AIC,agent_type
0,170.15804953016337,0.001,3.9196114779327704,5f35e70693a88f0023c90462,-212.856068,429.712136,sparse_lqr
