,b,exp_param,n,vm_param,pp_id,ll,AIC,agent_type
0,0.01864519497615791,0.00571397375731321,4.330726948003769,2.1796173057436774,5f35d62993a88f0023c8d613,-106.69800149999999,221.39600299999998,null_model_1
