,attention_cost,exp_param,step_size,vm_param,pp_id,ll,AIC,agent_type
0,0.0,0.018991713248219334,0.24863320737015776,1.8280175485742112,5f35d8b893a88f0023c8d833,-98.766148,203.532296,hill_climbing
