,b,exp_param,n,vm_param,pp_id,ll,AIC,agent_type
0,1.5296030478611145,0.020329216883386396,3.153168416257191,6.311700994838533,5f35d7d393a88f0023c8d6f4,-59.91337539999999,127.82675079999999,null_model_1
