,attention_cost,exp_param,vm_param,pp_id,ll,AIC,agent_type
0,152.25460355710428,0.012684499334590236,1.9661298215522816,5f35d65d93a88f0023c8d629,-103.102951,210.205902,sparse_lqr
