,exp_param,vm_param,pp_id,ll,AIC,agent_type
0,0.007090882100122501,2.819408074726536,5f36101b93a88f0023c90907,-99.3906,202.7812,null_model_2
