,b,exp_param,n,vm_param,pp_id,ll,AIC,agent_type
0,2.357875265995885,0.08630474898404744,4.92564186301645,6.0950192577349664,5f35d72f93a88f0023c8d675,-55.251020000000004,118.50204000000001,null_model_1
