,attention_cost,exp_param,vm_param,pp_id,ll,AIC,agent_type
0,144.93933840747115,0.02249561407636846,5.149205875694203,5f35d64293a88f0023c8d61c,-75.53317816928615,155.0663563385723,sparse_lqr
