,attention_cost,exp_param,step_size,vm_param,pp_id,ll,AIC,agent_type
0,0.0,0.0726212185428333,0.08556973277073165,3.190189537547269,5f35d60a93a88f0023c8d608,-71.480132,148.960264,hill_climbing
