,attention_cost,exp_param,step_size,vm_param,pp_id,ll,AIC,agent_type
0,20.692222554172155,0.014839292915150917,0.09709902051585867,2.6204208142987118,5f35d86c93a88f0023c8d7e9,-99.659501,207.319002,sparse_max_discrete
