,exp_param,vm_param,pp_id,ll,AIC,agent_type
0,0.03274993425520745,4.2154867274236345,5f35d78493a88f0023c8d69f,-75.137227,154.274454,null_model_2
