,attention_cost,exp_param,step_size,vm_param,pp_id,ll,AIC,agent_type
0,5.830393837927614,0.016877396912374994,0.141827372192254,4.250056142738318,5f35dc9193a88f0023c8e6bd,-76.6495,161.299,sparse_max_continuous
