,b,exp_param,n,vm_param,pp_id,ll,AIC,agent_type
0,1.509373693809246,0.012077195439731372,1.9363328492522816,1.7407351819311911,5f35d81193a88f0023c8d742,-102.06477030505629,212.12954061011257,null_model_1
