,b,exp_param,n,vm_param,pp_id,ll,AIC,agent_type
0,1.3292788539723528,0.10904738360568085,3.5509482284987692,1.4812647196330464,5f35d73d93a88f0023c8d679,-93.95206163865244,195.90412327730488,null_model_1
