,b,exp_param,n,vm_param,pp_id,ll,AIC,agent_type
0,9.152553617913156,0.03122332506231284,4.91155804393099,2.685804652105972,5f35d77893a88f0023c8d690,-81.4043566,170.8087132,null_model_1
