,exp_param,vm_param,pp_id,ll,AIC,agent_type
0,0.02897580068557162,1.8380791859397216,5f35d74293a88f0023c8d67c,-97.210217,198.420434,lqr
