,attention_cost,exp_param,step_size,vm_param,pp_id,ll,AIC,agent_type
0,22.89582896091734,0.042951194067591285,0.19658728059372643,5.409347745326888,5f35d65893a88f0023c8d625,-66.604369,141.208738,sparse_max_discrete
