,attention_cost,exp_param,step_size,vm_param,pp_id,ll,AIC,agent_type
0,0.0,0.03388102754237576,0.5139424480358876,1.499719821929525,5f35d77893a88f0023c8d690,-92.42160476106974,190.8432095221395,hill_climbing
