,attention_cost,exp_param,vm_param,pp_id,ll,AIC,agent_type
0,34.66814856987723,0.10503917784270174,1.7616341287185278,5f35e11793a88f0023c8fa8c,-87.37890305557866,178.75780611115732,sparse_lqr
