,attention_cost,exp_param,step_size,vm_param,pp_id,ll,AIC,agent_type
0,0.0,0.0837390172032831,0.695393408397786,1.6349484317973306,5f35d71c93a88f0023c8d66e,-90.330777,186.661554,hill_climbing
