,attention_cost,exp_param,vm_param,pp_id,ll,AIC,agent_type
0,196.6901641041155,0.008633735913115743,2.293656875829374,5f35d62993a88f0023c8d613,-104.958458,215.916916,sparse_lqr
