attention_cost,exp_param,step_size,vm_param,pp_id,ll,AIC,agent_type
0.0,0.1002689037934032,0.3422744137792964,1.5948655894958863,5f35dcae93a88f0023c8e7a3,-87.82967561986756,181.65935123973512,hill_climbing
