,attention_cost,exp_param,step_size,vm_param,pp_id,ll,AIC,agent_type
0,17.004329127514964,0.0174379263230575,0.2457147035135921,4.500224048339638,5f35df8793a88f0023c8f599,-79.3239,166.6478,sparse_max_discrete
