,attention_cost,exp_param,vm_param,pp_id,ll,AIC,agent_type
0,236.9133146260083,0.007239188344908894,2.0702329836512536,5f35d62993a88f0023c8d613,-108.830272,223.660544,sparse_lqr
