,exp_param,vm_param,pp_id,ll,AIC,agent_type
0,0.05387333539769209,1.2324084632552723,5f35d60393a88f0023c8d605,-100.93547794285277,205.87095588570554,lqr
