,b,exp_param,n,vm_param,pp_id,ll,AIC,agent_type
0,2.4273366353776584,0.030137176937876146,4.798987714219512,6.176501353058192,5f35d77893a88f0023c8d691,-73.5391023,155.0782046,null_model_1
