exp_param,vm_param,pp_id,ll,AIC,agent_type
0.0030849331017892,0.9242954481478804,5f360f1993a88f0023c908ea,-134.0112017718289,272.0224035436578,lqr
