,b,exp_param,n,vm_param,pp_id,ll,AIC,agent_type
0,9.640473765413073,0.0025692158697677592,1.0955552390175862,2.2604929079595815,5f35e93693a88f0023c905d9,-120.5590311,249.1180622,null_model_1
