,b,exp_param,n,vm_param,pp_id,ll,AIC,agent_type
0,2.945740931487628,0.0392110934563926,2.5473713772139286,6.828807008274388,5f35d6bc93a88f0023c8d64b,-59.1125909,126.2251818,null_model_1
