,b,exp_param,n,vm_param,pp_id,ll,AIC,agent_type
0,2.697339807234446,0.03832428809832947,2.3115514443490204,5.554482050748519,5f35d73b93a88f0023c8d678,-74.33948197902204,156.67896395804408,null_model_1
