,exp_param,vm_param,pp_id,ll,AIC,agent_type
0,0.023418109193306936,9.984845037942875,5f35dafe93a88f0023c8de97,-40.03669083037186,84.07338166074372,null_model_2
