,attention_cost,exp_param,step_size,vm_param,pp_id,ll,AIC,agent_type
0,16.684312043407772,0.008185423789454914,0.31869307291326315,1.9517037991667119,5f35d6aa93a88f0023c8d642,-101.65486905067257,211.30973810134515,sparse_max_discrete
