,attention_cost,exp_param,step_size,vm_param,pp_id,ll,AIC,agent_type
0,0.0,0.09900792626431669,0.11248661835934953,5.147440296151487,5f35d97e93a88f0023c8d9d4,-59.87326181702092,125.74652363404184,hill_climbing
