,attention_cost,exp_param,vm_param,pp_id,ll,AIC,agent_type
0,123.85616189564135,0.05581972930035266,1.9963875490717309,5f35d71c93a88f0023c8d66e,-90.282149,186.564298,sparse_lqr
