,exp_param,vm_param,pp_id,ll,AIC,agent_type
0,0.025932118458125077,7.45826497696446,5f35db0b93a88f0023c8ded5,-64.525066,133.050132,null_model_2
