,attention_cost,exp_param,step_size,vm_param,pp_id,ll,AIC,agent_type
0,11.301725968230741,0.013349796951119635,0.05331763908400672,2.5546520100331795,5f3626b693a88f0023c91063,-85.602721,179.205442,sparse_max_continuous
