,attention_cost,exp_param,vm_param,pp_id,ll,AIC,agent_type
0,197.80348085860942,0.07184748206991684,1.5260398704227185,5f35dcae93a88f0023c8e7a3,-93.62659,193.25318,sparse_lqr
