,b,exp_param,n,vm_param,pp_id,ll,AIC,agent_type
0,1.3680487524581675,0.01299208364809434,3.5543945257189775,5.166778923929066,5f35dafe93a88f0023c8de97,-63.83748700000001,135.67497400000002,null_model_1
