,exp_param,vm_param,pp_id,ll,AIC,agent_type
0,0.005589119542916132,1.7400565946597968,5f35d7a693a88f0023c8d6b2,-115.84573046407938,235.69146092815876,null_model_2
