,b,exp_param,n,vm_param,pp_id,ll,AIC,agent_type
0,5.288535090860225,0.011237574541747036,4.025350611964173,9.175656851936417,5f35d7fa93a88f0023c8d725,-49.2371002,106.4742004,null_model_1
