,attention_cost,exp_param,step_size,vm_param,pp_id,ll,AIC,agent_type
0,26.18454857833826,0.015556692549911696,0.05399966971250586,4.65508856262553,5f35d7f093a88f0023c8d716,-85.79100415907645,179.5820083181529,sparse_max_discrete
