,exp_param,step_size,vm_param,pp_id,ll,AIC,agent_type
0,0.06850609740075017,0.450553787754964,2.019613367195159,5f35d79b93a88f0023c8d6aa,-86.232936,178.465872,hill_climbing
