,attention_cost,exp_param,step_size,vm_param,pp_id,ll,AIC,agent_type
0,0.0,0.04558565211278359,0.0,2.133367898271133,5f3612ca93a88f0023c909a0,-85.60982131688907,177.21964263377814,hill_climbing
