,attention_cost,exp_param,step_size,vm_param,pp_id,ll,AIC,agent_type
0,15.409540142580994,0.01455669243644837,0.6943408969305642,2.8453215862555394,5f35d65d93a88f0023c8d629,-93.99007760386792,195.98015520773583,sparse_max_discrete
