,exp_param,vm_param,pp_id,ll,AIC,agent_type
0,0.012266325885671465,0.571666401312283,5f35d85593a88f0023c8d7c5,-124.25416,252.50832,lqr
