attention_cost,exp_param,vm_param,pp_id,ll,AIC,agent_type
63.229350740611615,0.0424336044969223,3.218287999702445,5f35df8793a88f0023c8f599,-79.1213246068709,162.2426492137418,sparse_lqr
