exp_param,vm_param,pp_id,ll,AIC,agent_type
0.0062673110624581,1.9233671186969248,5f35d7fa93a88f0023c8d725,-111.80157307457594,227.60314614915188,lqr
