attention_cost,exp_param,step_size,vm_param,pp_id,ll,AIC,agent_type
14.088808668773122,0.0033654634952425,0.0288586495840758,5.787875899424009,5f35da4f93a88f0023c8dc28,-73.0627826961326,154.1255653922652,sparse_max_discrete
