,exp_param,vm_param,pp_id,ll,AIC,agent_type
0,0.0028887335185281563,1.0822952154334886,5f35d79b93a88f0023c8d6aa,-132.291543,268.583086,lqr
