,attention_cost,exp_param,step_size,vm_param,pp_id,ll,AIC,agent_type
0,22.562464982626505,0.015057328395511497,0.03527582867059076,3.8376172037681733,5f35d68993a88f0023c8d637,-94.670284,197.340568,sparse_max_continuous
