,attention_cost,exp_param,vm_param,pp_id,ll,AIC,agent_type
0,150.36314089966692,0.012407912701185103,6.510534887587809,5f35d83093a88f0023c8d771,-71.9763,147.9526,sparse_lqr
