,b,exp_param,n,vm_param,pp_id,ll,AIC,agent_type
0,0.5844251522165111,0.022776007260612845,1.319136990524287,1.5699228178985558,5f35d9ad93a88f0023c8da5b,-100.9904014,209.9808028,null_model_1
