,b,exp_param,n,vm_param,pp_id,ll,AIC,agent_type
0,3.105056657323754,0.020572430198567696,1.0713310922704844,4.0540648642948245,5f35d76593a88f0023c8d688,-76.5309764,161.0619528,null_model_1
