,attention_cost,exp_param,step_size,vm_param,pp_id,ll,AIC,agent_type
0,28.00215430189201,0.019294365618496824,0.6748517711539611,2.1394965107650545,5f35d72b93a88f0023c8d674,-96.454887,200.909774,sparse_max_discrete
