,b,exp_param,n,vm_param,pp_id,ll,AIC,agent_type
0,19.075971703794025,0.014531927292221868,1.1119537976217138,2.3081803172799873,5f35d81193a88f0023c8d742,-99.52986546310976,207.05973092621952,null_model_1
