,attention_cost,exp_param,step_size,vm_param,pp_id,ll,AIC,agent_type
0,0.0,0.01893718326313963,0.1558963870021689,4.86898231021303,5f35d65393a88f0023c8d623,-71.294766,148.589532,hill_climbing
