,attention_cost,exp_param,vm_param,pp_id,ll,AIC,agent_type
0,47.00894354851323,0.024806748427803484,2.44758945501252,5f36121793a88f0023c9095f,-75.489204,154.978408,sparse_lqr
