,b,exp_param,n,vm_param,pp_id,ll,AIC,agent_type
0,4.529161153859132,0.018530182954254595,3.86616471400907,2.708822040688804,5f35d68993a88f0023c8d637,-95.3175569,198.6351138,null_model_1
