attention_cost,exp_param,step_size,vm_param,pp_id,ll,AIC,agent_type
0.0469353555213281,0.0193975305840626,0.4763781447410664,4.118071668096821,5f35d7fa93a88f0023c8d725,-58.75956196039456,125.51912392078911,sparse_max_continuous
