,attention_cost,exp_param,step_size,vm_param,pp_id,ll,AIC,agent_type
0,12.764943058973316,0.07532396737406594,0.011861610442465143,6.417155044179096,5f35d80393a88f0023c8d729,-56.93832,121.87664,sparse_max_discrete
