,b,exp_param,n,vm_param,pp_id,ll,AIC,agent_type
0,1.0,0.5734365272778545,1.0,9.374541248832601,5f362fb593a88f0023c91191,-37.405576499999995,82.81115299999999,null_model_1
