b,exp_param,n,vm_param,pp_id,ll,AIC,agent_type
4.45656019244126,0.0743931877057632,1.0589751635997875,9.71820072977926,5f35d77893a88f0023c8d691,-61.34248868797194,130.68497737594387,null_model_1
