attention_cost,exp_param,step_size,vm_param,pp_id,ll,AIC,agent_type
6.7941578630806685,0.0332555020208639,0.0268736130640667,7.325392417788904,5f35d80393a88f0023c8d729,-50.76144860598855,109.5228972119771,sparse_max_continuous
