,b,exp_param,n,vm_param,pp_id,ll,AIC,agent_type
0,7.096652075696647,0.00908345724775561,1.4077775312211198,1.8151097149075601,5f360f4693a88f0023c908ef,-108.8708732,225.7417464,null_model_1
