,attention_cost,exp_param,vm_param,pp_id,ll,AIC,agent_type
0,24.76045427716872,0.056144568597331926,2.399960637103021,5f35dfdb93a88f0023c8f6da,-88.189224,180.378448,sparse_lqr
