,attention_cost,exp_param,vm_param,pp_id,ll,AIC,agent_type
0,232.50913004655206,0.038559474664764566,2.728739472856642,5f35dfdb93a88f0023c8f6da,-82.420649,170.841298,sparse_lqr
