,attention_cost,exp_param,step_size,vm_param,pp_id,ll,AIC,agent_type
0,0.0,0.04002579035669804,0.14134799230557238,3.3620159376581515,5f35e0a193a88f0023c8f986,-78.8736794613394,163.7473589226788,hill_climbing
