,attention_cost,exp_param,step_size,vm_param,pp_id,ll,AIC,agent_type
0,0.0,0.01257507921314355,0.2193845823832965,2.056545290615719,5f35d86c93a88f0023c8d7e9,-99.27887131604966,204.55774263209932,hill_climbing
