,attention_cost,exp_param,step_size,vm_param,pp_id,ll,AIC,agent_type
0,7.313702895219839,0.020687618144258915,0.4188651426139394,3.790246164205393,5f35e0a193a88f0023c8f986,-78.2295,164.459,sparse_max_discrete
