,attention_cost,exp_param,vm_param,pp_id,ll,AIC,agent_type
0,38.17952851448892,0.05009866873949079,2.1918248135868588,5f35dfdb93a88f0023c8f6da,-88.5439139784734,181.0878279569468,sparse_lqr
