,attention_cost,exp_param,vm_param,pp_id,ll,AIC,agent_type
0,15.758479272388826,0.12237098181822834,2.633781258466076,5f35e09e93a88f0023c8f979,-75.80550484719475,155.6110096943895,sparse_lqr
