,attention_cost,exp_param,step_size,vm_param,pp_id,ll,AIC,agent_type
0,0.0,0.03113715638541344,0.009781701895516137,8.305794789944745,5f35d93793a88f0023c8d930,-61.662317907290515,129.32463581458103,hill_climbing
