,exp_param,step_size,vm_param,pp_id,ll,AIC,agent_type
0,0.11577887267668353,0.26918199078183974,4.985299895326525,5f35d63193a88f0023c8d616,-58.892411,123.784822,hill_climbing
