,attention_cost,exp_param,step_size,vm_param,pp_id,ll,AIC,agent_type
0,26.4496711690433,0.03844189939675745,0.02387072573852944,5.252119317380728,5f362fb593a88f0023c91191,-65.4886,138.9772,sparse_max_continuous
