,b,exp_param,n,vm_param,pp_id,ll,AIC,agent_type
0,0.7058115904188367,0.00640739617772111,1.9842209305422247,3.0063517812199816,5f35e93693a88f0023c905d9,-115.9071025,239.814205,null_model_1
