,b,exp_param,n,vm_param,pp_id,ll,AIC,agent_type
0,2.088371120870891,0.5850409882291296,4.414976420084926,9.45783795680051,5f360ff993a88f0023c90904,-20.9281635,49.856327,null_model_1
