,attention_cost,exp_param,vm_param,pp_id,ll,AIC,agent_type
0,289.5814490848245,0.014748029987875985,2.343643258871907,5f360f4693a88f0023c908ef,-107.991027,221.982054,sparse_lqr
