,attention_cost,exp_param,vm_param,pp_id,ll,AIC,agent_type
0,259.5097636622946,0.039377998629233676,2.0784729146758876,5f35d6b193a88f0023c8d648,-89.917577,185.835154,sparse_lqr
