,attention_cost,exp_param,step_size,vm_param,pp_id,ll,AIC,agent_type
0,6.637546934113171,0.017097409395254413,0.4921288994722167,7.028983645234279,5f36121793a88f0023c9095f,-69.952324,147.904648,sparse_max_continuous
