,attention_cost,exp_param,step_size,vm_param,pp_id,ll,AIC,agent_type
0,0.0,0.03679893099095769,0.23091125504473592,2.9461357929199536,5f35db0b93a88f0023c8ded5,-79.2018,164.4036,hill_climbing
