b,exp_param,n,vm_param,pp_id,ll,AIC,agent_type
1.974126558149984,0.0271847758908415,1.1132259520831784,2.462110676030459,5f3612ca93a88f0023c909a0,-93.13667705480948,194.27335410961896,null_model_1
