,exp_param,vm_param,pp_id,ll,AIC,agent_type
0,0.03137811730586226,1.3265070848502691,5f35d60a93a88f0023c8d608,-104.01636270874474,212.03272541748947,lqr
