,attention_cost,exp_param,vm_param,pp_id,ll,AIC,agent_type
0,280.6247161426679,0.0014860226087220329,1.8640049411620718,5f36101b93a88f0023c90907,-119.854908,245.709816,sparse_lqr
