,attention_cost,exp_param,step_size,vm_param,pp_id,ll,AIC,agent_type
0,19.64409614307683,0.014859197576007118,1.4831561810947453,5.407396800314492,5f35d62693a88f0023c8d611,-84.433458,176.866916,sparse_max_discrete
