,attention_cost,exp_param,vm_param,pp_id,ll,AIC,agent_type
0,108.19383694548227,0.03109445226241038,6.911418223540672,5f35d90c93a88f0023c8d8d0,-68.926873,141.853746,sparse_lqr
