,attention_cost,exp_param,step_size,vm_param,pp_id,ll,AIC,agent_type
0,0.0,0.031101340584978984,0.3444529674034919,4.731724957607873,5f36107b93a88f0023c9090e,-71.24053342531855,148.4810668506371,hill_climbing
