,attention_cost,exp_param,step_size,vm_param,pp_id,ll,AIC,agent_type
0,16.260939973155995,0.04200578776691208,0.5593967910025521,6.372803662282863,5f362fb593a88f0023c91191,-59.325563,126.651126,sparse_max_discrete
