,b,exp_param,n,vm_param,pp_id,ll,AIC,agent_type
0,2.0983551000436362,0.04449715022730433,2.280627153399014,5.907355959825205,5f35d78493a88f0023c8d69f,-77.74723039999999,163.49446079999998,null_model_1
