,b,exp_param,n,vm_param,pp_id,ll,AIC,agent_type
0,9.864803170855444,0.028715868695161666,3.8722004410703263,8.47239699268078,5f35d65393a88f0023c8d623,-66.57907684601449,141.15815369202898,null_model_1
