,attention_cost,exp_param,step_size,vm_param,pp_id,ll,AIC,agent_type
0,0.6303657066956903,0.24209306307743678,0.7930670423674099,3.8389790405674895,5f35d7f393a88f0023c8d71a,-57.797893,123.595786,sparse_max_discrete
