,b,exp_param,n,vm_param,pp_id,ll,AIC,agent_type
0,1.0442130206975966,0.35159322771402574,4.093308868147159,6.75100198900389,5f360ff993a88f0023c90904,-47.93607017463125,103.8721403492625,null_model_1
