attention_cost,exp_param,step_size,vm_param,pp_id,ll,AIC,agent_type
22.249285331469565,0.0143819495642758,0.0041581946281382,7.870040613907077,5f35d76593a88f0023c8d688,-62.21820691533823,132.43641383067646,sparse_max_continuous
