,attention_cost,exp_param,step_size,vm_param,pp_id,ll,AIC,agent_type
0,19.303875667224148,0.04645271782456317,0.6953356364275678,3.3475134371366377,5f36107b93a88f0023c9090e,-80.058671,168.117342,sparse_max_continuous
