,exp_param,vm_param,pp_id,ll,AIC,agent_type
0,0.0011541672609161192,1.3303549803533177,5f35dba493a88f0023c8e193,-137.856551,279.713102,lqr
