,exp_param,vm_param,pp_id,ll,AIC,agent_type
0,0.0032380157895713336,8.685885941923898,5f35da4f93a88f0023c8dc28,-83.0761,170.1522,null_model_2
