,attention_cost,exp_param,step_size,vm_param,pp_id,ll,AIC,agent_type
0,4.109367428787966,0.012596250424328295,0.010031557356352305,3.9604847481513517,5f35d7f093a88f0023c8d716,-85.4809,178.9618,sparse_max_discrete
