,exp_param,vm_param,pp_id,ll,AIC,agent_type
0,0.022257305766419357,2.8941028271371803,5f35d62693a88f0023c8d611,-88.84360727346177,181.68721454692354,null_model_2
