attention_cost,exp_param,step_size,vm_param,pp_id,ll,AIC,agent_type
23.717110122360573,0.0301769885416401,0.079937708531003,5.221306727641258,5f35d93793a88f0023c8d930,-61.05719534180712,130.11439068361423,sparse_max_discrete
