,attention_cost,exp_param,step_size,vm_param,pp_id,ll,AIC,agent_type
0,0.0,0.03351728806947293,0.06327612563549884,1.8700187772367693,5f35d71a93a88f0023c8d66c,-97.243406,200.486812,hill_climbing
