,exp_param,vm_param,pp_id,ll,AIC,agent_type
0,0.003057021448433569,1.5275444422184892,5f3610a993a88f0023c90912,-125.324539,254.649078,lqr
