,attention_cost,exp_param,vm_param,pp_id,ll,AIC,agent_type
0,113.12477976220023,0.027601256806929854,1.1092036903424063,5f35d77893a88f0023c8d690,-104.2167,212.4334,sparse_lqr
