,exp_param,vm_param,pp_id,ll,AIC,agent_type
0,0.003168647581001519,1.945880028133543,5f35d64493a88f0023c8d61e,-117.612306,239.224612,lqr
