,attention_cost,exp_param,step_size,vm_param,pp_id,ll,AIC,agent_type
0,19.96358819314211,0.13409322087572662,0.9188410561000269,5.852040932982173,5f35e11793a88f0023c8fa8c,-60.790584,129.581168,sparse_max_discrete
