,b,exp_param,n,vm_param,pp_id,ll,AIC,agent_type
0,2.056574327507359,0.015565188911369016,2.1508957354212295,3.07424563593371,5f35d81193a88f0023c8d742,-90.09289220000001,188.18578440000002,null_model_1
