,exp_param,vm_param,pp_id,ll,AIC,agent_type
0,0.01860184046155903,2.034196889486899,5f35d83993a88f0023c8d78b,-100.101929,204.203858,null_model_2
