,exp_param,vm_param,pp_id,ll,AIC,agent_type
0,0.002244590205168881,1.074878291684651,5f35d71a93a88f0023c8d66c,-134.67030530912524,273.3406106182505,lqr
