,exp_param,vm_param,pp_id,ll,AIC,agent_type
0,0.006008096345434419,2.2181536258215226,5f35e93693a88f0023c905d9,-108.0496,220.0992,null_model_2
