,exp_param,vm_param,pp_id,ll,AIC,agent_type
0,0.029076415234104223,0.5004257760668163,5f35d74293a88f0023c8d67c,-116.9822097082844,237.9644194165688,lqr
