,attention_cost,exp_param,step_size,vm_param,pp_id,ll,AIC,agent_type
0,2.232400616663943,0.06634557812857514,0.14799215249446696,3.064680500995208,5f35d63193a88f0023c8d616,-66.069136,140.138272,sparse_max_continuous
