,attention_cost,exp_param,step_size,vm_param,pp_id,ll,AIC,agent_type
0,0.0,0.0924038074848857,0.4597974167468579,8.361736856157792,5f35d6f793a88f0023c8d65f,-49.052801,104.105602,hill_climbing
