,attention_cost,exp_param,step_size,vm_param,pp_id,ll,AIC,agent_type
0,28.652029516752112,0.018876048765495788,0.588051708296929,4.695538878195215,5f35d8e393a88f0023c8d887,-79.0181,166.0362,sparse_max_discrete
