,attention_cost,exp_param,vm_param,pp_id,ll,AIC,agent_type
0,232.775154434873,0.011991788521759618,2.0379850423582213,5f360f4693a88f0023c908ef,-114.956,233.912,sparse_lqr
