,b,exp_param,n,vm_param,pp_id,ll,AIC,agent_type
0,2.321099165134467,0.018979595914233476,4.896548320257793,4.603616838608716,5f35db9193a88f0023c8e13f,-75.9192176,159.8384352,null_model_1
