,exp_param,step_size,vm_param,pp_id,ll,AIC,agent_type
0,0.0058646412918193684,0.07446567954933037,2.9390809930611117,5f36101b93a88f0023c90907,-100.834267,207.668534,hill_climbing
