,exp_param,vm_param,pp_id,ll,AIC,agent_type
0,0.02755375833038779,7.5278728582290135,5f35db0b93a88f0023c8ded5,-64.538832,133.077664,null_model_2
