,attention_cost,exp_param,step_size,vm_param,pp_id,ll,AIC,agent_type
0,28.76608646817188,0.05646491637931681,1.107483507850595,2.0316344414221446,5f35d84893a88f0023c8d7af,-90.8857,189.7714,sparse_max_discrete
