,attention_cost,exp_param,step_size,vm_param,pp_id,ll,AIC,agent_type
0,19.58018810628347,0.06586141661719372,0.7872058014518837,2.955099355429592,5f35d79293a88f0023c8d6a1,-64.25884123992489,136.51768247984978,sparse_max_discrete
