,exp_param,vm_param,pp_id,ll,AIC,agent_type
0,0.07150665350887603,4.95012487589372,5f35da2c93a88f0023c8db97,-63.65939840119888,131.31879680239774,null_model_2
