,attention_cost,exp_param,step_size,vm_param,pp_id,ll,AIC,agent_type
0,7.28485819454368,0.0874759387130808,1.2474930469651688,1.618538690184359,5f360ee993a88f0023c908e8,-91.8327,191.6654,sparse_max_continuous
