,exp_param,vm_param,pp_id,ll,AIC,agent_type
0,0.02048281973028803,3.8298814637428205,5f35d64293a88f0023c8d61c,-82.891261,169.782522,null_model_2
