,exp_param,vm_param,pp_id,ll,AIC,agent_type
0,0.017669261094490504,3.6689768326471492,5f35d8e393a88f0023c8d887,-85.109365,174.21873,lqr
