attention_cost,exp_param,step_size,vm_param,pp_id,ll,AIC,agent_type
0.0,0.0896363140533908,0.0136209874616004,2.030055029338685,5f35e00093a88f0023c8f758,-85.30505511919553,176.61011023839106,hill_climbing
