,exp_param,vm_param,pp_id,ll,AIC,agent_type
0,0.038879431569741836,4.594506791166156,5f35d77893a88f0023c8d691,-71.612883,147.225766,null_model_2
