,exp_param,vm_param,pp_id,ll,AIC,agent_type
0,0.015094949455181788,2.717646694930902,5f35d68993a88f0023c8d637,-94.35408,192.70816,null_model_2
