,exp_param,vm_param,pp_id,ll,AIC,agent_type
0,0.010505647849409303,2.2065503994354794,5f35df1293a88f0023c8f3db,-104.448703,212.897406,lqr
