,exp_param,vm_param,pp_id,ll,AIC,agent_type
0,0.0031945236060413836,2.2352685930523664,5f35d6bc93a88f0023c8d64b,-114.103913,232.207826,lqr
