,exp_param,step_size,vm_param,pp_id,ll,AIC,agent_type
0,0.024856163579156956,0.7739037230768671,2.3678726987875898,5f3626b693a88f0023c91063,-88.946209,183.892418,hill_climbing
