,exp_param,vm_param,pp_id,ll,AIC,agent_type
0,0.004930637400448998,1.9746554650312342,5f35d76593a88f0023c8d688,-111.587374,227.174748,lqr
