,attention_cost,exp_param,step_size,vm_param,pp_id,ll,AIC,agent_type
0,16.371770659153697,0.08707861206210336,0.3448935441465525,2.9808090471980133,5f360eea93a88f0023c908e9,-78.578942,165.157884,sparse_max_discrete
