exp_param,vm_param,pp_id,ll,AIC,agent_type
0.0143890950039432,1.53476136963278,5f35d73d93a88f0023c8d679,-109.44133291590816,222.88266583181635,lqr
