,attention_cost,exp_param,step_size,vm_param,pp_id,ll,AIC,agent_type
0,0.0,0.027930268544299357,0.4419074254177278,3.183517702059162,5f35df8793a88f0023c8f599,-81.16512,168.33024,hill_climbing
