,exp_param,vm_param,pp_id,ll,AIC,agent_type
0,0.006884486312998704,2.2215277340815156,5f35e94193a88f0023c905da,-107.317004,218.634008,null_model_2
