,attention_cost,exp_param,step_size,vm_param,pp_id,ll,AIC,agent_type
0,4.234846579181431,0.004998719532147168,0.6199965690375605,4.422504332510314,5f35dba493a88f0023c8e193,-101.970062,211.940124,sparse_max_continuous
