,exp_param,step_size,vm_param,pp_id,ll,AIC,agent_type
0,0.009110608572919565,0.1178824837805636,2.0794866090246558,5f35d62993a88f0023c8d613,-106.054724,218.109448,hill_climbing
