,b,exp_param,n,vm_param,pp_id,ll,AIC,agent_type
0,1.0246722966400386,0.10432633688943363,4.780217566303824,2.514949207837626,5f35d60a93a88f0023c8d608,-80.7143388099597,169.4286776199194,null_model_1
