,b,exp_param,n,vm_param,pp_id,ll,AIC,agent_type
0,3.2782700096567865,0.02569164479111124,4.812584468952964,2.994855239848071,5f35d5ea93a88f0023c8d5fd,-81.9939905,171.987981,null_model_1
