,attention_cost,exp_param,step_size,vm_param,pp_id,ll,AIC,agent_type
0,0.0,0.056430751395068666,0.4577322437404611,1.99950353683094,5f35dfdb93a88f0023c8f6da,-89.26938,184.53876,hill_climbing
