,attention_cost,exp_param,step_size,vm_param,pp_id,ll,AIC,agent_type
0,0.0,0.09329296353485432,0.1019275439858977,6.174664828116976,5f35d60a93a88f0023c8d608,-55.299962,116.599924,hill_climbing
