,attention_cost,exp_param,step_size,vm_param,pp_id,ll,AIC,agent_type
0,0.0,0.06948365722426408,0.05559691499691838,9.448410678293488,5f35d72593a88f0023c8d671,-48.676896,103.353792,hill_climbing
