,attention_cost,exp_param,step_size,vm_param,pp_id,ll,AIC,agent_type
0,16.83611969084509,0.009644087695619183,0.10336748063882772,3.861678981051264,5f35db0c93a88f0023c8deda,-79.626331,167.252662,sparse_max_discrete
