,attention_cost,exp_param,step_size,vm_param,pp_id,ll,AIC,agent_type
0,16.547556707422277,0.04513098611603516,0.008332348396088707,5.313836698991773,5f35d77893a88f0023c8d691,-71.894454,151.788908,sparse_max_continuous
