,exp_param,vm_param,pp_id,ll,AIC,agent_type
0,0.0022805892277830107,1.572264346959098,5f35d71a93a88f0023c8d66c,-126.868937,257.73787400000003,lqr
