,attention_cost,exp_param,vm_param,pp_id,ll,AIC,agent_type
0,95.68860629771987,0.1613481479526334,3.5784728574292766,5f35d73d93a88f0023c8d679,-66.204338,138.408676,sparse_lqr
