,attention_cost,exp_param,step_size,vm_param,pp_id,ll,AIC,agent_type
0,7.86987178764514,0.0306519555172509,0.0040190866866171016,9.911883892805657,5f35d76593a88f0023c8d688,-62.790151,133.58030200000002,sparse_max_continuous
