,attention_cost,exp_param,vm_param,pp_id,ll,AIC,agent_type
0,175.111843813756,0.028623603596950063,3.7534245719484973,5f36107b93a88f0023c9090e,-83.459676,172.919352,sparse_lqr
