,b,exp_param,n,vm_param,pp_id,ll,AIC,agent_type
0,3.257919749497029,0.011882950883163008,3.7263810719126167,8.510024556844725,5f35d94f93a88f0023c8d95c,-69.94583700000001,147.89167400000002,null_model_1
