,b,exp_param,n,vm_param,pp_id,ll,AIC,agent_type
0,0.8901095742279597,0.005773550668064149,4.152000279176033,1.8627140348510918,5f35d7a693a88f0023c8d6b2,-118.54701050000001,245.09402100000003,null_model_1
