,exp_param,vm_param,pp_id,ll,AIC,agent_type
0,0.02859671884189426,2.897987013157466,5f35d7da93a88f0023c8d703,-86.22284158589619,176.44568317179238,null_model_2
