,exp_param,vm_param,pp_id,ll,AIC,agent_type
0,0.001600126090810167,2.0291111636199988,5f360ea493a88f0023c908e6,-124.159419,252.318838,null_model_2
