,attention_cost,exp_param,step_size,vm_param,pp_id,ll,AIC,agent_type
0,10.075598909785302,0.009281739372083781,0.20480363033753868,4.790828017124128,5f35d68993a88f0023c8d637,-84.099434,176.198868,sparse_max_discrete
