,exp_param,step_size,vm_param,pp_id,ll,AIC,agent_type
0,0.10361578048645817,0.1027763126695056,6.285690312362205,5f35d60a93a88f0023c8d608,-55.294227,116.588454,hill_climbing
