,b,exp_param,n,vm_param,pp_id,ll,AIC,agent_type
0,0.07403505810630873,0.01601738903336072,2.6648167635887616,4.111559685538327,5f35df8293a88f0023c8f57b,-71.6072541,151.2145082,null_model_1
