,exp_param,step_size,vm_param,pp_id,ll,AIC,agent_type
0,0.030429762974625338,0.35594662140433037,2.387973095233673,5f35e0a193a88f0023c8f986,-87.306998,180.613996,hill_climbing
