,attention_cost,exp_param,step_size,vm_param,pp_id,ll,AIC,agent_type
0,7.19514624687174,0.01299198146002685,0.1123586114956292,3.00411088418476,5f35d62693a88f0023c8d611,-89.959081,187.918162,sparse_max_discrete
