,attention_cost,exp_param,step_size,vm_param,pp_id,ll,AIC,agent_type
0,15.069440519770295,0.0951219076842912,1.473160064841559,2.275364408172742,5f35d74693a88f0023c8d67e,-77.099796,162.199592,sparse_max_discrete
