,attention_cost,exp_param,vm_param,pp_id,ll,AIC,agent_type
0,141.1459786315877,0.019122407806068602,4.045529876131089,5f35dc9193a88f0023c8e6bd,-80.65953275591642,165.31906551183283,sparse_lqr
