,exp_param,vm_param,pp_id,ll,AIC,agent_type
0,0.04277519329179219,4.065554736471533,5f35d6af93a88f0023c8d646,-73.17499975084257,150.34999950168515,null_model_2
