attention_cost,exp_param,step_size,vm_param,pp_id,ll,AIC,agent_type
0.0,0.0156498324717515,0.0124379960747143,4.288673707522258,5f35df1293a88f0023c8f3db,-87.40326998076867,180.8065399615373,hill_climbing
