,exp_param,vm_param,pp_id,ll,AIC,agent_type
0,0.02794316104554692,2.403633913305904,5f35d84893a88f0023c8d7af,-91.528969,187.057938,null_model_2
