,exp_param,vm_param,pp_id,ll,AIC,agent_type
0,0.017836778093704767,3.361213991915173,5f35df1293a88f0023c8f3db,-86.773,177.546,null_model_2
