,attention_cost,exp_param,step_size,vm_param,pp_id,ll,AIC,agent_type
0,23.626555189575214,0.1074772929120123,1.4785632355697818,1.7716116443841734,5f35d85593a88f0023c8d7c5,-84.28543780448453,176.57087560896906,sparse_max_discrete
