,attention_cost,exp_param,step_size,vm_param,pp_id,ll,AIC,agent_type
0,0.09189578288229083,0.03080642513276358,0.11066730394760044,4.2090018672392056,5f35d65893a88f0023c8d625,-83.469259,174.938518,sparse_max_continuous
