,exp_param,vm_param,pp_id,ll,AIC,agent_type
0,0.032444333050880035,3.4434480281235147,5f35e0a193a88f0023c8f986,-80.14,164.28,null_model_2
