,exp_param,vm_param,pp_id,ll,AIC,agent_type
0,0.0035049299645301124,0.5328781427979501,5f35dae093a88f0023c8de20,-137.737537,279.475074,lqr
