,b,exp_param,n,vm_param,pp_id,ll,AIC,agent_type
0,0.015918281998444916,0.059782957039620846,1.6463791999770785,6.812929797607831,5f35d79293a88f0023c8d6a1,-51.28870429999999,110.57740859999998,null_model_1
