,b,exp_param,n,vm_param,pp_id,ll,AIC,agent_type
0,0.0,0.001,5.0,1.7568190040563583,5f35dae093a88f0023c8de20,-123.244886,254.489772,null_model_1
