,attention_cost,exp_param,step_size,vm_param,pp_id,ll,AIC,agent_type
0,24.346537448605904,0.06850756328534884,0.40804006095767603,2.1786276690572492,5f35e11793a88f0023c8fa8c,-80.30999471884172,168.61998943768344,sparse_max_discrete
