,exp_param,step_size,vm_param,pp_id,ll,AIC,agent_type
0,0.007832927231336882,0.4965715976958667,1.8494658732225688,5f360f4693a88f0023c908ef,-104.729203,215.458406,hill_climbing
