attention_cost,exp_param,step_size,vm_param,pp_id,ll,AIC,agent_type
24.886372997847527,0.0572571632322283,0.0225323550001714,7.789905561152814,5f35db9193a88f0023c8e13f,-56.768985206020034,121.53797041204008,sparse_max_discrete
