,exp_param,vm_param,pp_id,ll,AIC,agent_type
0,0.02194614200915976,0.5130733466328707,5f35d5ee93a88f0023c8d5fe,-119.71357867367763,243.42715734735526,lqr
