,b,exp_param,n,vm_param,pp_id,ll,AIC,agent_type
0,3.9439019774135256,0.006869341080258409,2.0865833406342986,2.960488415198488,5f35dc7593a88f0023c8e5d3,-90.72484,189.44968,null_model_1
