,exp_param,step_size,vm_param,pp_id,ll,AIC,agent_type
0,0.07675109168625745,0.8876624597124669,2.2513239455720155,5f35d74693a88f0023c8d67e,-83.433964,172.867928,hill_climbing
