,exp_param,vm_param,pp_id,ll,AIC,agent_type
0,0.020962747652603936,4.0635453738364635,5f35dafe93a88f0023c8de97,-80.69392335165873,165.38784670331745,lqr
