,attention_cost,exp_param,step_size,vm_param,pp_id,ll,AIC,agent_type
0,2.364039296028284,0.0069137893577497864,0.582053257549382,1.2463415054411275,5f35d62993a88f0023c8d613,-115.6527,239.3054,sparse_max_discrete
