,exp_param,step_size,vm_param,pp_id,ll,AIC,agent_type
0,0.12294662123061845,0.626709186511977,5.892185737467686,5f35d64493a88f0023c8d61e,-56.026827,118.053654,hill_climbing
