,attention_cost,exp_param,vm_param,pp_id,ll,AIC,agent_type
0,243.42070817254847,0.014589816427621131,9.923572129285468,5f35d78293a88f0023c8d697,-55.155821,116.311642,sparse_lqr
