,exp_param,vm_param,pp_id,ll,AIC,agent_type
0,0.10186840200361719,9.999489347823898,5f35d6ae93a88f0023c8d644,-24.437895684807636,52.87579136961527,null_model_2
