,attention_cost,exp_param,vm_param,pp_id,ll,AIC,agent_type
0,56.64769083050011,0.03844086581517382,6.725869640760665,5f362fb593a88f0023c91191,-63.942313,131.884626,sparse_lqr
