,exp_param,vm_param,pp_id,ll,AIC,agent_type
0,0.033031697823435756,2.4644054348813347,5f35e0a193a88f0023c8f986,-90.113971,184.227942,null_model_2
