,exp_param,vm_param,pp_id,ll,AIC,agent_type
0,0.018947577429231227,1.9608579085970979,5f35d9ad93a88f0023c8da5b,-100.808307,205.616614,null_model_2
