,exp_param,vm_param,pp_id,ll,AIC,agent_type
0,0.005320770073265168,1.2734131694819795,5f35dfdb93a88f0023c8f6da,-123.160644,250.321288,lqr
