,attention_cost,exp_param,step_size,vm_param,pp_id,ll,AIC,agent_type
0,5.083288241329621,0.008262631052584207,0.5916030785435512,1.9520996081406916,5f360f4693a88f0023c908ef,-111.837555,231.67511,sparse_max_discrete
