,exp_param,vm_param,pp_id,ll,AIC,agent_type
0,0.024048991989013432,3.2656896008308456,5f36107b93a88f0023c9090e,-84.589858,173.179716,null_model_2
