,attention_cost,exp_param,step_size,vm_param,pp_id,ll,AIC,agent_type
0,24.931551948744143,0.03885773719435815,1.4585314768402569,9.877459309892703,5f362fb593a88f0023c91191,-52.874152,113.748304,sparse_max_continuous
