,exp_param,step_size,vm_param,pp_id,ll,AIC,agent_type
0,0.04423330029886909,0.5161374594531765,7.22421729960663,5f35d65893a88f0023c8d625,-61.29534,128.59068000000002,hill_climbing
