,b,exp_param,n,vm_param,pp_id,ll,AIC,agent_type
0,7.433497759707322,0.01898808733628045,4.973133496567739,3.976968656554999,5f35d91293a88f0023c8d8e2,-74.79430320000002,157.58860640000003,null_model_1
