attention_cost,exp_param,step_size,vm_param,pp_id,ll,AIC,agent_type
0.5964040151938677,0.0271847758908415,0.0424597320311919,2.462110676030459,5f35d61893a88f0023c8d60c,-88.50319747173755,185.0063949434751,sparse_max_continuous
