,attention_cost,exp_param,step_size,vm_param,pp_id,ll,AIC,agent_type
0,5.033901420484125,0.03415985036710181,0.8840573258195462,1.6656913951146868,5f35d8b893a88f0023c8d833,-92.040977,192.081954,sparse_max_discrete
