,attention_cost,exp_param,step_size,vm_param,pp_id,ll,AIC,agent_type
0,17.129077098404988,0.02968195618839046,0.5218569240660563,1.8497916046886698,5f35d9ad93a88f0023c8da5b,-92.264951,192.529902,sparse_max_discrete
