,b,exp_param,n,vm_param,pp_id,ll,AIC,agent_type
0,6.096956518535258,0.018161295369737707,4.9737608145926,4.374635815236948,5f35d88193a88f0023c8d7ff,-82.58732397983636,173.1746479596727,null_model_1
