,exp_param,step_size,vm_param,pp_id,ll,AIC,agent_type
0,0.04363477881251959,0.3481068880223981,3.233742780503568,5f35df8793a88f0023c8f599,-78.231002,162.462004,hill_climbing
