,attention_cost,exp_param,vm_param,pp_id,ll,AIC,agent_type
0,251.3933886143188,0.008924943318328573,9.89340056166638,5f35d72593a88f0023c8d671,-55.178465,116.35693,sparse_lqr
