,attention_cost,exp_param,step_size,vm_param,pp_id,ll,AIC,agent_type
0,0.0,0.01098490953069627,0.42945886134035116,3.40287040568394,5f35d68993a88f0023c8d637,-90.252018,186.504036,hill_climbing
