,attention_cost,exp_param,step_size,vm_param,pp_id,ll,AIC,agent_type
0,3.5790624031492,0.1298125479442603,0.8031357888225706,0.6388092706026638,5f35e37d93a88f0023c8ffdc,-95.59747,199.19494,sparse_max_discrete
