,attention_cost,exp_param,step_size,vm_param,pp_id,ll,AIC,agent_type
0,1.0481285592685918,0.027553605633942973,0.01664066691693028,7.9696430081409195,5f35dafe93a88f0023c8de97,-44.007307,96.014614,sparse_max_continuous
