,exp_param,vm_param,pp_id,ll,AIC,agent_type
0,0.006129706340903318,1.86775630672119,5f35d7fa93a88f0023c8d725,-111.830531,227.661062,lqr
