,attention_cost,exp_param,vm_param,pp_id,ll,AIC,agent_type
0,240.95983758204218,0.045568287349657476,3.959058493949097,5f3612ca93a88f0023c909a0,-75.089705,156.17941,sparse_lqr
