,attention_cost,exp_param,step_size,vm_param,pp_id,ll,AIC,agent_type
0,27.730843370395192,0.014610976170447633,0.8236731777733785,3.347973791447507,5f35d72b93a88f0023c8d674,-84.53001984125567,177.06003968251133,sparse_max_discrete
