,b,exp_param,n,vm_param,pp_id,ll,AIC,agent_type
0,12.497462552438883,0.013177249536626051,4.989832026091773,5.987447695582702,5f35db0c93a88f0023c8deda,-89.85044418343863,187.70088836687725,null_model_1
