,exp_param,vm_param,pp_id,ll,AIC,agent_type
0,0.003884888425093694,2.977251671376976,5f35d5ea93a88f0023c8d5fd,-105.997788,215.995576,lqr
