,exp_param,vm_param,pp_id,ll,AIC,agent_type
0,0.006856856644335832,2.4490172797474896,5f35e94193a88f0023c905da,-104.997896,213.995792,null_model_2
