,attention_cost,exp_param,step_size,vm_param,pp_id,ll,AIC,agent_type
0,3.8659037721614897,0.041813282344659086,0.8186355976098705,1.4904456279302547,5f360ee993a88f0023c908e8,-90.32195464351379,188.64390928702758,sparse_max_continuous
