,exp_param,vm_param,pp_id,ll,AIC,agent_type
0,0.0407733873404832,9.726387750478041,5f35d6bc93a88f0023c8d64b,-37.5552,79.1104,null_model_2
