,b,exp_param,n,vm_param,pp_id,ll,AIC,agent_type
0,2.322139981120705,0.056662136554307525,1.0364993249187329,4.276306037895864,5f35d6b193a88f0023c8d648,-77.43441505037602,162.86883010075204,null_model_1
