,exp_param,step_size,vm_param,pp_id,ll,AIC,agent_type
0,0.021625043731729597,0.43391221436402805,3.852116296743916,5f35e76793a88f0023c90491,-78.188661,162.377322,hill_climbing
