,exp_param,vm_param,pp_id,ll,AIC,agent_type
0,0.10492342366687417,3.634953005864585,5f35d73d93a88f0023c8d679,-66.531005,137.06201,null_model_2
