,b,exp_param,n,vm_param,pp_id,ll,AIC,agent_type
0,1.342436073574329,0.03055607696148844,4.987757623546388,3.2227277532592535,5f35d78493a88f0023c8d69f,-75.12528070884684,158.2505614176937,null_model_1
