,attention_cost,exp_param,step_size,vm_param,pp_id,ll,AIC,agent_type
0,22.466001640609132,0.028389626924634957,0.3466563306788108,6.044099492106864,5f35d91293a88f0023c8d8e2,-60.8644,129.7288,sparse_max_discrete
