,exp_param,step_size,vm_param,pp_id,ll,AIC,agent_type
0,0.014943723546549853,0.4189300202624101,3.9375211827934544,5f35d68993a88f0023c8d637,-90.850589,187.701178,hill_climbing
