,exp_param,vm_param,pp_id,ll,AIC,agent_type
0,0.029133714669424274,0.45145085133462715,5f35d74293a88f0023c8d67c,-116.96115422776137,237.92230845552274,lqr
