,attention_cost,exp_param,step_size,vm_param,pp_id,ll,AIC,agent_type
0,16.65225270786737,0.00499778978601569,0.011220814252142275,2.9149495324642025,5f36101b93a88f0023c90907,-101.891927,211.783854,sparse_max_discrete
