b,exp_param,n,vm_param,pp_id,ll,AIC,agent_type
2.7867549017025457,0.0136804459253725,3.785784724570016,6.585161036604584,5f35d90c93a88f0023c8d8d0,-59.9758440505971,127.9516881011942,null_model_1
