,attention_cost,exp_param,vm_param,pp_id,ll,AIC,agent_type
0,243.75219125240153,0.2845180331119274,5.278467961179595,5f360ff993a88f0023c90904,-49.016844924778994,102.03368984955799,sparse_lqr
