,attention_cost,exp_param,step_size,vm_param,pp_id,ll,AIC,agent_type
0,1.4337270419446635,0.1546474296325587,0.272166784705685,7.774851061253173,5f35d79293a88f0023c8d6a1,-36.524033,81.048066,sparse_max_discrete
