,attention_cost,exp_param,vm_param,pp_id,ll,AIC,agent_type
0,240.643924172995,0.014355783138806266,1.9769741071594338,5f35d83093a88f0023c8d771,-100.980061,207.960122,sparse_lqr
