,exp_param,step_size,vm_param,pp_id,ll,AIC,agent_type
0,0.03790840652440994,0.20018699848280241,9.581036250682738,5f35d90b93a88f0023c8d8cf,-47.26642,100.53284,hill_climbing
