,attention_cost,exp_param,vm_param,pp_id,ll,AIC,agent_type
0,46.391508497106045,0.020130341948010767,2.539552936094067,5f35d9ad93a88f0023c8da5b,-96.63445833979763,197.26891667959526,sparse_lqr
