,attention_cost,exp_param,step_size,vm_param,pp_id,ll,AIC,agent_type
0,19.303875667224148,0.04645271782456317,0.6953356364275678,3.3475134371366377,5f35d79293a88f0023c8d6a1,-64.9005,137.801,sparse_max_discrete
