exp_param,vm_param,pp_id,ll,AIC,agent_type
0.0013360826102382,1.066992379435906,5f35d77893a88f0023c8d691,-140.20785546544727,284.41571093089453,lqr
