,exp_param,vm_param,pp_id,ll,AIC,agent_type
0,0.02252566664247951,2.9233877430632194,5f35d62693a88f0023c8d611,-88.846394,181.692788,null_model_2
