,attention_cost,exp_param,step_size,vm_param,pp_id,ll,AIC,agent_type
0,0.0,0.08940183407209303,0.5571653051113183,6.703410141759015,5f362dee93a88f0023c91131,-53.99345,113.9869,hill_climbing
