,b,exp_param,n,vm_param,pp_id,ll,AIC,agent_type
0,0.9940066919897794,0.027184775890841558,1.1132259520831784,2.462110676030459,5f35d73d93a88f0023c8d679,-79.90692499999999,167.81384999999997,null_model_1
