,b,exp_param,n,vm_param,pp_id,ll,AIC,agent_type
0,1.0248807156799489,0.037413329509811216,4.25159579128395,2.5348620066189875,5f35e37d93a88f0023c8ffdc,-82.4371591,172.8743182,null_model_1
