,attention_cost,exp_param,step_size,vm_param,pp_id,ll,AIC,agent_type
0,7.191150850596822,0.06913346282738117,0.08120632371705605,4.228945742900796,5f35d74293a88f0023c8d67c,-71.65962846349225,151.3192569269845,sparse_max_continuous
