,exp_param,vm_param,pp_id,ll,AIC,agent_type
0,0.003817515204488556,0.870983723727049,5f35d6f793a88f0023c8d65f,-132.775446,269.550892,lqr
