,exp_param,vm_param,pp_id,ll,AIC,agent_type
0,0.0415362959799921,9.467288904907814,5f35d76793a88f0023c8d689,-54.722401,113.444802,null_model_2
