,b,exp_param,n,vm_param,pp_id,ll,AIC,agent_type
0,2.2828620025084363,0.045073652869208496,4.254334995585913,1.752005941563648,5f361f5693a88f0023c90f72,-96.1331256,200.2662512,null_model_1
