attention_cost,exp_param,step_size,vm_param,pp_id,ll,AIC,agent_type
8.813769979209226,0.0515630656158861,0.0244843095291025,2.0339827469934866,5f35dfdb93a88f0023c8f6da,-90.42667886512442,188.85335773024883,sparse_max_continuous
