,attention_cost,exp_param,step_size,vm_param,pp_id,ll,AIC,agent_type
0,20.577279513464667,0.04218274583650218,0.0585298133198171,7.918882793827622,5f362dee93a88f0023c91131,-64.658506,137.317012,sparse_max_continuous
