,exp_param,vm_param,pp_id,ll,AIC,agent_type
0,0.006789857589614056,1.7320639333403398,5f35d6ae93a88f0023c8d644,-114.09537834367262,232.19075668734524,lqr
