,attention_cost,exp_param,step_size,vm_param,pp_id,ll,AIC,agent_type
0,19.810269126032722,0.07099061684009153,0.5884318042773625,6.058249617851201,5f361ea793a88f0023c90f71,-55.690601,119.381202,sparse_max_discrete
