attention_cost,exp_param,step_size,vm_param,pp_id,ll,AIC,agent_type
0.0,0.0885241565894252,0.1117543641717636,3.482273289849504,5f35d60a93a88f0023c8d608,-71.16007571577398,148.32015143154797,hill_climbing
