,exp_param,vm_param,pp_id,ll,AIC,agent_type
0,0.019917163911199277,1.9747961602438313,5f35d76793a88f0023c8d689,-99.619963,203.239926,lqr
