,attention_cost,exp_param,step_size,vm_param,pp_id,ll,AIC,agent_type
0,20.65465409836576,0.017539701976280162,0.025030060848965474,5.030184842952224,5f35d5ea93a88f0023c8d5fd,-68.118842,144.237684,sparse_max_continuous
