,attention_cost,exp_param,vm_param,pp_id,ll,AIC,agent_type
0,170.08823160242073,0.001,3.842675530319643,5f35e70693a88f0023c90462,-212.77434412329407,429.54868824658814,sparse_lqr
