,attention_cost,exp_param,vm_param,pp_id,ll,AIC,agent_type
0,246.64577976910758,0.026545700038578788,2.4204946067039446,5f35d71a93a88f0023c8d66c,-91.108,186.216,sparse_lqr
