,attention_cost,exp_param,step_size,vm_param,pp_id,ll,AIC,agent_type
0,29.06446423807841,0.043135979626602663,0.7100076596140446,2.2098458419077263,5f35d9ad93a88f0023c8da5b,-95.802355,199.60471,sparse_max_continuous
