,attention_cost,exp_param,vm_param,pp_id,ll,AIC,agent_type
0,175.14324594867958,0.001,4.254402993309001,5f35e70693a88f0023c90462,-213.235738,430.471476,sparse_lqr
