,attention_cost,exp_param,step_size,vm_param,pp_id,ll,AIC,agent_type
0,0.0,0.020772490130129953,0.06914352335594864,2.2523903384276887,5f35d94f93a88f0023c8d95c,-101.8205,209.641,hill_climbing
