exp_param,vm_param,pp_id,ll,AIC,agent_type
0.0644519013997631,9.931630736494103,5f35d72593a88f0023c8d671,-48.78901907867825,101.5780381573565,null_model_2
