,b,exp_param,n,vm_param,pp_id,ll,AIC,agent_type
0,3.7335747588926207,0.034935084625024586,4.9970060357151755,4.449863236459591,5f35db9193a88f0023c8e13f,-73.40559799999998,154.81119599999997,null_model_1
