,attention_cost,exp_param,step_size,vm_param,pp_id,ll,AIC,agent_type
0,15.69769900933141,0.016684935442682614,0.6428591194292795,6.298269846587448,5f35d64293a88f0023c8d61c,-67.584527,143.169054,sparse_max_discrete
