,attention_cost,exp_param,step_size,vm_param,pp_id,ll,AIC,agent_type
0,2.624466286607726,0.22808242654840408,0.47156492417107565,1.7476587635631158,5f361f5693a88f0023c90f72,-75.958442,159.916884,sparse_max_discrete
