,exp_param,step_size,vm_param,pp_id,ll,AIC,agent_type
0,0.03675936131667997,0.34438489987545345,2.6065151890743152,5f35e0a193a88f0023c8f986,-87.196268,180.392536,hill_climbing
