exp_param,vm_param,pp_id,ll,AIC,agent_type
0.0014251265431943,1.214701219086418,5f35d90c93a88f0023c8d8d0,-138.03078482759324,280.0615696551865,lqr
