b,exp_param,n,vm_param,pp_id,ll,AIC,agent_type
1.974126558149984,0.0271847758908415,1.1132259520831784,2.462110676030459,5f35d73993a88f0023c8d677,-88.44571228047911,184.89142456095823,null_model_1
