,attention_cost,exp_param,vm_param,pp_id,ll,AIC,agent_type
0,231.63638874770453,0.004440067119656187,1.6877994944899666,5f35d62993a88f0023c8d613,-110.427628,226.855256,sparse_lqr
