,exp_param,vm_param,pp_id,ll,AIC,agent_type
0,0.0027565589483526404,1.3924852279354416,5f35d74693a88f0023c8d67e,-127.622181,259.244362,lqr
