,attention_cost,exp_param,step_size,vm_param,pp_id,ll,AIC,agent_type
0,0.0,0.07560805609023884,0.0,1.8473701451705349,5f360ee993a88f0023c908e8,-88.54452515573547,183.08905031147094,hill_climbing
