,attention_cost,exp_param,vm_param,pp_id,ll,AIC,agent_type
0,29.345670017328086,0.01894118860373007,4.253562744365359,5f36121793a88f0023c9095f,-76.705372,157.410744,sparse_lqr
