,attention_cost,exp_param,vm_param,pp_id,ll,AIC,agent_type
0,233.5376008729857,0.023072586999626707,4.338317104998367,5f35d8e393a88f0023c8d887,-77.014864,160.029728,sparse_lqr
