,attention_cost,exp_param,step_size,vm_param,pp_id,ll,AIC,agent_type
0,0.0,0.021316355104604008,0.30512148140686535,8.098272510816534,5f35d65393a88f0023c8d623,-61.252597,128.50519400000002,hill_climbing
