attention_cost,exp_param,vm_param,pp_id,ll,AIC,agent_type
277.179603923971,0.0142235240078529,7.275401621969392,5f35d72593a88f0023c8d671,-74.02295323752341,152.04590647504682,sparse_lqr
