,b,exp_param,n,vm_param,pp_id,ll,AIC,agent_type
0,9.770435689134194,0.002413348861433044,2.1237148159530084,2.110591864200795,5f35d72493a88f0023c8d66f,-116.52098869999998,241.04197739999995,null_model_1
