exp_param,vm_param,pp_id,ll,AIC,agent_type
0.0238922161910593,5.190823222119895,5f36107b93a88f0023c9090e,-73.1466638970256,150.2933277940512,null_model_2
