,exp_param,vm_param,pp_id,ll,AIC,agent_type
0,0.020636569326680555,4.092187500517054,5f35dafe93a88f0023c8de97,-80.6956,165.3912,lqr
