,attention_cost,exp_param,step_size,vm_param,pp_id,ll,AIC,agent_type
0,4.703741839382528,0.01955762597523211,0.1050332155788335,4.8634511093703185,5f35d6aa93a88f0023c8d642,-98.865737,205.731474,sparse_max_discrete
