,attention_cost,exp_param,step_size,vm_param,pp_id,ll,AIC,agent_type
0,24.834536941421423,0.0649698358207509,1.494971634191975,5.718649560997781,5f35d6b193a88f0023c8d648,-66.011125,140.02225,sparse_max_discrete
