,attention_cost,exp_param,step_size,vm_param,pp_id,ll,AIC,agent_type
0,0.0,0.1010943991568573,1.2629790692780094,2.6790681909840366,5f35d71c93a88f0023c8d66e,-76.32773723606137,158.65547447212273,hill_climbing
