,attention_cost,exp_param,step_size,vm_param,pp_id,ll,AIC,agent_type
0,27.934119441940243,0.08214129868556211,0.051285008073212845,2.494389145393736,5f35d60a93a88f0023c8d608,-72.56983560471147,153.13967120942294,sparse_max_continuous
