,attention_cost,exp_param,step_size,vm_param,pp_id,ll,AIC,agent_type
0,8.840761246827126,0.2703850464578924,0.8858197833653506,3.8053407720964003,5f36107b93a88f0023c9090e,-68.47917,144.95834,sparse_max_discrete
