,attention_cost,exp_param,vm_param,pp_id,ll,AIC,agent_type
0,79.47586729884281,0.06726849959401313,3.700841979141063,5f35e00093a88f0023c8f758,-72.513485,151.02697,sparse_lqr
