,attention_cost,exp_param,step_size,vm_param,pp_id,ll,AIC,agent_type
0,0.0,0.027203385270750165,0.003085590754456413,6.345200526281448,5f35d93793a88f0023c8d930,-62.112659,130.22531800000002,hill_climbing
