,exp_param,step_size,vm_param,pp_id,ll,AIC,agent_type
0,0.0020390352972432402,0.8152083216364258,2.46313242940263,5f360ea493a88f0023c908e6,-117.17748,240.35496,hill_climbing
