,exp_param,vm_param,pp_id,ll,AIC,agent_type
0,0.07145109490970378,4.961311230747451,5f35da2c93a88f0023c8db97,-63.6594,131.3188,null_model_2
