,attention_cost,exp_param,step_size,vm_param,pp_id,ll,AIC,agent_type
0,0.0,0.08847696160634276,0.0002686125213722801,2.6807151624859116,5f35d74293a88f0023c8d67c,-77.0976,160.1952,hill_climbing
