,attention_cost,exp_param,vm_param,pp_id,ll,AIC,agent_type
0,74.69775506439895,0.03299096190081407,2.1150188342561824,5f35d74693a88f0023c8d67e,-90.537062,187.074124,sparse_lqr
