,b,exp_param,n,vm_param,pp_id,ll,AIC,agent_type
0,2.649154319017871,0.019654036285264288,2.33839735358115,3.0936313095827117,5f35d76593a88f0023c8d688,-82.8824454,173.7648908,null_model_1
