,attention_cost,exp_param,step_size,vm_param,pp_id,ll,AIC,agent_type
0,0.0,0.022173733239879864,0.19731624491727112,6.117139701275524,5f35d90c93a88f0023c8d8d0,-69.5925992244448,145.1851984488896,hill_climbing
