b,exp_param,n,vm_param,pp_id,ll,AIC,agent_type
4.419512946706218,0.0428356927296962,1.1975855385332572,1.5045502836766345,5f35d5ee93a88f0023c8d5fe,-105.14795265263407,218.29590530526812,null_model_1
