exp_param,vm_param,pp_id,ll,AIC,agent_type
0.0183641948679466,1.9989945270353504,5f35d9ad93a88f0023c8da5b,-100.07880292491056,204.1576058498211,null_model_2
