,attention_cost,exp_param,step_size,vm_param,pp_id,ll,AIC,agent_type
0,0.0,0.03336260406042458,0.5197089291932455,5.055952868028588,5f35d78493a88f0023c8d69f,-69.554826,145.109652,hill_climbing
