,b,exp_param,n,vm_param,pp_id,ll,AIC,agent_type
0,5.053084181684564,0.042292667793245725,1.1229200168679854,4.858537587646982,5f35d91293a88f0023c8d8e2,-71.09909360000002,150.19818720000004,null_model_1
