,attention_cost,exp_param,vm_param,pp_id,ll,AIC,agent_type
0,281.1968238543971,0.05709429081952472,2.1366947330294783,5f35d5ee93a88f0023c8d5fe,-87.333745,180.66749,sparse_lqr
