,b,exp_param,n,vm_param,pp_id,ll,AIC,agent_type
0,1.0,0.6397967077677144,1.0,0.7846274205513416,5f35da6493a88f0023c8dc69,-97.27113938911862,202.54227877823723,null_model_1
