exp_param,vm_param,pp_id,ll,AIC,agent_type
0.001,4.149050142344755,5f35e70693a88f0023c90462,-191.45466009917536,386.9093201983508,null_model_2
