,attention_cost,exp_param,step_size,vm_param,pp_id,ll,AIC,agent_type
0,0.0,0.01169827305021754,0.6078079616746103,5.2638323711700234,5f35d68993a88f0023c8d637,-80.781984,167.563968,hill_climbing
