,exp_param,vm_param,pp_id,ll,AIC,agent_type
0,0.029461894819247013,0.6658146465087733,5f36107b93a88f0023c9090e,-114.641189,233.282378,lqr
