,attention_cost,exp_param,vm_param,pp_id,ll,AIC,agent_type
0,76.72525999466524,0.009492254485127829,2.593267094981421,5f35e94193a88f0023c905da,-99.502767,203.005534,sparse_lqr
