exp_param,vm_param,pp_id,ll,AIC,agent_type
0.001822714089777,1.1022503629252844,5f361ea793a88f0023c90f71,-136.6578912420665,277.315782484133,lqr
