,attention_cost,exp_param,step_size,vm_param,pp_id,ll,AIC,agent_type
0,0.4173093127576011,0.051035970677465105,0.821954744104729,4.213306860898978,5f35d71a93a88f0023c8d66c,-86.70597646342353,181.41195292684705,sparse_max_continuous
