,attention_cost,exp_param,step_size,vm_param,pp_id,ll,AIC,agent_type
0,0.0,0.06623553642445859,0.27137365072214864,4.887084624090422,5f35df8293a88f0023c8f57b,-64.086675,134.17335,hill_climbing
