,b,exp_param,n,vm_param,pp_id,ll,AIC,agent_type
0,11.934299153453303,0.02995440723740598,3.6572349317855646,9.92943624735958,5f35d72593a88f0023c8d671,-39.24106,86.48212,null_model_1
