,exp_param,step_size,vm_param,pp_id,ll,AIC,agent_type
0,0.002581793988080003,0.7891143467835899,1.8642401090566607,5f35dba493a88f0023c8e193,-124.898099,255.796198,hill_climbing
