,attention_cost,exp_param,step_size,vm_param,pp_id,ll,AIC,agent_type
0,0.0,0.017678746962301956,0.2835188381625641,1.8789417889798377,5f35dc7593a88f0023c8e5d3,-108.374396,222.748792,hill_climbing
