,exp_param,vm_param,pp_id,ll,AIC,agent_type
0,0.0648160984216953,2.1493378190475196,5f361ea793a88f0023c90f71,-86.0361,176.0722,null_model_2
