,attention_cost,exp_param,step_size,vm_param,pp_id,ll,AIC,agent_type
0,26.379722635239766,0.043722761663299047,0.07418123457330161,7.098716265525678,5f35d76793a88f0023c8d689,-48.29704367257921,104.59408734515841,sparse_max_continuous
