,attention_cost,exp_param,step_size,vm_param,pp_id,ll,AIC,agent_type
0,13.353083750907368,0.04021714982617937,0.5116562873350117,2.1830919465880094,5f35dfdb93a88f0023c8f6da,-84.18149997671001,176.36299995342003,sparse_max_discrete
