,exp_param,vm_param,pp_id,ll,AIC,agent_type
0,0.06935491108234432,2.4059950606397984,5f35d60393a88f0023c8d605,-82.466165,168.93233,null_model_2
