,exp_param,vm_param,pp_id,ll,AIC,agent_type
0,0.0017151204393744336,1.2511203865825138,5f3626b693a88f0023c91063,-135.046123,274.092246,lqr
