,attention_cost,exp_param,vm_param,pp_id,ll,AIC,agent_type
0,31.86914058732996,0.021291993413479867,3.2119038652974785,5f36121793a88f0023c9095f,-75.8811,155.7622,sparse_lqr
