exp_param,vm_param,pp_id,ll,AIC,agent_type
0.0021060698820877,1.3339688136287564,5f35e00093a88f0023c8f758,-132.09468852549242,268.18937705098483,lqr
