,exp_param,vm_param,pp_id,ll,AIC,agent_type
0,0.0019911643166040777,1.523814177005638,5f35dc9193a88f0023c8e6bd,-129.542816,263.085632,lqr
