,exp_param,vm_param,pp_id,ll,AIC,agent_type
0,0.016398738752232564,3.061072173683388,5f3626b693a88f0023c91063,-90.340226,184.680452,null_model_2
