,exp_param,vm_param,pp_id,ll,AIC,agent_type
0,0.023539566820659576,0.9298240467313978,5f35d8b893a88f0023c8d833,-113.85599159295757,231.71198318591513,null_model_2
