,attention_cost,exp_param,step_size,vm_param,pp_id,ll,AIC,agent_type
0,10.962237214507585,0.03939701837333779,0.05603234630066195,5.527348453109589,5f35d6b193a88f0023c8d648,-63.96633950002676,135.93267900005353,sparse_max_continuous
