,attention_cost,exp_param,step_size,vm_param,pp_id,ll,AIC,agent_type
0,0.0,0.12215302440280523,0.1334945569691081,1.9160343379312494,5f360ee993a88f0023c908e8,-91.70255526608871,189.40511053217742,hill_climbing
