attention_cost,exp_param,step_size,vm_param,pp_id,ll,AIC,agent_type
4.445595551332989,0.0026061105526025,0.4165624986724391,2.216772617059505,5f35dba493a88f0023c8e193,-106.81173816535374,221.6234763307075,sparse_max_continuous
