,exp_param,vm_param,pp_id,ll,AIC,agent_type
0,0.05644364870735882,9.216458554313329,5f35d7d693a88f0023c8d6f7,-52.526574,109.053148,null_model_2
