,attention_cost,exp_param,step_size,vm_param,pp_id,ll,AIC,agent_type
0,28.251510397641,0.02959860806044533,0.8882200240201077,8.02067182000811,5f35d64293a88f0023c8d61c,-64.821833,137.643666,sparse_max_discrete
