,attention_cost,exp_param,step_size,vm_param,pp_id,ll,AIC,agent_type
0,0.0,0.03491221101505715,0.4790017044826654,2.671573000308264,5f35d71a93a88f0023c8d66c,-81.03632759118729,168.07265518237458,hill_climbing
