,b,exp_param,n,vm_param,pp_id,ll,AIC,agent_type
0,2.7645097738538738,0.0335806733205605,4.8350317481773795,7.203881803891189,5f35d88193a88f0023c8d7ff,-72.11707220000001,152.23414440000002,null_model_1
