exp_param,vm_param,pp_id,ll,AIC,agent_type
0.015928469507425,1.3797948213287925,5f35dab593a88f0023c8dda2,-110.14550308668252,224.29100617336505,lqr
