,exp_param,vm_param,pp_id,ll,AIC,agent_type
0,0.0038294651067290217,0.20246965053173804,5f361f5693a88f0023c90f72,-138.400907,280.801814,lqr
