,attention_cost,exp_param,vm_param,pp_id,ll,AIC,agent_type
0,48.948492581478995,0.057607503243432945,1.6077607506859448,5f35d5ee93a88f0023c8d5fe,-92.240256,188.480512,sparse_lqr
