,attention_cost,exp_param,step_size,vm_param,pp_id,ll,AIC,agent_type
0,0.0,0.0320659783800923,0.8567636087793502,1.8046850899511557,5f35d83993a88f0023c8d78b,-91.05839247878231,188.11678495756462,hill_climbing
