,exp_param,vm_param,pp_id,ll,AIC,agent_type
0,0.023730793698414153,0.899816534097827,5f35d8b893a88f0023c8d833,-113.86062,231.72124,null_model_2
