exp_param,vm_param,pp_id,ll,AIC,agent_type
0.0412789347010558,2.0654331480559938,5f35dfdb93a88f0023c8f6da,-91.64078973687212,187.28157947374424,null_model_2
