,b,exp_param,n,vm_param,pp_id,ll,AIC,agent_type
0,0.0,0.4709876801893119,2.1615627194630833,10.0,5f362fb593a88f0023c91191,-16.4775496,40.9550992,null_model_1
