,b,exp_param,n,vm_param,pp_id,ll,AIC,agent_type
0,4.84884623729079,0.01459477311093229,1.0222450109702867,5.249767218436524,5f35df8293a88f0023c8f57b,-67.763518,143.527036,null_model_1
