,b,exp_param,n,vm_param,pp_id,ll,AIC,agent_type
0,6.329263090435248,0.0014486290938513083,2.5112858154498867,2.495467853876997,5f360ea493a88f0023c908e6,-122.02043369999998,252.04086739999997,null_model_1
