,attention_cost,exp_param,step_size,vm_param,pp_id,ll,AIC,agent_type
0,0.0,0.030181468935072023,0.21619933321250562,9.903373139380227,5f35dafe93a88f0023c8de97,-37.31361712593001,80.62723425186002,hill_climbing
