attention_cost,exp_param,step_size,vm_param,pp_id,ll,AIC,agent_type
6.4298311745557335,0.0876585299321186,0.1047132881975302,4.240293552912172,5f35d74293a88f0023c8d67c,-71.08652299667946,150.17304599335893,sparse_max_continuous
