,b,exp_param,n,vm_param,pp_id,ll,AIC,agent_type
0,0.10386355986666818,0.0657450205845626,1.543930366603873,9.912993574166283,5f35d76793a88f0023c8d689,-55.8798819,119.7597638,null_model_1
