attention_cost,exp_param,step_size,vm_param,pp_id,ll,AIC,agent_type
29.05728685147654,0.0093264718410575,0.616280666184644,1.9177312149312689,5f35e93693a88f0023c905d9,-105.51064862135014,219.02129724270029,sparse_max_continuous
