,attention_cost,exp_param,vm_param,pp_id,ll,AIC,agent_type
0,249.3323356416568,0.04243477686919541,2.319031885115769,5f35d93793a88f0023c8d930,-87.597801,181.195602,sparse_lqr
