,attention_cost,exp_param,step_size,vm_param,pp_id,ll,AIC,agent_type
0,0.9454561548429474,0.013925225194030125,0.24071200595757042,1.2170428781670761,5f35d9ad93a88f0023c8da5b,-98.615659,205.231318,sparse_max_continuous
