,attention_cost,exp_param,step_size,vm_param,pp_id,ll,AIC,agent_type
0,27.525291168324475,0.06576691119842437,1.4718830305942026,6.298862964371313,5f35d6b193a88f0023c8d648,-64.1398,136.2796,sparse_max_discrete
