,exp_param,step_size,vm_param,pp_id,ll,AIC,agent_type
0,0.09656072629713033,0.07318417258918064,9.994030642174007,5f35d97e93a88f0023c8d9d4,-27.143843,60.287686,hill_climbing
