,exp_param,step_size,vm_param,pp_id,ll,AIC,agent_type
0,0.011975295351119086,0.32458819949482504,1.5170106391380744,5f35d65d93a88f0023c8d629,-109.903623,225.807246,hill_climbing
