,b,exp_param,n,vm_param,pp_id,ll,AIC,agent_type
0,0.5453458355511531,0.1465444706297561,2.0732246237048484,5.334394837266098,5f35d73d93a88f0023c8d679,-69.49757220000001,146.99514440000002,null_model_1
