,attention_cost,exp_param,step_size,vm_param,pp_id,ll,AIC,agent_type
0,23.579212837279655,0.018242329849088596,0.4357974998358714,2.623850801212874,5f35d8e393a88f0023c8d887,-81.676245,171.35249,sparse_max_continuous
