,attention_cost,exp_param,vm_param,pp_id,ll,AIC,agent_type
0,264.54516202545835,0.020287461404439065,1.861026220904115,5f35d9ad93a88f0023c8da5b,-96.978659,199.957318,sparse_lqr
