,attention_cost,exp_param,vm_param,pp_id,ll,AIC,agent_type
0,26.57777737977853,0.02397128854430687,3.1699899261147877,5f35d8e393a88f0023c8d887,-82.10175810291231,168.20351620582463,sparse_lqr
