,exp_param,step_size,vm_param,pp_id,ll,AIC,agent_type
0,0.0490138171131605,0.12797278296630474,9.709591740771414,5f360f1993a88f0023c908ea,-48.737416,103.474832,hill_climbing
