,attention_cost,exp_param,step_size,vm_param,pp_id,ll,AIC,agent_type
0,11.24189974786334,0.02764336258604763,0.16472413048516588,4.135703243680328,5f35df8793a88f0023c8f599,-78.472541,164.945082,sparse_max_discrete
