,attention_cost,exp_param,step_size,vm_param,pp_id,ll,AIC,agent_type
0,0.0,0.04853233696326548,0.29243210970388006,6.215545927572509,5f35df8293a88f0023c8f57b,-62.189964,130.379928,hill_climbing
