exp_param,vm_param,pp_id,ll,AIC,agent_type
0.0035564958848181,0.9159253655347266,5f35d62693a88f0023c8d611,-132.2799399618613,268.5598799237226,lqr
