,attention_cost,exp_param,vm_param,pp_id,ll,AIC,agent_type
0,240.89412790240442,0.01000722401579425,1.390525905819976,5f35d62993a88f0023c8d613,-118.556808,241.113616,sparse_lqr
