,exp_param,vm_param,pp_id,ll,AIC,agent_type
0,0.03243730078151996,3.8409409698187744,5f3612ca93a88f0023c909a0,-77.163888,158.327776,null_model_2
