,exp_param,step_size,vm_param,pp_id,ll,AIC,agent_type
0,0.0340998915361556,0.20333449934788872,8.059454073047785,5f35db0b93a88f0023c8ded5,-63.610558,133.221116,hill_climbing
