attention_cost,exp_param,step_size,vm_param,pp_id,ll,AIC,agent_type
17.31673644548976,0.0242464573026403,0.0482944889460782,2.9994024370712404,5f35df1293a88f0023c8f3db,-82.43974013100816,172.87948026201633,sparse_max_continuous
