,attention_cost,exp_param,step_size,vm_param,pp_id,ll,AIC,agent_type
0,0.11446732864740072,0.046015083198463834,0.16948386782413333,5.136563281168024,5f35e76793a88f0023c90491,-79.438781,166.877562,sparse_max_continuous
