,attention_cost,exp_param,step_size,vm_param,pp_id,ll,AIC,agent_type
0,6.608581465683963,0.07544067952344553,0.774401993236961,3.6530860208014415,5f35d71c93a88f0023c8d66e,-71.4878,150.9756,sparse_max_discrete
