,exp_param,step_size,vm_param,pp_id,ll,AIC,agent_type
0,0.04035001857469531,0.0,9.950964602068986,5f35d78293a88f0023c8d697,-55.02375,116.0475,hill_climbing
