,attention_cost,exp_param,step_size,vm_param,pp_id,ll,AIC,agent_type
0,6.770793094428581,0.04820239827147617,0.04316457282771813,2.7293472272777572,5f35d71a93a88f0023c8d66c,-87.081166,182.162332,sparse_max_continuous
