,exp_param,vm_param,pp_id,ll,AIC,agent_type
0,0.064111086542469,7.648210522850172,5f35d82093a88f0023c8d751,-54.957536,113.915072,null_model_2
