,exp_param,step_size,vm_param,pp_id,ll,AIC,agent_type
0,0.053653686081773774,0.12310908421606764,2.3102069504836855,5f35d5ee93a88f0023c8d5fe,-85.930256,177.860512,hill_climbing
