,b,exp_param,n,vm_param,pp_id,ll,AIC,agent_type
0,2.258366666151538,0.08147635695234612,1.6503139880549038,3.5494991648125964,5f35d6f793a88f0023c8d65f,-65.8830844,139.7661688,null_model_1
