,b,exp_param,n,vm_param,pp_id,ll,AIC,agent_type
0,1.0851007075286274,0.0050251251870480065,3.0435606064184344,2.15485173005989,5f35e94193a88f0023c905da,-107.4446856,222.8893712,null_model_1
