attention_cost,exp_param,vm_param,pp_id,ll,AIC,agent_type
279.5916207590512,0.0149376214026214,2.3436208612142053,5f35d83993a88f0023c8d78b,-100.61964564398856,205.23929128797712,sparse_lqr
