,attention_cost,exp_param,step_size,vm_param,pp_id,ll,AIC,agent_type
0,0.0,0.04296180548164762,0.21156350911714808,4.39790181634888,5f35df8793a88f0023c8f599,-80.4215077817355,166.843015563471,hill_climbing
