,attention_cost,exp_param,step_size,vm_param,pp_id,ll,AIC,agent_type
0,9.555893719536147,0.024230308015034018,0.4561067433095142,9.068233267122599,5f36107b93a88f0023c9090e,-69.15275701356671,146.30551402713343,sparse_max_continuous
