,attention_cost,exp_param,step_size,vm_param,pp_id,ll,AIC,agent_type
0,10.94153170797893,0.044367950844202766,1.0037268915405688,5.4750181299287615,5f35d6af93a88f0023c8d646,-72.47961007280102,152.95922014560205,sparse_max_continuous
