exp_param,vm_param,pp_id,ll,AIC,agent_type
0.0276544496216004,4.73492875905937,5f35d63393a88f0023c8d617,-73.70837540982356,151.41675081964712,null_model_2
