,attention_cost,exp_param,step_size,vm_param,pp_id,ll,AIC,agent_type
0,18.427619909543235,0.025803330059664984,0.04161512880688717,3.2567150321549976,5f3610a993a88f0023c90912,-81.596142,171.192284,sparse_max_continuous
