,attention_cost,exp_param,step_size,vm_param,pp_id,ll,AIC,agent_type
0,19.56051216156044,0.046515196060276015,1.051070447405932,2.150590034345462,5f35d5ee93a88f0023c8d5fe,-87.432717,182.865434,sparse_max_continuous
