,exp_param,step_size,vm_param,pp_id,ll,AIC,agent_type
0,0.08568513026158113,0.0,1.9578271078685985,5f35d80893a88f0023c8d735,-84.72684,175.45368,hill_climbing
