,attention_cost,exp_param,vm_param,pp_id,ll,AIC,agent_type
0,276.25117075834874,0.014791338548813343,5.11264772241794,5f35dafe93a88f0023c8de97,-78.011988,162.023976,sparse_lqr
