,exp_param,vm_param,pp_id,ll,AIC,agent_type
0,0.035388766736842145,7.3082718124592265,5f35d91293a88f0023c8d8e2,-62.564562,129.129124,null_model_2
