,attention_cost,exp_param,step_size,vm_param,pp_id,ll,AIC,agent_type
0,2.6733784451284737,0.011552847166478065,0.04619177906363825,2.495719205123886,5f35d6aa93a88f0023c8d642,-95.161403,198.322806,sparse_max_discrete
