,attention_cost,exp_param,step_size,vm_param,pp_id,ll,AIC,agent_type
0,0.0,0.11460769998696645,0.6153460043708926,9.701327528238263,5f35d72f93a88f0023c8d675,-40.057426116772405,86.11485223354481,hill_climbing
