,attention_cost,exp_param,vm_param,pp_id,ll,AIC,agent_type
0,227.61569660002894,0.031767097550545326,4.803481023681897,5f35d65893a88f0023c8d625,-76.220575,158.44115,sparse_lqr
