,exp_param,step_size,vm_param,pp_id,ll,AIC,agent_type
0,0.05188911459935829,0.6966335662627972,3.9202447036613686,5f35d77893a88f0023c8d690,-77.44267,160.88534,hill_climbing
