,attention_cost,exp_param,step_size,vm_param,pp_id,ll,AIC,agent_type
0,20.163830110978143,0.02913060780881346,1.421500325888927,3.435366103171551,5f35d74693a88f0023c8d67e,-79.637287,167.274574,sparse_max_continuous
