,attention_cost,exp_param,step_size,vm_param,pp_id,ll,AIC,agent_type
0,15.831710362165078,0.09114633629587035,0.8071151867679359,2.187648380748113,5f361ea793a88f0023c90f71,-75.705105,159.41021,sparse_max_discrete
