attention_cost,exp_param,step_size,vm_param,pp_id,ll,AIC,agent_type
19.71789615439597,0.016937482513893,0.3759773304504553,3.8015254675713694,5f35d68993a88f0023c8d637,-83.61056859376362,175.22113718752723,sparse_max_discrete
