attention_cost,exp_param,step_size,vm_param,pp_id,ll,AIC,agent_type
2.712291470843958,0.1298470081581338,0.1578937899941803,1.7272746332288005,5f35d60393a88f0023c8d605,-81.95441619096401,171.90883238192802,sparse_max_continuous
