,attention_cost,exp_param,step_size,vm_param,pp_id,ll,AIC,agent_type
0,5.92281165070072,0.035865758475800626,0.052180738681843475,4.202196172443559,5f35dab593a88f0023c8dda2,-91.251103,190.502206,sparse_max_continuous
