,attention_cost,exp_param,step_size,vm_param,pp_id,ll,AIC,agent_type
0,16.410893027573064,0.004867174772735355,0.4402633145745019,2.183697415487509,5f35e94193a88f0023c905da,-101.3969,210.7938,sparse_max_continuous
