,attention_cost,exp_param,step_size,vm_param,pp_id,ll,AIC,agent_type
0,3.4970934160536435,0.006296778858821605,0.657788487429766,3.629134116668671,5f35dba493a88f0023c8e193,-103.34328975988038,214.68657951976076,sparse_max_continuous
