,exp_param,vm_param,pp_id,ll,AIC,agent_type
0,0.05417543920036798,2.1990358654695474,5f35d5ee93a88f0023c8d5fe,-87.312307,178.624614,null_model_2
