,b,exp_param,n,vm_param,pp_id,ll,AIC,agent_type
0,14.069065033151384,0.007324191195016029,1.1199152558529235,2.031025328599514,5f360f4693a88f0023c908ef,-112.72073789999999,233.44147579999998,null_model_1
