,attention_cost,exp_param,step_size,vm_param,pp_id,ll,AIC,agent_type
0,0.0,0.026841476989296398,0.380273998376837,6.107261779718898,5f35d65393a88f0023c8d623,-63.26789684222257,132.53579368444514,hill_climbing
