,attention_cost,exp_param,step_size,vm_param,pp_id,ll,AIC,agent_type
0,0.8517839005998151,0.04578908109698951,0.041252123212467795,3.5101137859739886,5f35d65893a88f0023c8d625,-83.61794311221153,175.23588622442307,sparse_max_continuous
