b,exp_param,n,vm_param,pp_id,ll,AIC,agent_type
2.946706627471156,0.0712631081739097,2.8960251599522184,3.4916741295707734,5f35d6f793a88f0023c8d65f,-72.35568801738184,152.71137603476367,null_model_1
