,exp_param,vm_param,pp_id,ll,AIC,agent_type
0,0.0027695401007862414,0.9413693502689824,5f360f1993a88f0023c908ea,-133.98294036879656,271.9658807375931,lqr
