,exp_param,vm_param,pp_id,ll,AIC,agent_type
0,0.0119485217645884,1.9629106768481719,5f36121793a88f0023c9095f,-93.608857,191.217714,lqr
