,attention_cost,exp_param,step_size,vm_param,pp_id,ll,AIC,agent_type
0,8.597495565395256,0.23545658561441424,0.5093620442023397,5.57455910249951,5f35d74293a88f0023c8d67c,-45.574301,99.148602,sparse_max_discrete
