attention_cost,exp_param,step_size,vm_param,pp_id,ll,AIC,agent_type
1.8694249741412383,0.0030800144716426,0.2291415806983935,3.0085209833408646,5f360ea493a88f0023c908e6,-113.62375559324636,235.24751118649272,sparse_max_continuous
