attention_cost,exp_param,step_size,vm_param,pp_id,ll,AIC,agent_type
0.0,0.1372112192487794,0.4270303323388374,9.574861677215935,5f35d80393a88f0023c8d729,-45.38372169952156,96.76744339904312,hill_climbing
