,attention_cost,exp_param,vm_param,pp_id,ll,AIC,agent_type
0,211.60344620060417,0.029357786047585967,4.213388377112301,5f35d64293a88f0023c8d61c,-78.296517,162.593034,sparse_lqr
