,attention_cost,exp_param,vm_param,pp_id,ll,AIC,agent_type
0,160.5216243107554,0.0349315556880646,5.21223243514638,5f35d77893a88f0023c8d691,-70.101452,146.202904,sparse_lqr
