,exp_param,step_size,vm_param,pp_id,ll,AIC,agent_type
0,0.01742538418680172,0.04462849462404295,1.7247251431685593,5f35dc9193a88f0023c8e6bd,-100.408917,206.817834,hill_climbing
