,attention_cost,exp_param,vm_param,pp_id,ll,AIC,agent_type
0,220.59992339362338,0.019722287967418085,4.92986806113104,5f35d8e393a88f0023c8d887,-76.82141,159.64282,sparse_lqr
