,attention_cost,exp_param,step_size,vm_param,pp_id,ll,AIC,agent_type
0,17.92339877189081,0.04828100539060366,0.0016452263997239203,5.151336492342811,5f362fb593a88f0023c91191,-65.734943,139.469886,sparse_max_continuous
