,attention_cost,exp_param,vm_param,pp_id,ll,AIC,agent_type
0,160.2333676326487,0.030516497703765282,1.3984345735138315,5f35d77893a88f0023c8d690,-103.6053,211.2106,sparse_lqr
