,attention_cost,exp_param,step_size,vm_param,pp_id,ll,AIC,agent_type
0,0.0,0.01719281281690044,0.17959635178986122,4.18698106130273,5f36121793a88f0023c9095f,-73.566242,153.132484,hill_climbing
