,attention_cost,exp_param,step_size,vm_param,pp_id,ll,AIC,agent_type
0,13.486505151011327,0.05893286355372432,0.06395315168993898,8.420573880065929,5f35d7d693a88f0023c8d6f7,-51.563732,111.127464,sparse_max_continuous
