,b,exp_param,n,vm_param,pp_id,ll,AIC,agent_type
0,8.348117045754332,0.005772621250061142,4.195551688029142,1.2141603036588156,5f35d7a693a88f0023c8d6b2,-122.3217451,252.6434902,null_model_1
