,attention_cost,exp_param,step_size,vm_param,pp_id,ll,AIC,agent_type
0,25.650306686380755,0.04189629208879705,0.007590639653790365,8.151683095275569,5f35d6bc93a88f0023c8d64b,-58.601842,125.203684,sparse_max_discrete
