,attention_cost,exp_param,step_size,vm_param,pp_id,ll,AIC,agent_type
0,3.799776493555852,0.0244706890389007,0.3939103934171132,1.9268084822732356,5f35d72b93a88f0023c8d674,-96.251787,200.503574,sparse_max_continuous
