b,exp_param,n,vm_param,pp_id,ll,AIC,agent_type
7.745474306334555,0.0118778450696755,4.033113041907985,3.199528380776784,5f35d5ea93a88f0023c8d5fd,-87.68968927210854,183.37937854421708,null_model_1
