,exp_param,vm_param,pp_id,ll,AIC,agent_type
0,0.0030708792065492446,2.1348018630302965,5f35d5d093a88f0023c8d5f7,-116.670872,237.341744,lqr
