,attention_cost,exp_param,vm_param,pp_id,ll,AIC,agent_type
0,189.39558734178377,0.04795196506093721,2.194786469035267,5f35d5ee93a88f0023c8d5fe,-87.387546,180.775092,sparse_lqr
