,attention_cost,exp_param,step_size,vm_param,pp_id,ll,AIC,agent_type
0,12.19384496379041,0.040293549195512195,0.6112725673019658,1.813173314588511,5f35d8b893a88f0023c8d833,-104.0945,216.189,sparse_max_discrete
