,attention_cost,exp_param,step_size,vm_param,pp_id,ll,AIC,agent_type
0,11.049803774430503,0.02056003261710735,0.0976315004881983,9.336230364080663,5f35d7d393a88f0023c8d6f4,-43.253365,94.50673,sparse_max_continuous
