,attention_cost,exp_param,step_size,vm_param,pp_id,ll,AIC,agent_type
0,27.897020190561562,0.001,0.0,3.805481846637748,5f35e70693a88f0023c90462,-191.36992331035123,390.73984662070245,sparse_max_continuous
