,attention_cost,exp_param,step_size,vm_param,pp_id,ll,AIC,agent_type
0,26.933830250805027,0.038198852571815864,1.0081756354626494,2.441940497640007,5f35d8e393a88f0023c8d887,-75.06991383115749,158.13982766231499,sparse_max_discrete
