,exp_param,vm_param,pp_id,ll,AIC,agent_type
0,0.007781277640726322,2.0145128915598387,5f35d6b193a88f0023c8d648,-109.689785,223.37957,lqr
