,attention_cost,exp_param,vm_param,pp_id,ll,AIC,agent_type
0,166.22351994937486,0.04116444640369361,5.1535823175381745,5f35d77893a88f0023c8d691,-69.806834,145.613668,sparse_lqr
