,attention_cost,exp_param,vm_param,pp_id,ll,AIC,agent_type
0,291.6961403987742,0.06617774263705771,4.4459086878707605,5f361ea793a88f0023c90f71,-66.305148,138.610296,sparse_lqr
