,attention_cost,exp_param,step_size,vm_param,pp_id,ll,AIC,agent_type
0,17.431814690813976,0.04826442282546965,0.14069178914345715,4.959331039763638,5f35df8293a88f0023c8f57b,-60.755907520185296,129.5118150403706,sparse_max_continuous
