,attention_cost,exp_param,step_size,vm_param,pp_id,ll,AIC,agent_type
0,0.0,0.06010624394098714,0.0,1.6379587288941466,5f35d5ee93a88f0023c8d5fe,-92.88373075499976,191.76746150999952,hill_climbing
