,attention_cost,exp_param,step_size,vm_param,pp_id,ll,AIC,agent_type
0,27.8423026902287,0.01876626752233437,0.8179877076649976,3.5477606834738475,5f35d93793a88f0023c8d930,-83.427324,174.854648,sparse_max_continuous
