,attention_cost,exp_param,step_size,vm_param,pp_id,ll,AIC,agent_type
0,14.19607633394844,0.010608902443853149,0.05422895550549983,4.010822915100593,5f35db0c93a88f0023c8deda,-85.5932,179.1864,sparse_max_discrete
