,attention_cost,exp_param,vm_param,pp_id,ll,AIC,agent_type
0,68.3489408071957,0.02581374630845765,3.1428752481886946,5f35d68993a88f0023c8d637,-89.863061,185.726122,sparse_lqr
