,attention_cost,exp_param,step_size,vm_param,pp_id,ll,AIC,agent_type
0,9.797765556635431,0.03848579548408451,0.052420780896208385,6.057399828810173,5f35d6af93a88f0023c8d646,-62.963256,133.926512,sparse_max_continuous
