,attention_cost,exp_param,vm_param,pp_id,ll,AIC,agent_type
0,248.71620403480742,0.031236057839374602,8.44855515711742,5f35d76793a88f0023c8d689,-57.542856,121.085712,sparse_lqr
