,attention_cost,exp_param,step_size,vm_param,pp_id,ll,AIC,agent_type
0,8.790992340655958,0.02711334796581639,0.19184935873445236,2.6627652059255844,5f35df8793a88f0023c8f599,-81.308409,170.616818,sparse_max_discrete
