,exp_param,step_size,vm_param,pp_id,ll,AIC,agent_type
0,0.055936637822745806,0.5092850285230797,3.6842422195503417,5f35d77893a88f0023c8d690,-77.273081,160.546162,hill_climbing
