attention_cost,exp_param,step_size,vm_param,pp_id,ll,AIC,agent_type
0.0,0.0560906574998588,0.1734431290958121,9.955584781288447,5f35d90b93a88f0023c8d8cf,-45.3329447240863,96.6658894481726,hill_climbing
