,exp_param,vm_param,pp_id,ll,AIC,agent_type
0,0.07541282291098626,6.575663724600402,5f35d80393a88f0023c8d729,-56.937328,117.874656,null_model_2
