,exp_param,vm_param,pp_id,ll,AIC,agent_type
0,0.03394681480247294,7.1194464932579535,5f35d91293a88f0023c8d8e2,-62.5612315961483,129.1224631922966,null_model_2
