,b,exp_param,n,vm_param,pp_id,ll,AIC,agent_type
0,9.929575152696312,0.02645075954304148,3.9175907930246106,7.249167472191191,5f35d7fa93a88f0023c8d725,-52.7417824,113.4835648,null_model_1
