,exp_param,step_size,vm_param,pp_id,ll,AIC,agent_type
0,0.039795011063032015,0.1895819783676943,2.2335124175505907,5f35dab593a88f0023c8dda2,-90.386917,186.773834,hill_climbing
