,b,exp_param,n,vm_param,pp_id,ll,AIC,agent_type
0,4.282386803238378,0.05672506472302438,4.6454050142422485,6.8597941885348925,5f35d76793a88f0023c8d689,-56.97683178261754,121.95366356523508,null_model_1
