,attention_cost,exp_param,step_size,vm_param,pp_id,ll,AIC,agent_type
0,9.990537470136973,0.033378210599206724,0.022928228851246346,9.92632694760171,5f362fb593a88f0023c91191,-52.710936,113.421872,sparse_max_continuous
