,exp_param,vm_param,pp_id,ll,AIC,agent_type
0,0.03590616743856452,5.449786614686641,5f35df8293a88f0023c8f57b,-68.143339,140.286678,null_model_2
