exp_param,vm_param,pp_id,ll,AIC,agent_type
0.0351433169562306,2.434399273116843,5f35d73b93a88f0023c8d678,-88.86047082270534,181.72094164541068,lqr
