,attention_cost,exp_param,step_size,vm_param,pp_id,ll,AIC,agent_type
0,11.24189974786334,0.02764336258604763,0.16472413048516588,4.135703243680328,5f35db0b93a88f0023c8ded5,-80.066132,168.132264,sparse_max_discrete
