,attention_cost,exp_param,step_size,vm_param,pp_id,ll,AIC,agent_type
0,6.712235954354801,0.03057415628532465,0.3585269556353485,8.229448872390972,5f35d91293a88f0023c8d8e2,-56.87157,121.74314,sparse_max_discrete
