,attention_cost,exp_param,vm_param,pp_id,ll,AIC,agent_type
0,46.17433712095775,0.07831913974494112,2.4292120079259147,5f35d60393a88f0023c8d605,-81.535206,169.070412,sparse_lqr
