,attention_cost,exp_param,step_size,vm_param,pp_id,ll,AIC,agent_type
0,20.902741995203773,0.01935368285197865,0.17508571197526784,5.348360247587256,5f35d63393a88f0023c8d617,-72.134743,152.269486,sparse_max_continuous
