,b,exp_param,n,vm_param,pp_id,ll,AIC,agent_type
0,5.45084607113697,0.047744998465357694,1.0761837989546663,9.2859476175976,5f35d7d393a88f0023c8d6f4,-49.81454029999999,107.62908059999998,null_model_1
