,exp_param,step_size,vm_param,pp_id,ll,AIC,agent_type
0,0.0348569025173924,0.4457714546886727,3.98979632620995,5f35df8793a88f0023c8f599,-77.365651,160.731302,hill_climbing
