,attention_cost,exp_param,step_size,vm_param,pp_id,ll,AIC,agent_type
0,0.0,0.009083863317053874,0.009302955863072615,2.105991617477554,5f35e94193a88f0023c905da,-116.3596,238.7192,hill_climbing
