,attention_cost,exp_param,vm_param,pp_id,ll,AIC,agent_type
0,191.80727357432917,0.057941565575715635,2.5433304042440605,5f35d60393a88f0023c8d605,-82.664052,171.328104,sparse_lqr
