,attention_cost,exp_param,vm_param,pp_id,ll,AIC,agent_type
0,26.83948203023946,0.022182000249823256,2.0672479372097765,5f35e76793a88f0023c90491,-90.9366,185.8732,sparse_lqr
