,attention_cost,exp_param,vm_param,pp_id,ll,AIC,agent_type
0,283.7474394328586,0.012457107118572914,7.527787103940068,5f35d78293a88f0023c8d697,-55.68586,117.37172,sparse_lqr
