,b,exp_param,n,vm_param,pp_id,ll,AIC,agent_type
0,5.755869645837485,0.020985749904574646,2.1745206342696757,7.004403454218534,5f35d73b93a88f0023c8d678,-63.74838340000001,135.49676680000002,null_model_1
