,attention_cost,exp_param,step_size,vm_param,pp_id,ll,AIC,agent_type
0,5.202047658490531,0.12528148796992927,1.416868843916651,3.593697219557991,5f35d74693a88f0023c8d67e,-67.65802497316703,143.31604994633406,sparse_max_discrete
