,attention_cost,exp_param,step_size,vm_param,pp_id,ll,AIC,agent_type
0,0.0,0.0026779738318802185,0.8258653570487191,2.884248233649088,5f35dba493a88f0023c8e193,-108.96205,223.9241,hill_climbing
