,attention_cost,exp_param,vm_param,pp_id,ll,AIC,agent_type
0,280.6418408593932,0.01966621772381818,5.397491034610481,5f35d64293a88f0023c8d61c,-75.421607,154.843214,sparse_lqr
