,attention_cost,exp_param,step_size,vm_param,pp_id,ll,AIC,agent_type
0,5.35252064654999,0.050094677000189866,0.05567155642692384,3.995094542981632,5f35d70093a88f0023c8d662,-74.72689799129408,157.45379598258816,sparse_max_continuous
