,attention_cost,exp_param,step_size,vm_param,pp_id,ll,AIC,agent_type
0,29.146535059849043,0.0135393171607327,0.686513997749756,2.5419557949509377,5f35e93693a88f0023c905d9,-102.195909,212.391818,sparse_max_continuous
