attention_cost,exp_param,step_size,vm_param,pp_id,ll,AIC,agent_type
27.91256056143266,0.0359332502665089,0.0038964930775517,3.208763651680957,5f3612ca93a88f0023c909a0,-83.45968818143213,174.91937636286426,sparse_max_continuous
