,exp_param,step_size,vm_param,pp_id,ll,AIC,agent_type
0,0.06484431843766308,0.0,2.609881596868278,5f360ee993a88f0023c908e8,-72.795627,151.591254,hill_climbing
