exp_param,vm_param,pp_id,ll,AIC,agent_type
0.0520797423412084,0.3918552688858023,5f35d80893a88f0023c8d735,-111.5590709152414,227.1181418304828,lqr
