,attention_cost,exp_param,vm_param,pp_id,ll,AIC,agent_type
0,240.36759145292592,0.0069487934194270755,1.9278868831906715,5f35e93693a88f0023c905d9,-106.651082,217.302164,sparse_lqr
