,exp_param,vm_param,pp_id,ll,AIC,agent_type
0,0.010271743906411078,2.136403983053298,5f35df1293a88f0023c8f3db,-104.43937479160186,212.87874958320373,lqr
