,b,exp_param,n,vm_param,pp_id,ll,AIC,agent_type
0,2.529868375098906,0.04540419556218244,4.908920941403419,1.757340708013938,5f35d77893a88f0023c8d690,-84.81070609999999,177.62141219999998,null_model_1
