,attention_cost,exp_param,vm_param,pp_id,ll,AIC,agent_type
0,243.56227713420026,0.001,2.8446971922825655,5f360ea493a88f0023c908e6,-119.07512936998761,242.15025873997521,sparse_lqr
