,exp_param,step_size,vm_param,pp_id,ll,AIC,agent_type
0,0.0562009300821122,0.05858395766473368,2.2781834654335933,5f35d5ee93a88f0023c8d5fe,-85.705538,177.411076,hill_climbing
