,attention_cost,exp_param,vm_param,pp_id,ll,AIC,agent_type
0,281.54529791355026,0.01876910410860901,5.793335426391364,5f35dafe93a88f0023c8de97,-75.759158,157.518316,sparse_lqr
