,attention_cost,exp_param,step_size,vm_param,pp_id,ll,AIC,agent_type
0,6.448247251405656,0.04967437669336044,0.09094896049932977,4.165189575711116,5f35d88193a88f0023c8d7ff,-66.532207,141.064414,sparse_max_continuous
