,attention_cost,exp_param,step_size,vm_param,pp_id,ll,AIC,agent_type
0,5.43665732086067,0.010376142536367393,0.05905699489602356,1.8489964469677977,5f35e94193a88f0023c905da,-107.62394625436966,223.2478925087393,sparse_max_continuous
